episode,reward,service_level,agent0_rule0,agent0_rule1,agent0_rule2,agent1_rule0,agent1_rule1,agent1_rule2,agent2_rule0,agent2_rule1,agent2_rule2,agent0_order_variance,agent1_order_variance,agent2_order_variance,agent0_bullwhip,agent1_bullwhip,agent2_bullwhip
0,-281.81333333333333,0.0,0.03500000014901161,0.9350000023841858,0.029999999329447746,0.03500000014901161,0.9350000023841858,0.029999999329447746,0.9300000071525574,0.03500000014901161,0.03500000014901161,0.0,0.0,0.0,0.0,0.0,0.0
1,-72.48566666666663,0.0,0.03500000014901161,0.9350000023841858,0.029999999329447746,0.03500000014901161,0.925000011920929,0.03999999910593033,0.03500000014901161,0.9350000023841858,0.029999999329447746,0.0,0.0,0.0,0.0,0.0,0.0
2,-285.45166666666677,0.0,0.054999999701976776,0.8799999952316284,0.06499999761581421,0.054999999701976776,0.8799999952316284,0.06499999761581421,0.8849999904632568,0.05999999865889549,0.054999999701976776,0.0,0.0,0.0,0.0,0.0,0.0
3,-40.503666666666675,0.0,0.9399999976158142,0.029999999329447746,0.029999999329447746,0.9399999976158142,0.029999999329447746,0.029999999329447746,0.9399999976158142,0.029999999329447746,0.029999999329447746,0.0,0.0,0.0,0.0,0.0,0.0
4,-217.07866666666666,0.0,0.03500000014901161,0.9350000023841858,0.029999999329447746,0.03500000014901161,0.9350000023841858,0.029999999329447746,0.9399999976158142,0.029999999329447746,0.029999999329447746,0.0,0.0,0.0,0.0,0.0,0.0
5,-155.63133333333334,0.0,0.03500000014901161,0.9350000023841858,0.029999999329447746,0.03999999910593033,0.9300000071525574,0.029999999329447746,0.03500000014901161,0.9350000023841858,0.029999999329447746,0.0,0.0,0.0,0.0,0.0,0.0
6,-29.97166666666669,0.0,0.03500000014901161,0.9350000023841858,0.029999999329447746,0.03500000014901161,0.9350000023841858,0.029999999329447746,0.03500000014901161,0.9350000023841858,0.029999999329447746,0.0,0.0,0.0,0.0,0.0,0.0
7,-178.88533333333328,0.0,0.05000000074505806,0.8849999904632568,0.06499999761581421,0.07000000029802322,0.8799999952316284,0.05000000074505806,0.8849999904632568,0.03999999910593033,0.07500000298023224,0.0,0.0,0.0,0.0,0.0,0.0
8,-155.7386666666667,0.0,0.9399999976158142,0.029999999329447746,0.029999999329447746,0.9399999976158142,0.029999999329447746,0.029999999329447746,0.9399999976158142,0.029999999329447746,0.029999999329447746,0.0,0.0,0.0,0.0,0.0,0.0
9,-261.7193333333334,0.0,0.05000000074505806,0.9100000262260437,0.03999999910593033,0.04500000178813934,0.8899999856948853,0.06499999761581421,0.8949999809265137,0.03999999910593033,0.06499999761581421,0.0,0.0,0.0,0.0,0.0,0.0
10,-47.895666666666656,0.0,0.03500000014901161,0.9350000023841858,0.029999999329447746,0.03999999910593033,0.9300000071525574,0.029999999329447746,0.03500000014901161,0.9350000023841858,0.029999999329447746,0.0,0.0,0.0,0.0,0.0,0.0
11,-96.288,0.0,0.05000000074505806,0.8899999856948853,0.05999999865889549,0.8899999856948853,0.054999999701976776,0.054999999701976776,0.8949999809265137,0.03999999910593033,0.06499999761581421,0.0,0.0,0.0,0.0,0.0,0.0
12,-253.23399999999987,0.0,0.03500000014901161,0.9350000023841858,0.029999999329447746,0.03999999910593033,0.925000011920929,0.03500000014901161,0.03500000014901161,0.9350000023841858,0.029999999329447746,0.0,0.0,0.0,0.0,0.0,0.0
13,-237.38700000000014,0.0,0.03500000014901161,0.029999999329447746,0.9350000023841858,0.03500000014901161,0.9350000023841858,0.029999999329447746,0.9399999976158142,0.029999999329447746,0.029999999329447746,0.0,0.0,0.0,0.0,0.0,0.0
14,-49.80466666666667,0.0,0.03500000014901161,0.9350000023841858,0.029999999329447746,0.03500000014901161,0.9300000071525574,0.03500000014901161,0.03500000014901161,0.9350000023841858,0.029999999329447746,0.0,0.0,0.0,0.0,0.0,0.0
15,-81.37133333333331,0.0,0.03500000014901161,0.9350000023841858,0.029999999329447746,0.03999999910593033,0.9300000071525574,0.029999999329447746,0.03500000014901161,0.9350000023841858,0.029999999329447746,0.0,0.0,0.0,0.0,0.0,0.0
16,-44.59733333333331,0.0,0.03500000014901161,0.9350000023841858,0.029999999329447746,0.03500000014901161,0.9350000023841858,0.029999999329447746,0.03500000014901161,0.9350000023841858,0.029999999329447746,0.0,0.0,0.0,0.0,0.0,0.0
17,-95.64833333333333,0.0,0.03500000014901161,0.9350000023841858,0.029999999329447746,0.03500000014901161,0.9350000023841858,0.029999999329447746,0.03500000014901161,0.9350000023841858,0.029999999329447746,0.0,0.0,0.0,0.0,0.0,0.0
18,-64.67799999999997,0.0,0.03500000014901161,0.9350000023841858,0.029999999329447746,0.03500000014901161,0.9350000023841858,0.029999999329447746,0.03500000014901161,0.9350000023841858,0.029999999329447746,0.0,0.0,0.0,0.0,0.0,0.0
19,-166.947,0.0,0.06499999761581421,0.8999999761581421,0.03500000014901161,0.054999999701976776,0.8949999809265137,0.05000000074505806,0.8999999761581421,0.054999999701976776,0.04500000178813934,0.0,0.0,0.0,0.0,0.0,0.0
20,-123.80799999999999,0.0,0.054999999701976776,0.9049999713897705,0.03999999910593033,0.05000000074505806,0.8999999761581421,0.05000000074505806,0.8999999761581421,0.03999999910593033,0.05999999865889549,0.0,0.0,0.0,0.0,0.0,0.0
21,-108.54200000000004,0.0,0.03500000014901161,0.9350000023841858,0.029999999329447746,0.03999999910593033,0.9300000071525574,0.029999999329447746,0.03500000014901161,0.9350000023841858,0.029999999329447746,0.0,0.0,0.0,0.0,0.0,0.0
22,-177.43599999999998,0.0,0.03500000014901161,0.9350000023841858,0.029999999329447746,0.03500000014901161,0.925000011920929,0.03999999910593033,0.03500000014901161,0.9350000023841858,0.029999999329447746,0.0,0.0,0.0,0.0,0.0,0.0
23,-277.22133333333335,0.0,0.03500000014901161,0.9350000023841858,0.029999999329447746,0.03500000014901161,0.9350000023841858,0.029999999329447746,0.03500000014901161,0.9350000023841858,0.029999999329447746,0.0,0.0,0.0,0.0,0.0,0.0
24,-34.0726666666667,0.0,0.03500000014901161,0.9350000023841858,0.029999999329447746,0.04500000178813934,0.9200000166893005,0.03500000014901161,0.03500000014901161,0.9350000023841858,0.029999999329447746,0.0,0.0,0.0,0.0,0.0,0.0
25,-48.914333333333296,0.0,0.03500000014901161,0.9350000023841858,0.029999999329447746,0.03999999910593033,0.925000011920929,0.03500000014901161,0.9300000071525574,0.029999999329447746,0.03999999910593033,0.0,0.0,0.0,0.0,0.0,0.0
26,-58.35166666666666,0.0,0.03500000014901161,0.9350000023841858,0.029999999329447746,0.03500000014901161,0.9350000023841858,0.029999999329447746,0.9399999976158142,0.029999999329447746,0.029999999329447746,0.0,0.0,0.0,0.0,0.0,0.0
27,-261.4903333333334,0.0,0.04500000178813934,0.8899999856948853,0.06499999761581421,0.04500000178813934,0.8849999904632568,0.07000000029802322,0.8949999809265137,0.03999999910593033,0.06499999761581421,0.0,0.0,0.0,0.0,0.0,0.0
28,-41.02366666666669,0.0,0.03500000014901161,0.9350000023841858,0.029999999329447746,0.03500000014901161,0.9350000023841858,0.029999999329447746,0.9350000023841858,0.029999999329447746,0.03500000014901161,0.0,0.0,0.0,0.0,0.0,0.0
29,-350.9736666666665,0.0,0.03500000014901161,0.9350000023841858,0.029999999329447746,0.03999999910593033,0.9150000214576721,0.04500000178813934,0.03999999910593033,0.925000011920929,0.03500000014901161,0.0,0.0,0.0,0.0,0.0,0.0
30,-41.92133333333333,0.0,0.03500000014901161,0.9350000023841858,0.029999999329447746,0.03500000014901161,0.9350000023841858,0.029999999329447746,0.03500000014901161,0.9350000023841858,0.029999999329447746,0.0,0.0,0.0,0.0,0.0,0.0
31,-196.24099999999996,0.0,0.03500000014901161,0.8899999856948853,0.07500000298023224,0.05999999865889549,0.8899999856948853,0.05000000074505806,0.8949999809265137,0.03500000014901161,0.07000000029802322,0.0,0.0,0.0,0.0,0.0,0.0
32,-246.45266666666663,0.0,0.03500000014901161,0.8999999761581421,0.06499999761581421,0.9100000262260437,0.04500000178813934,0.04500000178813934,0.9100000262260437,0.05000000074505806,0.03999999910593033,0.0,0.0,0.0,0.0,0.0,0.0
33,-311.5446666666667,0.0,0.03500000014901161,0.029999999329447746,0.9350000023841858,0.04500000178813934,0.925000011920929,0.029999999329447746,0.03500000014901161,0.9350000023841858,0.029999999329447746,0.0,0.0,0.0,0.0,0.0,0.0
34,-253.26966666666678,0.0,0.03999999910593033,0.8999999761581421,0.05999999865889549,0.06499999761581421,0.8999999761581421,0.03500000014901161,0.9049999713897705,0.05000000074505806,0.04500000178813934,0.0,0.0,0.0,0.0,0.0,0.0
35,-75.69199999999996,0.0,0.03500000014901161,0.9350000023841858,0.029999999329447746,0.9399999976158142,0.029999999329447746,0.029999999329447746,0.9399999976158142,0.029999999329447746,0.029999999329447746,0.0,0.0,0.0,0.0,0.0,0.0
36,-45.288666666666686,0.0,0.03500000014901161,0.9350000023841858,0.029999999329447746,0.04500000178813934,0.9200000166893005,0.03500000014901161,0.03500000014901161,0.9350000023841858,0.029999999329447746,0.0,0.0,0.0,0.0,0.0,0.0
37,-44.70033333333335,0.0,0.03500000014901161,0.9350000023841858,0.029999999329447746,0.05000000074505806,0.9200000166893005,0.029999999329447746,0.03500000014901161,0.9350000023841858,0.029999999329447746,0.0,0.0,0.0,0.0,0.0,0.0
38,-105.23600000000006,0.0,0.03500000014901161,0.9350000023841858,0.029999999329447746,0.03500000014901161,0.9350000023841858,0.029999999329447746,0.03500000014901161,0.9350000023841858,0.029999999329447746,0.0,0.0,0.0,0.0,0.0,0.0
39,-35.46833333333334,0.0,0.03500000014901161,0.9350000023841858,0.029999999329447746,0.03500000014901161,0.9350000023841858,0.029999999329447746,0.9350000023841858,0.029999999329447746,0.03500000014901161,0.0,0.0,0.0,0.0,0.0,0.0
40,-45.13366666666665,0.0,0.03500000014901161,0.9350000023841858,0.029999999329447746,0.03999999910593033,0.9200000166893005,0.03999999910593033,0.03999999910593033,0.9300000071525574,0.029999999329447746,0.0,0.0,0.0,0.0,0.0,0.0
41,-122.60133333333333,0.0,0.03500000014901161,0.029999999329447746,0.9350000023841858,0.03500000014901161,0.9350000023841858,0.029999999329447746,0.03500000014901161,0.9350000023841858,0.029999999329447746,0.0,0.0,0.0,0.0,0.0,0.0
42,-361.5903333333333,0.0,0.03500000014901161,0.9350000023841858,0.029999999329447746,0.03500000014901161,0.029999999329447746,0.9350000023841858,0.03500000014901161,0.9350000023841858,0.029999999329447746,0.0,0.0,0.0,0.0,0.0,0.0
43,-34.60766666666666,0.0,0.03500000014901161,0.9350000023841858,0.029999999329447746,0.03999999910593033,0.9300000071525574,0.029999999329447746,0.03500000014901161,0.9350000023841858,0.029999999329447746,0.0,0.0,0.0,0.0,0.0,0.0
44,-471.6589999999998,0.0,0.9399999976158142,0.029999999329447746,0.029999999329447746,0.9399999976158142,0.029999999329447746,0.029999999329447746,0.9399999976158142,0.029999999329447746,0.029999999329447746,0.0,0.0,0.0,0.0,0.0,0.0
45,-48.76333333333334,0.0,0.03500000014901161,0.9350000023841858,0.029999999329447746,0.03500000014901161,0.9350000023841858,0.029999999329447746,0.03500000014901161,0.9350000023841858,0.029999999329447746,0.0,0.0,0.0,0.0,0.0,0.0
46,-57.28599999999997,0.0,0.03500000014901161,0.9350000023841858,0.029999999329447746,0.03999999910593033,0.9300000071525574,0.029999999329447746,0.9399999976158142,0.029999999329447746,0.029999999329447746,0.0,0.0,0.0,0.0,0.0,0.0
47,-142.3820000000001,0.0,0.03500000014901161,0.9350000023841858,0.029999999329447746,0.9399999976158142,0.029999999329447746,0.029999999329447746,0.9399999976158142,0.029999999329447746,0.029999999329447746,0.0,0.0,0.0,0.0,0.0,0.0
48,-221.65533333333326,0.0,0.03500000014901161,0.9350000023841858,0.029999999329447746,0.03500000014901161,0.9350000023841858,0.029999999329447746,0.9399999976158142,0.029999999329447746,0.029999999329447746,0.0,0.0,0.0,0.0,0.0,0.0
49,-34.75366666666665,0.0,0.03500000014901161,0.029999999329447746,0.9350000023841858,0.04500000178813934,0.029999999329447746,0.925000011920929,0.03500000014901161,0.029999999329447746,0.9350000023841858,0.0,0.0,0.0,0.0,0.0,0.0
50,-327.27333333333326,0.0,0.03500000014901161,0.9350000023841858,0.029999999329447746,0.03500000014901161,0.029999999329447746,0.9350000023841858,0.03500000014901161,0.029999999329447746,0.9350000023841858,0.0,0.0,0.0,0.0,0.0,0.0
51,-35.573,0.0,0.03500000014901161,0.9350000023841858,0.029999999329447746,0.03999999910593033,0.9300000071525574,0.029999999329447746,0.03500000014901161,0.9350000023841858,0.029999999329447746,0.0,0.0,0.0,0.0,0.0,0.0
52,-334.14799999999997,0.0,0.03500000014901161,0.9350000023841858,0.029999999329447746,0.9399999976158142,0.029999999329447746,0.029999999329447746,0.9399999976158142,0.029999999329447746,0.029999999329447746,0.0,0.0,0.0,0.0,0.0,0.0
53,-467.38066666666634,0.0,0.04500000178813934,0.8799999952316284,0.07500000298023224,0.09000000357627869,0.8799999952316284,0.029999999329447746,0.8849999904632568,0.054999999701976776,0.05999999865889549,0.0,0.0,0.0,0.0,0.0,0.0
54,-67.43533333333333,0.0,0.03500000014901161,0.9350000023841858,0.029999999329447746,0.03500000014901161,0.9350000023841858,0.029999999329447746,0.03500000014901161,0.9350000023841858,0.029999999329447746,0.0,0.0,0.0,0.0,0.0,0.0
55,-80.67699999999999,0.0,0.03500000014901161,0.9350000023841858,0.029999999329447746,0.03999999910593033,0.9300000071525574,0.029999999329447746,0.03500000014901161,0.9350000023841858,0.029999999329447746,0.0,0.0,0.0,0.0,0.0,0.0
56,-227.27399999999997,0.0,0.03500000014901161,0.9350000023841858,0.029999999329447746,0.03500000014901161,0.9350000023841858,0.029999999329447746,0.03500000014901161,0.9350000023841858,0.029999999329447746,0.0,0.0,0.0,0.0,0.0,0.0
57,-426.56133333333344,0.0,0.03500000014901161,0.9350000023841858,0.029999999329447746,0.9399999976158142,0.029999999329447746,0.029999999329447746,0.9399999976158142,0.029999999329447746,0.029999999329447746,0.0,0.0,0.0,0.0,0.0,0.0
58,-121.84933333333338,0.0,0.9399999976158142,0.029999999329447746,0.029999999329447746,0.9399999976158142,0.029999999329447746,0.029999999329447746,0.9399999976158142,0.029999999329447746,0.029999999329447746,0.0,0.0,0.0,0.0,0.0,0.0
59,-307.5209999999999,0.0,0.03500000014901161,0.029999999329447746,0.9350000023841858,0.03500000014901161,0.029999999329447746,0.9350000023841858,0.03500000014901161,0.9350000023841858,0.029999999329447746,0.0,0.0,0.0,0.0,0.0,0.0
60,-245.9203333333334,0.0,0.03500000014901161,0.029999999329447746,0.9350000023841858,0.03500000014901161,0.9350000023841858,0.029999999329447746,0.03500000014901161,0.9350000023841858,0.029999999329447746,0.0,0.0,0.0,0.0,0.0,0.0
61,-122.22933333333334,0.0,0.03500000014901161,0.9350000023841858,0.029999999329447746,0.03500000014901161,0.9350000023841858,0.029999999329447746,0.03500000014901161,0.9350000023841858,0.029999999329447746,0.0,0.0,0.0,0.0,0.0,0.0
62,-164.005,0.0,0.03500000014901161,0.9350000023841858,0.029999999329447746,0.04500000178813934,0.9200000166893005,0.03500000014901161,0.03500000014901161,0.9350000023841858,0.029999999329447746,0.0,0.0,0.0,0.0,0.0,0.0
63,-31.690666666666658,0.0,0.03500000014901161,0.9350000023841858,0.029999999329447746,0.03500000014901161,0.9350000023841858,0.029999999329447746,0.9399999976158142,0.029999999329447746,0.029999999329447746,0.0,0.0,0.0,0.0,0.0,0.0
64,-90.25599999999999,0.0,0.03999999910593033,0.9200000166893005,0.03999999910593033,0.05000000074505806,0.9100000262260437,0.03999999910593033,0.9150000214576721,0.04500000178813934,0.03999999910593033,0.0,0.0,0.0,0.0,0.0,0.0
65,-45.785999999999994,0.0,0.03500000014901161,0.9350000023841858,0.029999999329447746,0.05000000074505806,0.9200000166893005,0.029999999329447746,0.9150000214576721,0.04500000178813934,0.03999999910593033,0.0,0.0,0.0,0.0,0.0,0.0
66,-82.24566666666665,0.0,0.03500000014901161,0.9350000023841858,0.029999999329447746,0.03500000014901161,0.9350000023841858,0.029999999329447746,0.9399999976158142,0.029999999329447746,0.029999999329447746,0.0,0.0,0.0,0.0,0.0,0.0
67,-219.303,0.0,0.04500000178813934,0.8949999809265137,0.05999999865889549,0.06499999761581421,0.8849999904632568,0.05000000074505806,0.8899999856948853,0.04500000178813934,0.06499999761581421,0.0,0.0,0.0,0.0,0.0,0.0
68,-179.63100000000003,0.0,0.03500000014901161,0.9350000023841858,0.029999999329447746,0.04500000178813934,0.925000011920929,0.029999999329447746,0.03500000014901161,0.9350000023841858,0.029999999329447746,0.0,0.0,0.0,0.0,0.0,0.0
69,-204.83700000000005,0.0,0.03500000014901161,0.9350000023841858,0.029999999329447746,0.9399999976158142,0.029999999329447746,0.029999999329447746,0.9399999976158142,0.029999999329447746,0.029999999329447746,0.0,0.0,0.0,0.0,0.0,0.0
70,-54.056333333333306,0.0,0.03500000014901161,0.9350000023841858,0.029999999329447746,0.03500000014901161,0.9350000023841858,0.029999999329447746,0.9399999976158142,0.029999999329447746,0.029999999329447746,0.0,0.0,0.0,0.0,0.0,0.0
71,-317.31266666666676,0.0,0.03500000014901161,0.9350000023841858,0.029999999329447746,0.03500000014901161,0.9300000071525574,0.03500000014901161,0.03500000014901161,0.9350000023841858,0.029999999329447746,0.0,0.0,0.0,0.0,0.0,0.0
72,-225.983,0.0,0.03500000014901161,0.9350000023841858,0.029999999329447746,0.03500000014901161,0.9300000071525574,0.03500000014901161,0.03500000014901161,0.9350000023841858,0.029999999329447746,0.0,0.0,0.0,0.0,0.0,0.0
73,-61.87033333333332,0.0,0.9399999976158142,0.029999999329447746,0.029999999329447746,0.9399999976158142,0.029999999329447746,0.029999999329447746,0.9399999976158142,0.029999999329447746,0.029999999329447746,0.0,0.0,0.0,0.0,0.0,0.0
74,-48.780666666666676,0.0,0.03500000014901161,0.9350000023841858,0.029999999329447746,0.03999999910593033,0.925000011920929,0.03500000014901161,0.03500000014901161,0.9350000023841858,0.029999999329447746,0.0,0.0,0.0,0.0,0.0,0.0
75,-156.3453333333333,0.0,0.03500000014901161,0.9200000166893005,0.04500000178813934,0.04500000178813934,0.9049999713897705,0.05000000074505806,0.9049999713897705,0.03999999910593033,0.054999999701976776,0.0,0.0,0.0,0.0,0.0,0.0
76,-121.64333333333337,0.0,0.03500000014901161,0.9350000023841858,0.029999999329447746,0.03999999910593033,0.9200000166893005,0.03999999910593033,0.03500000014901161,0.9350000023841858,0.029999999329447746,0.0,0.0,0.0,0.0,0.0,0.0
77,-93.52599999999997,0.0,0.03500000014901161,0.9350000023841858,0.029999999329447746,0.03500000014901161,0.9350000023841858,0.029999999329447746,0.9399999976158142,0.029999999329447746,0.029999999329447746,0.0,0.0,0.0,0.0,0.0,0.0
78,-187.93766666666667,0.0,0.9150000214576721,0.04500000178813934,0.03999999910593033,0.9300000071525574,0.03999999910593033,0.029999999329447746,0.9300000071525574,0.03999999910593033,0.029999999329447746,0.0,0.0,0.0,0.0,0.0,0.0
79,-212.4533333333334,0.0,0.03500000014901161,0.9350000023841858,0.029999999329447746,0.03500000014901161,0.9350000023841858,0.029999999329447746,0.03500000014901161,0.9350000023841858,0.029999999329447746,0.0,0.0,0.0,0.0,0.0,0.0
80,-42.05800000000002,0.0,0.03500000014901161,0.9350000023841858,0.029999999329447746,0.03500000014901161,0.9350000023841858,0.029999999329447746,0.03500000014901161,0.9350000023841858,0.029999999329447746,0.0,0.0,0.0,0.0,0.0,0.0
81,-38.15866666666666,0.0,0.03500000014901161,0.9350000023841858,0.029999999329447746,0.03999999910593033,0.9300000071525574,0.029999999329447746,0.925000011920929,0.029999999329447746,0.04500000178813934,0.0,0.0,0.0,0.0,0.0,0.0
82,-41.72066666666669,0.0,0.03500000014901161,0.029999999329447746,0.9350000023841858,0.9300000071525574,0.03500000014901161,0.03500000014901161,0.9399999976158142,0.029999999329447746,0.029999999329447746,0.0,0.0,0.0,0.0,0.0,0.0
83,-90.63066666666671,0.0,0.03500000014901161,0.9350000023841858,0.029999999329447746,0.03500000014901161,0.9350000023841858,0.029999999329447746,0.03500000014901161,0.9350000023841858,0.029999999329447746,0.0,0.0,0.0,0.0,0.0,0.0
84,-41.09199999999999,0.0,0.9399999976158142,0.029999999329447746,0.029999999329447746,0.9399999976158142,0.029999999329447746,0.029999999329447746,0.9399999976158142,0.029999999329447746,0.029999999329447746,0.0,0.0,0.0,0.0,0.0,0.0
85,-73.19333333333334,0.0,0.9049999713897705,0.054999999701976776,0.03999999910593033,0.9200000166893005,0.03999999910593033,0.03999999910593033,0.925000011920929,0.04500000178813934,0.029999999329447746,0.0,0.0,0.0,0.0,0.0,0.0
86,-127.04433333333328,0.0,0.08500000089406967,0.8849999904632568,0.029999999329447746,0.8849999904632568,0.07999999821186066,0.03500000014901161,0.8899999856948853,0.07000000029802322,0.03999999910593033,0.0,0.0,0.0,0.0,0.0,0.0
87,-263.38900000000007,0.0,0.03500000014901161,0.9350000023841858,0.029999999329447746,0.03500000014901161,0.9350000023841858,0.029999999329447746,0.03500000014901161,0.9350000023841858,0.029999999329447746,0.0,0.0,0.0,0.0,0.0,0.0
88,-33.99566666666667,0.0,0.03500000014901161,0.029999999329447746,0.9350000023841858,0.03500000014901161,0.9350000023841858,0.029999999329447746,0.03500000014901161,0.9350000023841858,0.029999999329447746,0.0,0.0,0.0,0.0,0.0,0.0
89,-140.32999999999998,0.0,0.03500000014901161,0.9350000023841858,0.029999999329447746,0.03500000014901161,0.9350000023841858,0.029999999329447746,0.03500000014901161,0.9350000023841858,0.029999999329447746,0.0,0.0,0.0,0.0,0.0,0.0
90,-353.12800000000016,0.0,0.03500000014901161,0.9350000023841858,0.029999999329447746,0.03500000014901161,0.9350000023841858,0.029999999329447746,0.9399999976158142,0.029999999329447746,0.029999999329447746,0.0,0.0,0.0,0.0,0.0,0.0
91,-126.86100000000005,0.0,0.03500000014901161,0.9350000023841858,0.029999999329447746,0.03500000014901161,0.9350000023841858,0.029999999329447746,0.03500000014901161,0.9350000023841858,0.029999999329447746,0.0,0.0,0.0,0.0,0.0,0.0
92,-200.39999999999998,0.0,0.07999999821186066,0.8799999952316284,0.03999999910593033,0.05999999865889549,0.8799999952316284,0.05999999865889549,0.8849999904632568,0.07999999821186066,0.03500000014901161,0.0,0.0,0.0,0.0,0.0,0.0
93,-452.8543333333335,0.0,0.07000000029802322,0.8899999856948853,0.03999999910593033,0.054999999701976776,0.8799999952316284,0.06499999761581421,0.8849999904632568,0.07500000298023224,0.03999999910593033,0.0,0.0,0.0,0.0,0.0,0.0
94,-73.02033333333334,0.0,0.03500000014901161,0.9350000023841858,0.029999999329447746,0.03500000014901161,0.9300000071525574,0.03500000014901161,0.03500000014901161,0.9350000023841858,0.029999999329447746,0.0,0.0,0.0,0.0,0.0,0.0
95,-146.93066666666667,0.0,0.054999999701976776,0.8899999856948853,0.054999999701976776,0.07500000298023224,0.8899999856948853,0.03500000014901161,0.8949999809265137,0.05000000074505806,0.054999999701976776,0.0,0.0,0.0,0.0,0.0,0.0
96,-62.46233333333337,0.0,0.03500000014901161,0.9350000023841858,0.029999999329447746,0.03500000014901161,0.9350000023841858,0.029999999329447746,0.03500000014901161,0.9350000023841858,0.029999999329447746,0.0,0.0,0.0,0.0,0.0,0.0
97,-37.156000000000006,0.0,0.03500000014901161,0.9350000023841858,0.029999999329447746,0.03999999910593033,0.9300000071525574,0.029999999329447746,0.03500000014901161,0.9350000023841858,0.029999999329447746,0.0,0.0,0.0,0.0,0.0,0.0
98,-36.324666666666666,0.0,0.03500000014901161,0.9350000023841858,0.029999999329447746,0.03500000014901161,0.9350000023841858,0.029999999329447746,0.03500000014901161,0.9350000023841858,0.029999999329447746,0.0,0.0,0.0,0.0,0.0,0.0
99,-81.96533333333335,0.0,0.07000000029802322,0.8949999809265137,0.03500000014901161,0.03999999910593033,0.8849999904632568,0.07500000298023224,0.8949999809265137,0.03999999910593033,0.06499999761581421,0.0,0.0,0.0,0.0,0.0,0.0
100,-245.66433333333325,0.0,0.05999999865889549,0.8799999952316284,0.05999999865889549,0.07000000029802322,0.8799999952316284,0.05000000074505806,0.8899999856948853,0.05999999865889549,0.05000000074505806,0.0,0.0,0.0,0.0,0.0,0.0
101,-332.0773333333334,0.0,0.05000000074505806,0.9100000262260437,0.03999999910593033,0.03999999910593033,0.8999999761581421,0.05999999865889549,0.8999999761581421,0.05000000074505806,0.05000000074505806,0.0,0.0,0.0,0.0,0.0,0.0
102,-116.60133333333334,0.0,0.03500000014901161,0.9350000023841858,0.029999999329447746,0.03500000014901161,0.9350000023841858,0.029999999329447746,0.03500000014901161,0.9350000023841858,0.029999999329447746,0.0,0.0,0.0,0.0,0.0,0.0
103,-47.354000000000006,0.0,0.03500000014901161,0.9350000023841858,0.029999999329447746,0.03500000014901161,0.9350000023841858,0.029999999329447746,0.03500000014901161,0.9350000023841858,0.029999999329447746,0.0,0.0,0.0,0.0,0.0,0.0
104,-30.640666666666657,0.0,0.03500000014901161,0.9350000023841858,0.029999999329447746,0.03500000014901161,0.9350000023841858,0.029999999329447746,0.03500000014901161,0.9350000023841858,0.029999999329447746,0.0,0.0,0.0,0.0,0.0,0.0
105,-157.33100000000002,0.0,0.03500000014901161,0.9350000023841858,0.029999999329447746,0.03500000014901161,0.9350000023841858,0.029999999329447746,0.03500000014901161,0.9350000023841858,0.029999999329447746,0.0,0.0,0.0,0.0,0.0,0.0
106,-46.11266666666668,0.0,0.03500000014901161,0.029999999329447746,0.9350000023841858,0.9399999976158142,0.029999999329447746,0.029999999329447746,0.9399999976158142,0.029999999329447746,0.029999999329447746,0.0,0.0,0.0,0.0,0.0,0.0
107,-237.22599999999989,0.0,0.03500000014901161,0.9350000023841858,0.029999999329447746,0.03500000014901161,0.9350000023841858,0.029999999329447746,0.03500000014901161,0.9350000023841858,0.029999999329447746,0.0,0.0,0.0,0.0,0.0,0.0
108,-55.06799999999999,0.0,0.03500000014901161,0.9350000023841858,0.029999999329447746,0.03500000014901161,0.9350000023841858,0.029999999329447746,0.03500000014901161,0.9350000023841858,0.029999999329447746,0.0,0.0,0.0,0.0,0.0,0.0
109,-399.82933333333347,0.0,0.07999999821186066,0.8799999952316284,0.03999999910593033,0.06499999761581421,0.8949999809265137,0.03999999910593033,0.8849999904632568,0.07500000298023224,0.03999999910593033,0.0,0.0,0.0,0.0,0.0,0.0
110,-46.63,0.0,0.03500000014901161,0.9350000023841858,0.029999999329447746,0.03500000014901161,0.925000011920929,0.03999999910593033,0.03500000014901161,0.9350000023841858,0.029999999329447746,0.0,0.0,0.0,0.0,0.0,0.0
111,-97.71166666666664,0.0,0.03500000014901161,0.9350000023841858,0.029999999329447746,0.03500000014901161,0.9350000023841858,0.029999999329447746,0.03500000014901161,0.9350000023841858,0.029999999329447746,0.0,0.0,0.0,0.0,0.0,0.0
112,-120.793,0.0,0.03500000014901161,0.029999999329447746,0.9350000023841858,0.03500000014901161,0.9350000023841858,0.029999999329447746,0.03500000014901161,0.9350000023841858,0.029999999329447746,0.0,0.0,0.0,0.0,0.0,0.0
113,-38.61100000000001,0.0,0.03500000014901161,0.9350000023841858,0.029999999329447746,0.03500000014901161,0.9350000023841858,0.029999999329447746,0.9399999976158142,0.029999999329447746,0.029999999329447746,0.0,0.0,0.0,0.0,0.0,0.0
114,-39.41333333333334,0.0,0.03500000014901161,0.029999999329447746,0.9350000023841858,0.03500000014901161,0.04500000178813934,0.9200000166893005,0.03500000014901161,0.9350000023841858,0.029999999329447746,0.0,0.0,0.0,0.0,0.0,0.0
115,-48.07366666666667,0.0,0.03500000014901161,0.9350000023841858,0.029999999329447746,0.03500000014901161,0.9350000023841858,0.029999999329447746,0.03500000014901161,0.9350000023841858,0.029999999329447746,0.0,0.0,0.0,0.0,0.0,0.0
116,-53.071000000000005,0.0,0.03500000014901161,0.9350000023841858,0.029999999329447746,0.9399999976158142,0.029999999329447746,0.029999999329447746,0.9399999976158142,0.029999999329447746,0.029999999329447746,0.0,0.0,0.0,0.0,0.0,0.0
117,-387.22766666666655,0.0,0.03500000014901161,0.9350000023841858,0.029999999329447746,0.03500000014901161,0.9300000071525574,0.03500000014901161,0.03500000014901161,0.9350000023841858,0.029999999329447746,0.0,0.0,0.0,0.0,0.0,0.0
118,-103.86,0.0,0.054999999701976776,0.9100000262260437,0.03500000014901161,0.03500000014901161,0.9049999713897705,0.05999999865889549,0.9100000262260437,0.054999999701976776,0.03500000014901161,0.0,0.0,0.0,0.0,0.0,0.0
119,-36.942666666666675,0.0,0.03500000014901161,0.9350000023841858,0.029999999329447746,0.03500000014901161,0.9350000023841858,0.029999999329447746,0.03500000014901161,0.9350000023841858,0.029999999329447746,0.0,0.0,0.0,0.0,0.0,0.0
120,-48.794333333333306,0.0,0.03500000014901161,0.9350000023841858,0.029999999329447746,0.9399999976158142,0.029999999329447746,0.029999999329447746,0.9399999976158142,0.029999999329447746,0.029999999329447746,0.0,0.0,0.0,0.0,0.0,0.0
121,-399.5326666666664,0.0,0.03500000014901161,0.9350000023841858,0.029999999329447746,0.03500000014901161,0.9350000023841858,0.029999999329447746,0.9399999976158142,0.029999999329447746,0.029999999329447746,0.0,0.0,0.0,0.0,0.0,0.0
122,-76.82866666666669,0.0,0.03500000014901161,0.9350000023841858,0.029999999329447746,0.03500000014901161,0.9300000071525574,0.03500000014901161,0.03999999910593033,0.9300000071525574,0.029999999329447746,0.0,0.0,0.0,0.0,0.0,0.0
123,-239.14333333333326,0.0,0.07999999821186066,0.8799999952316284,0.03999999910593033,0.04500000178813934,0.8999999761581421,0.054999999701976776,0.8849999904632568,0.07999999821186066,0.03500000014901161,0.0,0.0,0.0,0.0,0.0,0.0
124,-44.893,0.0,0.03500000014901161,0.9350000023841858,0.029999999329447746,0.03500000014901161,0.9350000023841858,0.029999999329447746,0.03500000014901161,0.9350000023841858,0.029999999329447746,0.0,0.0,0.0,0.0,0.0,0.0
125,-119.63400000000003,0.0,0.03999999910593033,0.9200000166893005,0.03999999910593033,0.03999999910593033,0.9049999713897705,0.054999999701976776,0.8999999761581421,0.06499999761581421,0.03500000014901161,0.0,0.0,0.0,0.0,0.0,0.0
126,-136.81733333333332,0.0,0.03500000014901161,0.9350000023841858,0.029999999329447746,0.03500000014901161,0.925000011920929,0.03999999910593033,0.03500000014901161,0.9350000023841858,0.029999999329447746,0.0,0.0,0.0,0.0,0.0,0.0
127,-42.58166666666667,0.0,0.03500000014901161,0.9350000023841858,0.029999999329447746,0.03500000014901161,0.9350000023841858,0.029999999329447746,0.03500000014901161,0.029999999329447746,0.9350000023841858,0.0,0.0,0.0,0.0,0.0,0.0
128,-29.338999999999995,0.0,0.9399999976158142,0.029999999329447746,0.029999999329447746,0.9399999976158142,0.029999999329447746,0.029999999329447746,0.9399999976158142,0.029999999329447746,0.029999999329447746,0.0,0.0,0.0,0.0,0.0,0.0
129,-139.0896666666667,0.0,0.03500000014901161,0.9350000023841858,0.029999999329447746,0.03500000014901161,0.9300000071525574,0.03500000014901161,0.03500000014901161,0.9350000023841858,0.029999999329447746,0.0,0.0,0.0,0.0,0.0,0.0
130,-149.45133333333328,0.0,0.03500000014901161,0.029999999329447746,0.9350000023841858,0.03500000014901161,0.029999999329447746,0.9350000023841858,0.03500000014901161,0.9350000023841858,0.029999999329447746,0.0,0.0,0.0,0.0,0.0,0.0
131,-54.73199999999998,0.0,0.03500000014901161,0.9350000023841858,0.029999999329447746,0.03500000014901161,0.9300000071525574,0.03500000014901161,0.03500000014901161,0.9350000023841858,0.029999999329447746,0.0,0.0,0.0,0.0,0.0,0.0
132,-49.1293333333333,0.0,0.03500000014901161,0.9350000023841858,0.029999999329447746,0.03500000014901161,0.925000011920929,0.03999999910593033,0.03500000014901161,0.9350000023841858,0.029999999329447746,0.0,0.0,0.0,0.0,0.0,0.0
133,-48.85866666666666,0.0,0.03500000014901161,0.9350000023841858,0.029999999329447746,0.03500000014901161,0.925000011920929,0.03999999910593033,0.03999999910593033,0.9300000071525574,0.029999999329447746,0.0,0.0,0.0,0.0,0.0,0.0
134,-206.37833333333327,0.0,0.054999999701976776,0.8799999952316284,0.06499999761581421,0.07000000029802322,0.8949999809265137,0.03500000014901161,0.8849999904632568,0.08500000089406967,0.029999999329447746,0.0,0.0,0.0,0.0,0.0,0.0
135,-381.96233333333345,0.0,0.9300000071525574,0.03500000014901161,0.03500000014901161,0.9399999976158142,0.029999999329447746,0.029999999329447746,0.9399999976158142,0.029999999329447746,0.029999999329447746,0.0,0.0,0.0,0.0,0.0,0.0
136,-47.35933333333332,0.0,0.03500000014901161,0.9350000023841858,0.029999999329447746,0.03500000014901161,0.9350000023841858,0.029999999329447746,0.03500000014901161,0.9350000023841858,0.029999999329447746,0.0,0.0,0.0,0.0,0.0,0.0
137,-189.29300000000006,0.0,0.05000000074505806,0.8899999856948853,0.05999999865889549,0.03500000014901161,0.8999999761581421,0.06499999761581421,0.8849999904632568,0.08500000089406967,0.029999999329447746,0.0,0.0,0.0,0.0,0.0,0.0
138,-53.52966666666664,0.0,0.03500000014901161,0.9350000023841858,0.029999999329447746,0.03500000014901161,0.9200000166893005,0.04500000178813934,0.03500000014901161,0.9350000023841858,0.029999999329447746,0.0,0.0,0.0,0.0,0.0,0.0
139,-263.227,0.0,0.03500000014901161,0.9350000023841858,0.029999999329447746,0.03500000014901161,0.9350000023841858,0.029999999329447746,0.03500000014901161,0.9350000023841858,0.029999999329447746,0.0,0.0,0.0,0.0,0.0,0.0
140,-197.4466666666667,0.0,0.03500000014901161,0.029999999329447746,0.9350000023841858,0.03500000014901161,0.029999999329447746,0.9350000023841858,0.03500000014901161,0.029999999329447746,0.9350000023841858,0.0,0.0,0.0,0.0,0.0,0.0
141,-74.46233333333333,0.0,0.03500000014901161,0.9350000023841858,0.029999999329447746,0.03999999910593033,0.9200000166893005,0.03999999910593033,0.03500000014901161,0.9350000023841858,0.029999999329447746,0.0,0.0,0.0,0.0,0.0,0.0
142,-43.60300000000002,0.0,0.03500000014901161,0.9350000023841858,0.029999999329447746,0.03500000014901161,0.9300000071525574,0.03500000014901161,0.03500000014901161,0.9350000023841858,0.029999999329447746,0.0,0.0,0.0,0.0,0.0,0.0
143,-27.38166666666667,0.0,0.03500000014901161,0.9350000023841858,0.029999999329447746,0.03500000014901161,0.9350000023841858,0.029999999329447746,0.03500000014901161,0.9350000023841858,0.029999999329447746,0.0,0.0,0.0,0.0,0.0,0.0
144,-89.86699999999999,0.0,0.03500000014901161,0.029999999329447746,0.9350000023841858,0.03500000014901161,0.9350000023841858,0.029999999329447746,0.03500000014901161,0.9350000023841858,0.029999999329447746,0.0,0.0,0.0,0.0,0.0,0.0
145,-156.0523333333333,0.0,0.03500000014901161,0.029999999329447746,0.9350000023841858,0.9399999976158142,0.029999999329447746,0.029999999329447746,0.9399999976158142,0.029999999329447746,0.029999999329447746,0.0,0.0,0.0,0.0,0.0,0.0
146,-297.13833333333315,0.0,0.03999999910593033,0.8849999904632568,0.07500000298023224,0.8849999904632568,0.07500000298023224,0.03999999910593033,0.8899999856948853,0.07999999821186066,0.029999999329447746,0.0,0.0,0.0,0.0,0.0,0.0
147,-285.539,0.0,0.04500000178813934,0.8799999952316284,0.07500000298023224,0.05999999865889549,0.8799999952316284,0.05999999865889549,0.8899999856948853,0.07500000298023224,0.03500000014901161,0.0,0.0,0.0,0.0,0.0,0.0
148,-295.14866666666666,0.0,0.03500000014901161,0.9350000023841858,0.029999999329447746,0.03999999910593033,0.925000011920929,0.03500000014901161,0.03500000014901161,0.9350000023841858,0.029999999329447746,0.0,0.0,0.0,0.0,0.0,0.0
149,-51.697666666666684,0.0,0.03500000014901161,0.029999999329447746,0.9350000023841858,0.03500000014901161,0.9350000023841858,0.029999999329447746,0.03500000014901161,0.9350000023841858,0.029999999329447746,0.0,0.0,0.0,0.0,0.0,0.0
150,-272.8023333333335,0.0,0.03999999910593033,0.9049999713897705,0.054999999701976776,0.054999999701976776,0.9049999713897705,0.03999999910593033,0.9100000262260437,0.04500000178813934,0.04500000178813934,0.0,0.0,0.0,0.0,0.0,0.0
151,-189.54699999999997,0.0,0.03500000014901161,0.9350000023841858,0.029999999329447746,0.03500000014901161,0.9350000023841858,0.029999999329447746,0.03500000014901161,0.9350000023841858,0.029999999329447746,0.0,0.0,0.0,0.0,0.0,0.0
152,-97.40666666666662,0.0,0.05999999865889549,0.8949999809265137,0.04500000178813934,0.06499999761581421,0.8899999856948853,0.04500000178813934,0.8999999761581421,0.04500000178813934,0.054999999701976776,0.0,0.0,0.0,0.0,0.0,0.0
153,-33.49900000000001,0.0,0.03500000014901161,0.9350000023841858,0.029999999329447746,0.03999999910593033,0.9300000071525574,0.029999999329447746,0.03500000014901161,0.9350000023841858,0.029999999329447746,0.0,0.0,0.0,0.0,0.0,0.0
154,-284.09033333333326,0.0,0.03500000014901161,0.04500000178813934,0.9200000166893005,0.9150000214576721,0.03999999910593033,0.04500000178813934,0.9200000166893005,0.04500000178813934,0.03500000014901161,0.0,0.0,0.0,0.0,0.0,0.0
155,-68.06933333333333,0.0,0.03500000014901161,0.9350000023841858,0.029999999329447746,0.03500000014901161,0.9350000023841858,0.029999999329447746,0.03500000014901161,0.9350000023841858,0.029999999329447746,0.0,0.0,0.0,0.0,0.0,0.0
156,-91.41233333333334,0.0,0.03500000014901161,0.029999999329447746,0.9350000023841858,0.03500000014901161,0.9350000023841858,0.029999999329447746,0.03500000014901161,0.9350000023841858,0.029999999329447746,0.0,0.0,0.0,0.0,0.0,0.0
157,-58.940999999999974,0.0,0.03500000014901161,0.9350000023841858,0.029999999329447746,0.9399999976158142,0.029999999329447746,0.029999999329447746,0.9399999976158142,0.029999999329447746,0.029999999329447746,0.0,0.0,0.0,0.0,0.0,0.0
158,-430.68833333333345,0.0,0.03500000014901161,0.8799999952316284,0.08500000089406967,0.06499999761581421,0.8799999952316284,0.054999999701976776,0.8849999904632568,0.03999999910593033,0.07500000298023224,0.0,0.0,0.0,0.0,0.0,0.0
159,-20.317000000000004,0.0,0.03500000014901161,0.029999999329447746,0.9350000023841858,0.03500000014901161,0.029999999329447746,0.9350000023841858,0.9399999976158142,0.029999999329447746,0.029999999329447746,0.0,0.0,0.0,0.0,0.0,0.0
160,-111.55300000000007,0.0,0.03500000014901161,0.9350000023841858,0.029999999329447746,0.03500000014901161,0.9350000023841858,0.029999999329447746,0.03500000014901161,0.9350000023841858,0.029999999329447746,0.0,0.0,0.0,0.0,0.0,0.0
161,-296.2073333333333,0.0,0.9399999976158142,0.029999999329447746,0.029999999329447746,0.9399999976158142,0.029999999329447746,0.029999999329447746,0.9399999976158142,0.029999999329447746,0.029999999329447746,0.0,0.0,0.0,0.0,0.0,0.0
162,-34.05233333333335,0.0,0.03500000014901161,0.9350000023841858,0.029999999329447746,0.03999999910593033,0.9300000071525574,0.029999999329447746,0.03500000014901161,0.9350000023841858,0.029999999329447746,0.0,0.0,0.0,0.0,0.0,0.0
163,-191.0776666666667,0.0,0.03500000014901161,0.8899999856948853,0.07500000298023224,0.054999999701976776,0.8899999856948853,0.054999999701976776,0.8899999856948853,0.03999999910593033,0.07000000029802322,0.0,0.0,0.0,0.0,0.0,0.0
164,-31.798333333333318,0.0,0.03500000014901161,0.9350000023841858,0.029999999329447746,0.03500000014901161,0.9350000023841858,0.029999999329447746,0.03500000014901161,0.9350000023841858,0.029999999329447746,0.0,0.0,0.0,0.0,0.0,0.0
165,-109.632,0.0,0.03500000014901161,0.9350000023841858,0.029999999329447746,0.03500000014901161,0.9300000071525574,0.03500000014901161,0.9300000071525574,0.03500000014901161,0.03500000014901161,0.0,0.0,0.0,0.0,0.0,0.0
166,-114.68566666666663,0.0,0.03500000014901161,0.029999999329447746,0.9350000023841858,0.03500000014901161,0.9350000023841858,0.029999999329447746,0.03500000014901161,0.9350000023841858,0.029999999329447746,0.0,0.0,0.0,0.0,0.0,0.0
167,-25.742666666666683,0.0,0.03500000014901161,0.029999999329447746,0.9350000023841858,0.9399999976158142,0.029999999329447746,0.029999999329447746,0.9399999976158142,0.029999999329447746,0.029999999329447746,0.0,0.0,0.0,0.0,0.0,0.0
168,-336.44566666666674,0.0,0.08500000089406967,0.8849999904632568,0.029999999329447746,0.06499999761581421,0.8849999904632568,0.05000000074505806,0.8849999904632568,0.054999999701976776,0.05999999865889549,0.0,0.0,0.0,0.0,0.0,0.0
169,-215.65866666666668,0.0,0.07000000029802322,0.8799999952316284,0.05000000074505806,0.07500000298023224,0.8799999952316284,0.04500000178813934,0.8849999904632568,0.06499999761581421,0.05000000074505806,0.0,0.0,0.0,0.0,0.0,0.0
170,-271.3100000000001,0.0,0.03500000014901161,0.9350000023841858,0.029999999329447746,0.03500000014901161,0.9350000023841858,0.029999999329447746,0.03500000014901161,0.9350000023841858,0.029999999329447746,0.0,0.0,0.0,0.0,0.0,0.0
171,-152.44666666666666,0.0,0.03999999910593033,0.9300000071525574,0.029999999329447746,0.03500000014901161,0.925000011920929,0.03999999910593033,0.03500000014901161,0.9350000023841858,0.029999999329447746,0.0,0.0,0.0,0.0,0.0,0.0
172,-45.58799999999997,0.0,0.03500000014901161,0.9350000023841858,0.029999999329447746,0.03500000014901161,0.9350000023841858,0.029999999329447746,0.03500000014901161,0.9350000023841858,0.029999999329447746,0.0,0.0,0.0,0.0,0.0,0.0
173,-72.11066666666663,0.0,0.03500000014901161,0.9350000023841858,0.029999999329447746,0.03500000014901161,0.9350000023841858,0.029999999329447746,0.9399999976158142,0.029999999329447746,0.029999999329447746,0.0,0.0,0.0,0.0,0.0,0.0
174,-338.7193333333333,0.0,0.05000000074505806,0.8849999904632568,0.06499999761581421,0.05000000074505806,0.8849999904632568,0.06499999761581421,0.8849999904632568,0.06499999761581421,0.05000000074505806,0.0,0.0,0.0,0.0,0.0,0.0
175,-520.892,0.0,0.05999999865889549,0.8849999904632568,0.054999999701976776,0.06499999761581421,0.8799999952316284,0.054999999701976776,0.8849999904632568,0.07000000029802322,0.04500000178813934,0.0,0.0,0.0,0.0,0.0,0.0
176,-64.44666666666666,0.0,0.03500000014901161,0.9350000023841858,0.029999999329447746,0.03999999910593033,0.04500000178813934,0.9150000214576721,0.03500000014901161,0.9300000071525574,0.03500000014901161,0.0,0.0,0.0,0.0,0.0,0.0
177,-100.665,0.0,0.05000000074505806,0.9100000262260437,0.03999999910593033,0.04500000178813934,0.9100000262260437,0.04500000178813934,0.9100000262260437,0.05000000074505806,0.03999999910593033,0.0,0.0,0.0,0.0,0.0,0.0
178,-240.083,0.0,0.03500000014901161,0.04500000178813934,0.9200000166893005,0.04500000178813934,0.9200000166893005,0.03500000014901161,0.9200000166893005,0.03999999910593033,0.03999999910593033,0.0,0.0,0.0,0.0,0.0,0.0
179,-179.05099999999996,0.0,0.03500000014901161,0.9350000023841858,0.029999999329447746,0.03500000014901161,0.9350000023841858,0.029999999329447746,0.9399999976158142,0.029999999329447746,0.029999999329447746,0.0,0.0,0.0,0.0,0.0,0.0
180,-38.30866666666667,0.0,0.03500000014901161,0.9350000023841858,0.029999999329447746,0.03999999910593033,0.9150000214576721,0.04500000178813934,0.03500000014901161,0.9350000023841858,0.029999999329447746,0.0,0.0,0.0,0.0,0.0,0.0
181,-80.02499999999998,0.0,0.07000000029802322,0.8899999856948853,0.03999999910593033,0.054999999701976776,0.8899999856948853,0.054999999701976776,0.9049999713897705,0.04500000178813934,0.05000000074505806,0.0,0.0,0.0,0.0,0.0,0.0
182,-69.39666666666668,0.0,0.03500000014901161,0.9350000023841858,0.029999999329447746,0.03500000014901161,0.9350000023841858,0.029999999329447746,0.03500000014901161,0.9350000023841858,0.029999999329447746,0.0,0.0,0.0,0.0,0.0,0.0
183,-301.6303333333333,0.0,0.03500000014901161,0.9350000023841858,0.029999999329447746,0.04500000178813934,0.9150000214576721,0.03999999910593033,0.03500000014901161,0.9350000023841858,0.029999999329447746,0.0,0.0,0.0,0.0,0.0,0.0
184,-204.9573333333333,0.0,0.03500000014901161,0.9350000023841858,0.029999999329447746,0.03500000014901161,0.9350000023841858,0.029999999329447746,0.03500000014901161,0.9350000023841858,0.029999999329447746,0.0,0.0,0.0,0.0,0.0,0.0
185,-51.81966666666668,0.0,0.03500000014901161,0.9350000023841858,0.029999999329447746,0.03999999910593033,0.9200000166893005,0.03999999910593033,0.03999999910593033,0.9300000071525574,0.029999999329447746,0.0,0.0,0.0,0.0,0.0,0.0
186,-283.1756666666665,0.0,0.03500000014901161,0.9350000023841858,0.029999999329447746,0.03500000014901161,0.9350000023841858,0.029999999329447746,0.03500000014901161,0.9350000023841858,0.029999999329447746,0.0,0.0,0.0,0.0,0.0,0.0
187,-309.3993333333333,0.0,0.03500000014901161,0.029999999329447746,0.9350000023841858,0.03500000014901161,0.03500000014901161,0.9300000071525574,0.03500000014901161,0.9350000023841858,0.029999999329447746,0.0,0.0,0.0,0.0,0.0,0.0
188,-103.11900000000001,0.0,0.03500000014901161,0.9350000023841858,0.029999999329447746,0.05000000074505806,0.9150000214576721,0.03500000014901161,0.9150000214576721,0.054999999701976776,0.029999999329447746,0.0,0.0,0.0,0.0,0.0,0.0
189,-53.26600000000002,0.0,0.03500000014901161,0.9350000023841858,0.029999999329447746,0.04500000178813934,0.925000011920929,0.029999999329447746,0.03500000014901161,0.9350000023841858,0.029999999329447746,0.0,0.0,0.0,0.0,0.0,0.0
190,-210.12733333333327,0.0,0.03500000014901161,0.9350000023841858,0.029999999329447746,0.03500000014901161,0.9350000023841858,0.029999999329447746,0.03500000014901161,0.9350000023841858,0.029999999329447746,0.0,0.0,0.0,0.0,0.0,0.0
191,-26.21966666666666,0.0,0.03500000014901161,0.9350000023841858,0.029999999329447746,0.04500000178813934,0.925000011920929,0.029999999329447746,0.03500000014901161,0.9350000023841858,0.029999999329447746,0.0,0.0,0.0,0.0,0.0,0.0
192,-33.918333333333315,0.0,0.03500000014901161,0.9350000023841858,0.029999999329447746,0.03500000014901161,0.9350000023841858,0.029999999329447746,0.03500000014901161,0.9350000023841858,0.029999999329447746,0.0,0.0,0.0,0.0,0.0,0.0
193,-373.4663333333334,0.0,0.03999999910593033,0.8999999761581421,0.05999999865889549,0.03999999910593033,0.8999999761581421,0.05999999865889549,0.8999999761581421,0.07000000029802322,0.029999999329447746,0.0,0.0,0.0,0.0,0.0,0.0
194,-41.61900000000001,0.0,0.03500000014901161,0.9350000023841858,0.029999999329447746,0.03500000014901161,0.9300000071525574,0.03500000014901161,0.9350000023841858,0.03500000014901161,0.029999999329447746,0.0,0.0,0.0,0.0,0.0,0.0
195,-28.19200000000001,0.0,0.03500000014901161,0.9350000023841858,0.029999999329447746,0.03500000014901161,0.9350000023841858,0.029999999329447746,0.9399999976158142,0.029999999329447746,0.029999999329447746,0.0,0.0,0.0,0.0,0.0,0.0
196,-164.7866666666667,0.0,0.03500000014901161,0.07999999821186066,0.8849999904632568,0.8899999856948853,0.05999999865889549,0.05000000074505806,0.8899999856948853,0.07999999821186066,0.029999999329447746,0.0,0.0,0.0,0.0,0.0,0.0
197,-291.1846666666668,0.0,0.07999999821186066,0.8849999904632568,0.03500000014901161,0.05000000074505806,0.8899999856948853,0.05999999865889549,0.8799999952316284,0.09000000357627869,0.029999999329447746,0.0,0.0,0.0,0.0,0.0,0.0
198,-139.6343333333333,0.0,0.03500000014901161,0.029999999329447746,0.9350000023841858,0.9399999976158142,0.029999999329447746,0.029999999329447746,0.9399999976158142,0.029999999329447746,0.029999999329447746,0.0,0.0,0.0,0.0,0.0,0.0
199,-530.5473333333335,0.0,0.03500000014901161,0.8999999761581421,0.06499999761581421,0.054999999701976776,0.8899999856948853,0.054999999701976776,0.8849999904632568,0.05999999865889549,0.054999999701976776,0.0,0.0,0.0,0.0,0.0,0.0
200,-170.3906666666667,0.0,0.03500000014901161,0.9350000023841858,0.029999999329447746,0.03500000014901161,0.9350000023841858,0.029999999329447746,0.03500000014901161,0.9350000023841858,0.029999999329447746,0.0,0.0,0.0,0.0,0.0,0.0
201,-215.05966666666663,0.0,0.05999999865889549,0.8949999809265137,0.04500000178813934,0.05000000074505806,0.8899999856948853,0.05999999865889549,0.8849999904632568,0.07500000298023224,0.03999999910593033,0.0,0.0,0.0,0.0,0.0,0.0
202,-229.62366666666676,0.0,0.05000000074505806,0.8949999809265137,0.054999999701976776,0.04500000178813934,0.8999999761581421,0.054999999701976776,0.8849999904632568,0.07000000029802322,0.04500000178813934,0.0,0.0,0.0,0.0,0.0,0.0
203,-34.348000000000006,0.0,0.03500000014901161,0.029999999329447746,0.9350000023841858,0.03500000014901161,0.029999999329447746,0.9350000023841858,0.03500000014901161,0.029999999329447746,0.9350000023841858,0.0,0.0,0.0,0.0,0.0,0.0
204,-116.93833333333333,0.0,0.03500000014901161,0.9350000023841858,0.029999999329447746,0.03500000014901161,0.9350000023841858,0.029999999329447746,0.03500000014901161,0.9350000023841858,0.029999999329447746,0.0,0.0,0.0,0.0,0.0,0.0
205,-57.018333333333345,0.0,0.03999999910593033,0.9300000071525574,0.029999999329447746,0.925000011920929,0.04500000178813934,0.029999999329447746,0.03500000014901161,0.9300000071525574,0.03500000014901161,0.0,0.0,0.0,0.0,0.0,0.0
206,-52.50066666666668,0.0,0.03500000014901161,0.9350000023841858,0.029999999329447746,0.03500000014901161,0.9350000023841858,0.029999999329447746,0.03500000014901161,0.9350000023841858,0.029999999329447746,0.0,0.0,0.0,0.0,0.0,0.0
207,-72.00300000000001,0.0,0.054999999701976776,0.9100000262260437,0.03500000014901161,0.054999999701976776,0.8899999856948853,0.054999999701976776,0.8999999761581421,0.05999999865889549,0.03999999910593033,0.0,0.0,0.0,0.0,0.0,0.0
208,-54.45533333333335,0.0,0.03500000014901161,0.9350000023841858,0.029999999329447746,0.03500000014901161,0.9350000023841858,0.029999999329447746,0.03500000014901161,0.9350000023841858,0.029999999329447746,0.0,0.0,0.0,0.0,0.0,0.0
209,-24.591666666666665,0.0,0.03500000014901161,0.9350000023841858,0.029999999329447746,0.03500000014901161,0.9350000023841858,0.029999999329447746,0.03500000014901161,0.9350000023841858,0.029999999329447746,0.0,0.0,0.0,0.0,0.0,0.0
210,-175.81866666666647,0.0,0.03500000014901161,0.9350000023841858,0.029999999329447746,0.03500000014901161,0.9350000023841858,0.029999999329447746,0.03500000014901161,0.9350000023841858,0.029999999329447746,0.0,0.0,0.0,0.0,0.0,0.0
211,-349.3059999999999,0.0,0.04500000178813934,0.9200000166893005,0.03500000014901161,0.054999999701976776,0.8799999952316284,0.06499999761581421,0.8849999904632568,0.06499999761581421,0.05000000074505806,0.0,0.0,0.0,0.0,0.0,0.0
212,-97.47800000000001,0.0,0.03500000014901161,0.9350000023841858,0.029999999329447746,0.03500000014901161,0.9300000071525574,0.03500000014901161,0.03500000014901161,0.9350000023841858,0.029999999329447746,0.0,0.0,0.0,0.0,0.0,0.0
213,-226.91333333333338,0.0,0.03999999910593033,0.925000011920929,0.03500000014901161,0.05000000074505806,0.8949999809265137,0.054999999701976776,0.8949999809265137,0.054999999701976776,0.05000000074505806,0.0,0.0,0.0,0.0,0.0,0.0
214,-48.25400000000001,0.0,0.03500000014901161,0.9350000023841858,0.029999999329447746,0.03500000014901161,0.029999999329447746,0.9350000023841858,0.9399999976158142,0.029999999329447746,0.029999999329447746,0.0,0.0,0.0,0.0,0.0,0.0
215,-40.63,0.0,0.03500000014901161,0.9350000023841858,0.029999999329447746,0.03500000014901161,0.9350000023841858,0.029999999329447746,0.03500000014901161,0.9350000023841858,0.029999999329447746,0.0,0.0,0.0,0.0,0.0,0.0
216,-263.8546666666666,0.0,0.03500000014901161,0.029999999329447746,0.9350000023841858,0.03500000014901161,0.03500000014901161,0.9300000071525574,0.03500000014901161,0.9350000023841858,0.029999999329447746,0.0,0.0,0.0,0.0,0.0,0.0
217,-59.92499999999999,0.0,0.03999999910593033,0.9300000071525574,0.029999999329447746,0.05000000074505806,0.9049999713897705,0.04500000178813934,0.925000011920929,0.03500000014901161,0.03999999910593033,0.0,0.0,0.0,0.0,0.0,0.0
218,-269.78999999999996,0.0,0.03500000014901161,0.9350000023841858,0.029999999329447746,0.03999999910593033,0.9150000214576721,0.04500000178813934,0.03500000014901161,0.9350000023841858,0.029999999329447746,0.0,0.0,0.0,0.0,0.0,0.0
219,-44.23700000000001,0.0,0.03500000014901161,0.9350000023841858,0.029999999329447746,0.03500000014901161,0.9350000023841858,0.029999999329447746,0.03500000014901161,0.9350000023841858,0.029999999329447746,0.0,0.0,0.0,0.0,0.0,0.0
220,-42.82399999999995,0.0,0.03500000014901161,0.9350000023841858,0.029999999329447746,0.03500000014901161,0.9150000214576721,0.05000000074505806,0.03500000014901161,0.03999999910593033,0.925000011920929,0.0,0.0,0.0,0.0,0.0,0.0
221,-306.0096666666667,0.0,0.03500000014901161,0.029999999329447746,0.9350000023841858,0.03500000014901161,0.9300000071525574,0.03500000014901161,0.03500000014901161,0.9350000023841858,0.029999999329447746,0.0,0.0,0.0,0.0,0.0,0.0
222,-28.929666666666677,0.0,0.03500000014901161,0.9350000023841858,0.029999999329447746,0.03500000014901161,0.9350000023841858,0.029999999329447746,0.9399999976158142,0.029999999329447746,0.029999999329447746,0.0,0.0,0.0,0.0,0.0,0.0
223,-137.2963333333333,0.0,0.03500000014901161,0.029999999329447746,0.9350000023841858,0.03500000014901161,0.029999999329447746,0.9350000023841858,0.03500000014901161,0.9350000023841858,0.029999999329447746,0.0,0.0,0.0,0.0,0.0,0.0
224,-33.06333333333335,0.0,0.9399999976158142,0.029999999329447746,0.029999999329447746,0.9399999976158142,0.029999999329447746,0.029999999329447746,0.9399999976158142,0.029999999329447746,0.029999999329447746,0.0,0.0,0.0,0.0,0.0,0.0
225,-36.75266666666665,0.0,0.03500000014901161,0.9350000023841858,0.029999999329447746,0.03500000014901161,0.9350000023841858,0.029999999329447746,0.03500000014901161,0.9350000023841858,0.029999999329447746,0.0,0.0,0.0,0.0,0.0,0.0
226,-424.2476666666665,0.0,0.03500000014901161,0.9350000023841858,0.029999999329447746,0.03500000014901161,0.9350000023841858,0.029999999329447746,0.03500000014901161,0.9350000023841858,0.029999999329447746,0.0,0.0,0.0,0.0,0.0,0.0
227,-231.41100000000006,0.0,0.07000000029802322,0.8899999856948853,0.03999999910593033,0.8799999952316284,0.07999999821186066,0.03999999910593033,0.8949999809265137,0.06499999761581421,0.03999999910593033,0.0,0.0,0.0,0.0,0.0,0.0
228,-46.30800000000002,0.0,0.03500000014901161,0.029999999329447746,0.9350000023841858,0.9399999976158142,0.029999999329447746,0.029999999329447746,0.9399999976158142,0.029999999329447746,0.029999999329447746,0.0,0.0,0.0,0.0,0.0,0.0
229,-171.43233333333328,0.0,0.054999999701976776,0.8799999952316284,0.06499999761581421,0.03999999910593033,0.8849999904632568,0.07500000298023224,0.8799999952316284,0.07000000029802322,0.05000000074505806,0.0,0.0,0.0,0.0,0.0,0.0
230,-334.16033333333326,0.0,0.054999999701976776,0.8949999809265137,0.05000000074505806,0.8949999809265137,0.05000000074505806,0.054999999701976776,0.8999999761581421,0.07000000029802322,0.029999999329447746,0.0,0.0,0.0,0.0,0.0,0.0
231,-171.69733333333323,0.0,0.9350000023841858,0.029999999329447746,0.03500000014901161,0.9399999976158142,0.029999999329447746,0.029999999329447746,0.9399999976158142,0.029999999329447746,0.029999999329447746,0.0,0.0,0.0,0.0,0.0,0.0
232,-193.07833333333335,0.0,0.03500000014901161,0.9350000023841858,0.029999999329447746,0.03500000014901161,0.9350000023841858,0.029999999329447746,0.03500000014901161,0.9350000023841858,0.029999999329447746,0.0,0.0,0.0,0.0,0.0,0.0
233,-64.45933333333332,0.0,0.06499999761581421,0.03500000014901161,0.8999999761581421,0.9049999713897705,0.05999999865889549,0.03500000014901161,0.925000011920929,0.04500000178813934,0.029999999329447746,0.0,0.0,0.0,0.0,0.0,0.0
234,-46.34466666666668,0.0,0.03500000014901161,0.029999999329447746,0.9350000023841858,0.03500000014901161,0.9350000023841858,0.029999999329447746,0.03500000014901161,0.9350000023841858,0.029999999329447746,0.0,0.0,0.0,0.0,0.0,0.0
235,-83.9983333333333,0.0,0.03999999910593033,0.9300000071525574,0.029999999329447746,0.03500000014901161,0.9150000214576721,0.05000000074505806,0.9150000214576721,0.04500000178813934,0.03999999910593033,0.0,0.0,0.0,0.0,0.0,0.0
236,-292.68933333333337,0.0,0.03500000014901161,0.9350000023841858,0.029999999329447746,0.03500000014901161,0.9300000071525574,0.03500000014901161,0.03500000014901161,0.9350000023841858,0.029999999329447746,0.0,0.0,0.0,0.0,0.0,0.0
237,-88.37533333333332,0.0,0.03500000014901161,0.9350000023841858,0.029999999329447746,0.9399999976158142,0.029999999329447746,0.029999999329447746,0.9399999976158142,0.029999999329447746,0.029999999329447746,0.0,0.0,0.0,0.0,0.0,0.0
238,-512.3226666666668,0.0,0.03500000014901161,0.9350000023841858,0.029999999329447746,0.03500000014901161,0.9150000214576721,0.05000000074505806,0.8999999761581421,0.03999999910593033,0.05999999865889549,0.0,0.0,0.0,0.0,0.0,0.0
239,-64.6123333333333,0.0,0.03500000014901161,0.9350000023841858,0.029999999329447746,0.03500000014901161,0.9150000214576721,0.05000000074505806,0.9049999713897705,0.05000000074505806,0.04500000178813934,0.0,0.0,0.0,0.0,0.0,0.0
240,-44.495000000000026,0.0,0.03500000014901161,0.9350000023841858,0.029999999329447746,0.03500000014901161,0.9350000023841858,0.029999999329447746,0.03500000014901161,0.9350000023841858,0.029999999329447746,0.0,0.0,0.0,0.0,0.0,0.0
241,-139.04999999999993,0.0,0.05000000074505806,0.9100000262260437,0.03999999910593033,0.03500000014901161,0.9100000262260437,0.054999999701976776,0.9049999713897705,0.03500000014901161,0.05999999865889549,0.0,0.0,0.0,0.0,0.0,0.0
242,-36.402666666666676,0.0,0.03500000014901161,0.9350000023841858,0.029999999329447746,0.03500000014901161,0.925000011920929,0.03999999910593033,0.03500000014901161,0.9350000023841858,0.029999999329447746,0.0,0.0,0.0,0.0,0.0,0.0
243,-278.0193333333334,0.0,0.03500000014901161,0.9300000071525574,0.03500000014901161,0.03500000014901161,0.9300000071525574,0.03500000014901161,0.03500000014901161,0.9350000023841858,0.029999999329447746,0.0,0.0,0.0,0.0,0.0,0.0
244,-65.62866666666665,0.0,0.03500000014901161,0.9350000023841858,0.029999999329447746,0.03500000014901161,0.9150000214576721,0.05000000074505806,0.03500000014901161,0.9300000071525574,0.03500000014901161,0.0,0.0,0.0,0.0,0.0,0.0
245,-100.5746666666667,0.0,0.03500000014901161,0.9350000023841858,0.029999999329447746,0.03500000014901161,0.9150000214576721,0.05000000074505806,0.03500000014901161,0.9350000023841858,0.029999999329447746,0.0,0.0,0.0,0.0,0.0,0.0
246,-97.31333333333336,0.0,0.03500000014901161,0.9350000023841858,0.029999999329447746,0.03500000014901161,0.9350000023841858,0.029999999329447746,0.03500000014901161,0.9350000023841858,0.029999999329447746,0.0,0.0,0.0,0.0,0.0,0.0
247,-142.81833333333338,0.0,0.03500000014901161,0.9350000023841858,0.029999999329447746,0.03500000014901161,0.9350000023841858,0.029999999329447746,0.03500000014901161,0.9350000023841858,0.029999999329447746,0.0,0.0,0.0,0.0,0.0,0.0
248,-280.5376666666667,0.0,0.03500000014901161,0.9350000023841858,0.029999999329447746,0.03500000014901161,0.925000011920929,0.03999999910593033,0.03500000014901161,0.9350000023841858,0.029999999329447746,0.0,0.0,0.0,0.0,0.0,0.0
249,-454.63866666666667,0.0,0.05000000074505806,0.8799999952316284,0.07000000029802322,0.03500000014901161,0.8799999952316284,0.08500000089406967,0.8849999904632568,0.05000000074505806,0.06499999761581421,0.0,0.0,0.0,0.0,0.0,0.0
250,-160.8863333333333,0.0,0.03500000014901161,0.9350000023841858,0.029999999329447746,0.03500000014901161,0.925000011920929,0.03999999910593033,0.03500000014901161,0.9350000023841858,0.029999999329447746,0.0,0.0,0.0,0.0,0.0,0.0
251,-332.8376666666668,0.0,0.03500000014901161,0.029999999329447746,0.9350000023841858,0.03500000014901161,0.029999999329447746,0.9350000023841858,0.03500000014901161,0.9350000023841858,0.029999999329447746,0.0,0.0,0.0,0.0,0.0,0.0
252,-225.4463333333333,0.0,0.03500000014901161,0.9350000023841858,0.029999999329447746,0.03500000014901161,0.9350000023841858,0.029999999329447746,0.03500000014901161,0.9350000023841858,0.029999999329447746,0.0,0.0,0.0,0.0,0.0,0.0
253,-41.60433333333334,0.0,0.03500000014901161,0.029999999329447746,0.9350000023841858,0.03500000014901161,0.029999999329447746,0.9350000023841858,0.03500000014901161,0.9350000023841858,0.029999999329447746,0.0,0.0,0.0,0.0,0.0,0.0
254,-39.70033333333335,0.0,0.9399999976158142,0.029999999329447746,0.029999999329447746,0.9399999976158142,0.029999999329447746,0.029999999329447746,0.9399999976158142,0.029999999329447746,0.029999999329447746,0.0,0.0,0.0,0.0,0.0,0.0
255,-71.7383333333333,0.0,0.03500000014901161,0.9350000023841858,0.029999999329447746,0.03500000014901161,0.9350000023841858,0.029999999329447746,0.03500000014901161,0.9350000023841858,0.029999999329447746,0.0,0.0,0.0,0.0,0.0,0.0
256,-151.5496666666667,0.0,0.03500000014901161,0.9350000023841858,0.029999999329447746,0.03500000014901161,0.9350000023841858,0.029999999329447746,0.03500000014901161,0.9350000023841858,0.029999999329447746,0.0,0.0,0.0,0.0,0.0,0.0
257,-299.0419999999999,0.0,0.03999999910593033,0.03999999910593033,0.9200000166893005,0.03500000014901161,0.05999999865889549,0.9049999713897705,0.9049999713897705,0.04500000178813934,0.05000000074505806,0.0,0.0,0.0,0.0,0.0,0.0
258,-378.4896666666669,0.0,0.04500000178813934,0.8899999856948853,0.06499999761581421,0.03999999910593033,0.8949999809265137,0.06499999761581421,0.8949999809265137,0.03999999910593033,0.06499999761581421,0.0,0.0,0.0,0.0,0.0,0.0
259,-90.49699999999997,0.0,0.03999999910593033,0.8949999809265137,0.06499999761581421,0.03500000014901161,0.8999999761581421,0.06499999761581421,0.8949999809265137,0.03999999910593033,0.06499999761581421,0.0,0.0,0.0,0.0,0.0,0.0
260,-44.239666666666665,0.0,0.03999999910593033,0.9150000214576721,0.04500000178813934,0.03500000014901161,0.9200000166893005,0.04500000178813934,0.9200000166893005,0.03500000014901161,0.04500000178813934,0.0,0.0,0.0,0.0,0.0,0.0
261,-38.95833333333333,0.0,0.03500000014901161,0.9350000023841858,0.029999999329447746,0.03500000014901161,0.8999999761581421,0.06499999761581421,0.9150000214576721,0.03500000014901161,0.05000000074505806,0.0,0.0,0.0,0.0,0.0,0.0
262,-201.64,0.0,0.03500000014901161,0.9350000023841858,0.029999999329447746,0.03500000014901161,0.925000011920929,0.03999999910593033,0.03500000014901161,0.9350000023841858,0.029999999329447746,0.0,0.0,0.0,0.0,0.0,0.0
263,-235.0773333333334,0.0,0.03500000014901161,0.9350000023841858,0.029999999329447746,0.03500000014901161,0.9200000166893005,0.04500000178813934,0.03500000014901161,0.9350000023841858,0.029999999329447746,0.0,0.0,0.0,0.0,0.0,0.0
264,-35.77166666666667,0.0,0.9399999976158142,0.029999999329447746,0.029999999329447746,0.9399999976158142,0.029999999329447746,0.029999999329447746,0.9399999976158142,0.029999999329447746,0.029999999329447746,0.0,0.0,0.0,0.0,0.0,0.0
265,-618.1006666666667,0.0,0.03500000014901161,0.9049999713897705,0.05999999865889549,0.03500000014901161,0.8899999856948853,0.07500000298023224,0.9049999713897705,0.03500000014901161,0.05999999865889549,0.0,0.0,0.0,0.0,0.0,0.0
266,-663.6896666666668,0.0,0.03999999910593033,0.9049999713897705,0.054999999701976776,0.9049999713897705,0.04500000178813934,0.05000000074505806,0.9100000262260437,0.05000000074505806,0.03999999910593033,0.0,0.0,0.0,0.0,0.0,0.0
267,-23.277666666666683,0.0,0.03500000014901161,0.9350000023841858,0.029999999329447746,0.03500000014901161,0.9350000023841858,0.029999999329447746,0.03500000014901161,0.9350000023841858,0.029999999329447746,0.0,0.0,0.0,0.0,0.0,0.0
268,-160.74199999999996,0.0,0.03500000014901161,0.9350000023841858,0.029999999329447746,0.9399999976158142,0.029999999329447746,0.029999999329447746,0.9399999976158142,0.029999999329447746,0.029999999329447746,0.0,0.0,0.0,0.0,0.0,0.0
269,-142.445,0.0,0.03500000014901161,0.8799999952316284,0.08500000089406967,0.03999999910593033,0.8799999952316284,0.07999999821186066,0.8849999904632568,0.04500000178813934,0.07000000029802322,0.0,0.0,0.0,0.0,0.0,0.0
270,-33.38999999999999,0.0,0.03500000014901161,0.029999999329447746,0.9350000023841858,0.03500000014901161,0.029999999329447746,0.9350000023841858,0.03500000014901161,0.9350000023841858,0.029999999329447746,0.0,0.0,0.0,0.0,0.0,0.0
271,-50.17233333333334,0.0,0.03500000014901161,0.9350000023841858,0.029999999329447746,0.03500000014901161,0.9350000023841858,0.029999999329447746,0.9399999976158142,0.029999999329447746,0.029999999329447746,0.0,0.0,0.0,0.0,0.0,0.0
272,-157.97666666666666,0.0,0.03500000014901161,0.9350000023841858,0.029999999329447746,0.03500000014901161,0.9350000023841858,0.029999999329447746,0.03500000014901161,0.9350000023841858,0.029999999329447746,0.0,0.0,0.0,0.0,0.0,0.0
273,-24.62433333333331,0.0,0.03500000014901161,0.9350000023841858,0.029999999329447746,0.03500000014901161,0.9300000071525574,0.03500000014901161,0.03500000014901161,0.9350000023841858,0.029999999329447746,0.0,0.0,0.0,0.0,0.0,0.0
274,-70.6043333333333,0.0,0.03500000014901161,0.029999999329447746,0.9350000023841858,0.03500000014901161,0.9200000166893005,0.04500000178813934,0.03500000014901161,0.9350000023841858,0.029999999329447746,0.0,0.0,0.0,0.0,0.0,0.0
275,-85.07633333333335,0.0,0.04500000178813934,0.05000000074505806,0.9049999713897705,0.03500000014901161,0.8949999809265137,0.07000000029802322,0.8999999761581421,0.029999999329447746,0.07000000029802322,0.0,0.0,0.0,0.0,0.0,0.0
276,-76.72899999999998,0.0,0.03500000014901161,0.9350000023841858,0.029999999329447746,0.03500000014901161,0.9350000023841858,0.029999999329447746,0.03500000014901161,0.9350000023841858,0.029999999329447746,0.0,0.0,0.0,0.0,0.0,0.0
277,-271.5893333333333,0.0,0.03500000014901161,0.9350000023841858,0.029999999329447746,0.03500000014901161,0.9150000214576721,0.05000000074505806,0.03500000014901161,0.9350000023841858,0.029999999329447746,0.0,0.0,0.0,0.0,0.0,0.0
278,-63.98900000000003,0.0,0.03500000014901161,0.9350000023841858,0.029999999329447746,0.03500000014901161,0.9350000023841858,0.029999999329447746,0.03500000014901161,0.9350000023841858,0.029999999329447746,0.0,0.0,0.0,0.0,0.0,0.0
279,-102.25,0.0,0.03500000014901161,0.07500000298023224,0.8899999856948853,0.8899999856948853,0.04500000178813934,0.06499999761581421,0.8999999761581421,0.06499999761581421,0.03500000014901161,0.0,0.0,0.0,0.0,0.0,0.0
280,-207.32066666666677,0.0,0.03999999910593033,0.9100000262260437,0.05000000074505806,0.03500000014901161,0.9100000262260437,0.054999999701976776,0.9100000262260437,0.029999999329447746,0.05999999865889549,0.0,0.0,0.0,0.0,0.0,0.0
281,-36.94366666666666,0.0,0.03500000014901161,0.029999999329447746,0.9350000023841858,0.03500000014901161,0.03500000014901161,0.9300000071525574,0.9350000023841858,0.029999999329447746,0.03500000014901161,0.0,0.0,0.0,0.0,0.0,0.0
282,-123.56366666666665,0.0,0.03500000014901161,0.9100000262260437,0.054999999701976776,0.03500000014901161,0.9049999713897705,0.05999999865889549,0.9100000262260437,0.029999999329447746,0.05999999865889549,0.0,0.0,0.0,0.0,0.0,0.0
283,-284.02433333333335,0.0,0.03500000014901161,0.9350000023841858,0.029999999329447746,0.03500000014901161,0.9350000023841858,0.029999999329447746,0.9399999976158142,0.029999999329447746,0.029999999329447746,0.0,0.0,0.0,0.0,0.0,0.0
284,-267.11933333333343,0.0,0.03500000014901161,0.8849999904632568,0.07999999821186066,0.03999999910593033,0.8799999952316284,0.07999999821186066,0.8799999952316284,0.029999999329447746,0.09000000357627869,0.0,0.0,0.0,0.0,0.0,0.0
285,-241.8896666666667,0.0,0.03999999910593033,0.8849999904632568,0.07500000298023224,0.03999999910593033,0.8799999952316284,0.07999999821186066,0.8799999952316284,0.03500000014901161,0.08500000089406967,0.0,0.0,0.0,0.0,0.0,0.0
286,-378.95300000000026,0.0,0.03500000014901161,0.9200000166893005,0.04500000178813934,0.03500000014901161,0.8899999856948853,0.07500000298023224,0.8899999856948853,0.029999999329447746,0.07999999821186066,0.0,0.0,0.0,0.0,0.0,0.0
287,-272.4596666666666,0.0,0.03500000014901161,0.9350000023841858,0.029999999329447746,0.03500000014901161,0.925000011920929,0.03999999910593033,0.03500000014901161,0.9350000023841858,0.029999999329447746,0.0,0.0,0.0,0.0,0.0,0.0
288,-131.59066666666664,0.0,0.03500000014901161,0.029999999329447746,0.9350000023841858,0.9399999976158142,0.029999999329447746,0.029999999329447746,0.9399999976158142,0.029999999329447746,0.029999999329447746,0.0,0.0,0.0,0.0,0.0,0.0
289,-51.62333333333332,0.0,0.03500000014901161,0.9350000023841858,0.029999999329447746,0.03500000014901161,0.9350000023841858,0.029999999329447746,0.03500000014901161,0.9350000023841858,0.029999999329447746,0.0,0.0,0.0,0.0,0.0,0.0
290,-39.71066666666666,0.0,0.03500000014901161,0.9350000023841858,0.029999999329447746,0.03500000014901161,0.925000011920929,0.03999999910593033,0.9300000071525574,0.029999999329447746,0.03999999910593033,0.0,0.0,0.0,0.0,0.0,0.0
291,-604.7429999999998,0.0,0.03999999910593033,0.8999999761581421,0.05999999865889549,0.8899999856948853,0.05000000074505806,0.05999999865889549,0.8999999761581421,0.07000000029802322,0.029999999329447746,0.0,0.0,0.0,0.0,0.0,0.0
292,-213.45033333333336,0.0,0.9399999976158142,0.029999999329447746,0.029999999329447746,0.9399999976158142,0.029999999329447746,0.029999999329447746,0.9399999976158142,0.029999999329447746,0.029999999329447746,0.0,0.0,0.0,0.0,0.0,0.0
293,-66.69333333333333,0.0,0.03500000014901161,0.9350000023841858,0.029999999329447746,0.03500000014901161,0.9350000023841858,0.029999999329447746,0.03500000014901161,0.9350000023841858,0.029999999329447746,0.0,0.0,0.0,0.0,0.0,0.0
294,-298.97633333333334,0.0,0.03500000014901161,0.8799999952316284,0.08500000089406967,0.03500000014901161,0.8799999952316284,0.08500000089406967,0.8799999952316284,0.03500000014901161,0.08500000089406967,0.0,0.0,0.0,0.0,0.0,0.0
295,-125.99700000000001,0.0,0.03999999910593033,0.8899999856948853,0.07000000029802322,0.03500000014901161,0.8899999856948853,0.07500000298023224,0.8949999809265137,0.03999999910593033,0.06499999761581421,0.0,0.0,0.0,0.0,0.0,0.0
296,-27.457333333333317,0.0,0.03500000014901161,0.029999999329447746,0.9350000023841858,0.03500000014901161,0.029999999329447746,0.9350000023841858,0.03500000014901161,0.029999999329447746,0.9350000023841858,0.0,0.0,0.0,0.0,0.0,0.0
297,-39.666999999999994,0.0,0.03500000014901161,0.029999999329447746,0.9350000023841858,0.03500000014901161,0.9300000071525574,0.03500000014901161,0.03500000014901161,0.9350000023841858,0.029999999329447746,0.0,0.0,0.0,0.0,0.0,0.0
298,-249.25033333333326,0.0,0.05000000074505806,0.8899999856948853,0.05999999865889549,0.03500000014901161,0.8849999904632568,0.07999999821186066,0.8899999856948853,0.029999999329447746,0.07999999821186066,0.0,0.0,0.0,0.0,0.0,0.0
299,-30.897999999999964,0.0,0.03500000014901161,0.9350000023841858,0.029999999329447746,0.03500000014901161,0.925000011920929,0.03999999910593033,0.03500000014901161,0.9350000023841858,0.029999999329447746,0.0,0.0,0.0,0.0,0.0,0.0
300,-199.43433333333334,0.0,0.03500000014901161,0.029999999329447746,0.9350000023841858,0.03500000014901161,0.9350000023841858,0.029999999329447746,0.03500000014901161,0.9350000023841858,0.029999999329447746,0.0,0.0,0.0,0.0,0.0,0.0
301,-276.856,0.0,0.03500000014901161,0.9100000262260437,0.054999999701976776,0.9100000262260437,0.03999999910593033,0.05000000074505806,0.9350000023841858,0.029999999329447746,0.03500000014901161,0.0,0.0,0.0,0.0,0.0,0.0
302,-48.26533333333332,0.0,0.03500000014901161,0.9350000023841858,0.029999999329447746,0.03500000014901161,0.9300000071525574,0.03500000014901161,0.03500000014901161,0.9350000023841858,0.029999999329447746,0.0,0.0,0.0,0.0,0.0,0.0
303,-144.10266666666664,0.0,0.04500000178813934,0.8849999904632568,0.07000000029802322,0.03500000014901161,0.8849999904632568,0.07999999821186066,0.8899999856948853,0.03500000014901161,0.07500000298023224,0.0,0.0,0.0,0.0,0.0,0.0
304,-88.52133333333335,0.0,0.03500000014901161,0.9350000023841858,0.029999999329447746,0.03500000014901161,0.9300000071525574,0.03500000014901161,0.03500000014901161,0.9350000023841858,0.029999999329447746,0.0,0.0,0.0,0.0,0.0,0.0
305,-44.78633333333336,0.0,0.03500000014901161,0.9350000023841858,0.029999999329447746,0.03500000014901161,0.9300000071525574,0.03500000014901161,0.03500000014901161,0.9350000023841858,0.029999999329447746,0.0,0.0,0.0,0.0,0.0,0.0
306,-85.33866666666668,0.0,0.9399999976158142,0.029999999329447746,0.029999999329447746,0.9399999976158142,0.029999999329447746,0.029999999329447746,0.9399999976158142,0.029999999329447746,0.029999999329447746,0.0,0.0,0.0,0.0,0.0,0.0
307,-94.30733333333336,0.0,0.04500000178813934,0.8799999952316284,0.07500000298023224,0.03500000014901161,0.8799999952316284,0.08500000089406967,0.8849999904632568,0.03500000014901161,0.07999999821186066,0.0,0.0,0.0,0.0,0.0,0.0
308,-108.63700000000006,0.0,0.03999999910593033,0.8999999761581421,0.05999999865889549,0.04500000178813934,0.8849999904632568,0.07000000029802322,0.9049999713897705,0.029999999329447746,0.06499999761581421,0.0,0.0,0.0,0.0,0.0,0.0
309,-309.10700000000014,0.0,0.03500000014901161,0.9350000023841858,0.029999999329447746,0.03500000014901161,0.9350000023841858,0.029999999329447746,0.03500000014901161,0.9350000023841858,0.029999999329447746,0.0,0.0,0.0,0.0,0.0,0.0
310,-29.41066666666666,0.0,0.03500000014901161,0.9350000023841858,0.029999999329447746,0.03500000014901161,0.9350000023841858,0.029999999329447746,0.03500000014901161,0.9350000023841858,0.029999999329447746,0.0,0.0,0.0,0.0,0.0,0.0
311,-232.1683333333334,0.0,0.03500000014901161,0.9350000023841858,0.029999999329447746,0.03500000014901161,0.9350000023841858,0.029999999329447746,0.03500000014901161,0.9350000023841858,0.029999999329447746,0.0,0.0,0.0,0.0,0.0,0.0
312,-100.08866666666667,0.0,0.03500000014901161,0.9350000023841858,0.029999999329447746,0.03500000014901161,0.9350000023841858,0.029999999329447746,0.03500000014901161,0.9350000023841858,0.029999999329447746,0.0,0.0,0.0,0.0,0.0,0.0
313,-41.97666666666666,0.0,0.03500000014901161,0.9350000023841858,0.029999999329447746,0.03500000014901161,0.9150000214576721,0.05000000074505806,0.9150000214576721,0.029999999329447746,0.054999999701976776,0.0,0.0,0.0,0.0,0.0,0.0
314,-36.33233333333336,0.0,0.03500000014901161,0.029999999329447746,0.9350000023841858,0.03500000014901161,0.029999999329447746,0.9350000023841858,0.03500000014901161,0.029999999329447746,0.9350000023841858,0.0,0.0,0.0,0.0,0.0,0.0
315,-65.25733333333335,0.0,0.03500000014901161,0.9350000023841858,0.029999999329447746,0.03500000014901161,0.9300000071525574,0.03500000014901161,0.03500000014901161,0.9350000023841858,0.029999999329447746,0.0,0.0,0.0,0.0,0.0,0.0
316,-176.8073333333333,0.0,0.03500000014901161,0.9350000023841858,0.029999999329447746,0.03500000014901161,0.9300000071525574,0.03500000014901161,0.03500000014901161,0.9350000023841858,0.029999999329447746,0.0,0.0,0.0,0.0,0.0,0.0
317,-18.235,0.0,0.03500000014901161,0.9350000023841858,0.029999999329447746,0.03500000014901161,0.9350000023841858,0.029999999329447746,0.03500000014901161,0.9350000023841858,0.029999999329447746,0.0,0.0,0.0,0.0,0.0,0.0
318,-43.42999999999998,0.0,0.03500000014901161,0.9350000023841858,0.029999999329447746,0.03500000014901161,0.9350000023841858,0.029999999329447746,0.03500000014901161,0.9350000023841858,0.029999999329447746,0.0,0.0,0.0,0.0,0.0,0.0
319,-301.49433333333326,0.0,0.05000000074505806,0.8799999952316284,0.07000000029802322,0.03500000014901161,0.875,0.09000000357627869,0.8799999952316284,0.03500000014901161,0.08500000089406967,0.0,0.0,0.0,0.0,0.0,0.0
320,-170.37699999999998,0.0,0.03500000014901161,0.029999999329447746,0.9350000023841858,0.03500000014901161,0.9350000023841858,0.029999999329447746,0.03500000014901161,0.9350000023841858,0.029999999329447746,0.0,0.0,0.0,0.0,0.0,0.0
321,-495.1970000000001,0.0,0.05999999865889549,0.8849999904632568,0.054999999701976776,0.03500000014901161,0.875,0.09000000357627869,0.8799999952316284,0.05000000074505806,0.07000000029802322,0.0,0.0,0.0,0.0,0.0,0.0
322,-353.1543333333334,0.0,0.03500000014901161,0.9350000023841858,0.029999999329447746,0.03500000014901161,0.9350000023841858,0.029999999329447746,0.03500000014901161,0.9350000023841858,0.029999999329447746,0.0,0.0,0.0,0.0,0.0,0.0
323,-116.15766666666669,0.0,0.03500000014901161,0.029999999329447746,0.9350000023841858,0.9399999976158142,0.029999999329447746,0.029999999329447746,0.9399999976158142,0.029999999329447746,0.029999999329447746,0.0,0.0,0.0,0.0,0.0,0.0
324,-56.90366666666666,0.0,0.03500000014901161,0.9200000166893005,0.04500000178813934,0.03999999910593033,0.05000000074505806,0.9100000262260437,0.9100000262260437,0.029999999329447746,0.05999999865889549,0.0,0.0,0.0,0.0,0.0,0.0
325,-242.84066666666666,0.0,0.03500000014901161,0.029999999329447746,0.9350000023841858,0.03500000014901161,0.029999999329447746,0.9350000023841858,0.03500000014901161,0.9350000023841858,0.029999999329447746,0.0,0.0,0.0,0.0,0.0,0.0
326,-63.19133333333337,0.0,0.03500000014901161,0.9350000023841858,0.029999999329447746,0.03500000014901161,0.9200000166893005,0.04500000178813934,0.9300000071525574,0.03500000014901161,0.03500000014901161,0.0,0.0,0.0,0.0,0.0,0.0
327,-456.37466666666654,0.0,0.07999999821186066,0.8849999904632568,0.03500000014901161,0.03500000014901161,0.8799999952316284,0.08500000089406967,0.8849999904632568,0.03999999910593033,0.07500000298023224,0.0,0.0,0.0,0.0,0.0,0.0
328,-34.443333333333314,0.0,0.03500000014901161,0.9350000023841858,0.029999999329447746,0.03500000014901161,0.9350000023841858,0.029999999329447746,0.03500000014901161,0.9350000023841858,0.029999999329447746,0.0,0.0,0.0,0.0,0.0,0.0
329,-38.113666666666674,0.0,0.03500000014901161,0.9350000023841858,0.029999999329447746,0.03500000014901161,0.9350000023841858,0.029999999329447746,0.03500000014901161,0.9350000023841858,0.029999999329447746,0.0,0.0,0.0,0.0,0.0,0.0
330,-48.64399999999997,0.0,0.03500000014901161,0.9350000023841858,0.029999999329447746,0.03500000014901161,0.9350000023841858,0.029999999329447746,0.9399999976158142,0.029999999329447746,0.029999999329447746,0.0,0.0,0.0,0.0,0.0,0.0
331,-52.45233333333333,0.0,0.03500000014901161,0.9350000023841858,0.029999999329447746,0.03500000014901161,0.9350000023841858,0.029999999329447746,0.03500000014901161,0.9350000023841858,0.029999999329447746,0.0,0.0,0.0,0.0,0.0,0.0
332,-48.474333333333334,0.0,0.03500000014901161,0.9350000023841858,0.029999999329447746,0.03500000014901161,0.9350000023841858,0.029999999329447746,0.03500000014901161,0.9350000023841858,0.029999999329447746,0.0,0.0,0.0,0.0,0.0,0.0
333,-247.7636666666667,0.0,0.03999999910593033,0.8899999856948853,0.07000000029802322,0.8899999856948853,0.029999999329447746,0.07999999821186066,0.8949999809265137,0.07500000298023224,0.029999999329447746,0.0,0.0,0.0,0.0,0.0,0.0
334,-184.38933333333335,0.0,0.03999999910593033,0.9100000262260437,0.05000000074505806,0.03999999910593033,0.8849999904632568,0.07500000298023224,0.8999999761581421,0.03500000014901161,0.06499999761581421,0.0,0.0,0.0,0.0,0.0,0.0
335,-145.04933333333335,0.0,0.03500000014901161,0.8899999856948853,0.07500000298023224,0.03500000014901161,0.8849999904632568,0.07999999821186066,0.8899999856948853,0.04500000178813934,0.06499999761581421,0.0,0.0,0.0,0.0,0.0,0.0
336,-251.30333333333328,0.0,0.03500000014901161,0.9350000023841858,0.029999999329447746,0.03500000014901161,0.9350000023841858,0.029999999329447746,0.9399999976158142,0.029999999329447746,0.029999999329447746,0.0,0.0,0.0,0.0,0.0,0.0
337,-102.71966666666667,0.0,0.05999999865889549,0.9100000262260437,0.029999999329447746,0.03500000014901161,0.9049999713897705,0.05999999865889549,0.9100000262260437,0.03999999910593033,0.05000000074505806,0.0,0.0,0.0,0.0,0.0,0.0
338,-131.68666666666667,0.0,0.03500000014901161,0.9350000023841858,0.029999999329447746,0.03500000014901161,0.9200000166893005,0.04500000178813934,0.03500000014901161,0.9350000023841858,0.029999999329447746,0.0,0.0,0.0,0.0,0.0,0.0
339,-49.45333333333332,0.0,0.03500000014901161,0.9350000023841858,0.029999999329447746,0.03500000014901161,0.925000011920929,0.03999999910593033,0.03500000014901161,0.9350000023841858,0.029999999329447746,0.0,0.0,0.0,0.0,0.0,0.0
340,-288.8576666666666,0.0,0.06499999761581421,0.9049999713897705,0.029999999329447746,0.03500000014901161,0.8999999761581421,0.06499999761581421,0.9049999713897705,0.03999999910593033,0.054999999701976776,0.0,0.0,0.0,0.0,0.0,0.0
341,-229.5513333333334,0.0,0.05000000074505806,0.8849999904632568,0.06499999761581421,0.03500000014901161,0.8849999904632568,0.07999999821186066,0.8849999904632568,0.03500000014901161,0.07999999821186066,0.0,0.0,0.0,0.0,0.0,0.0
342,-54.329333333333345,0.0,0.03500000014901161,0.029999999329447746,0.9350000023841858,0.03500000014901161,0.029999999329447746,0.9350000023841858,0.03500000014901161,0.029999999329447746,0.9350000023841858,0.0,0.0,0.0,0.0,0.0,0.0
343,-47.90466666666667,0.0,0.03500000014901161,0.9350000023841858,0.029999999329447746,0.03500000014901161,0.9300000071525574,0.03500000014901161,0.03500000014901161,0.9350000023841858,0.029999999329447746,0.0,0.0,0.0,0.0,0.0,0.0
344,-200.7193333333333,0.0,0.07000000029802322,0.8899999856948853,0.03999999910593033,0.03500000014901161,0.8849999904632568,0.07999999821186066,0.8899999856948853,0.054999999701976776,0.054999999701976776,0.0,0.0,0.0,0.0,0.0,0.0
345,-518.4136666666667,0.0,0.03500000014901161,0.9350000023841858,0.029999999329447746,0.03500000014901161,0.9350000023841858,0.029999999329447746,0.03500000014901161,0.9350000023841858,0.029999999329447746,0.0,0.0,0.0,0.0,0.0,0.0
346,-36.609333333333325,0.0,0.03500000014901161,0.9350000023841858,0.029999999329447746,0.03500000014901161,0.9350000023841858,0.029999999329447746,0.03500000014901161,0.9350000023841858,0.029999999329447746,0.0,0.0,0.0,0.0,0.0,0.0
347,-124.507,0.0,0.03999999910593033,0.9300000071525574,0.029999999329447746,0.03500000014901161,0.9200000166893005,0.04500000178813934,0.925000011920929,0.03999999910593033,0.03500000014901161,0.0,0.0,0.0,0.0,0.0,0.0
348,-82.83699999999999,0.0,0.03500000014901161,0.9350000023841858,0.029999999329447746,0.03500000014901161,0.9100000262260437,0.054999999701976776,0.03500000014901161,0.9350000023841858,0.029999999329447746,0.0,0.0,0.0,0.0,0.0,0.0
349,-42.02733333333331,0.0,0.03500000014901161,0.9350000023841858,0.029999999329447746,0.03500000014901161,0.9350000023841858,0.029999999329447746,0.03500000014901161,0.9350000023841858,0.029999999329447746,0.0,0.0,0.0,0.0,0.0,0.0
350,-701.7460000000002,0.0,0.07000000029802322,0.8799999952316284,0.05000000074505806,0.03500000014901161,0.875,0.09000000357627869,0.8799999952316284,0.05000000074505806,0.07000000029802322,0.0,0.0,0.0,0.0,0.0,0.0
351,-242.05366666666666,0.0,0.05999999865889549,0.8799999952316284,0.05999999865889549,0.03500000014901161,0.8799999952316284,0.08500000089406967,0.8799999952316284,0.05000000074505806,0.07000000029802322,0.0,0.0,0.0,0.0,0.0,0.0
352,-88.37900000000003,0.0,0.03500000014901161,0.9350000023841858,0.029999999329447746,0.03500000014901161,0.9300000071525574,0.03500000014901161,0.03500000014901161,0.9350000023841858,0.029999999329447746,0.0,0.0,0.0,0.0,0.0,0.0
353,-51.949000000000005,0.0,0.03500000014901161,0.9350000023841858,0.029999999329447746,0.03500000014901161,0.9350000023841858,0.029999999329447746,0.03500000014901161,0.9350000023841858,0.029999999329447746,0.0,0.0,0.0,0.0,0.0,0.0
354,-227.15500000000017,0.0,0.03500000014901161,0.9350000023841858,0.029999999329447746,0.03500000014901161,0.9350000023841858,0.029999999329447746,0.9399999976158142,0.029999999329447746,0.029999999329447746,0.0,0.0,0.0,0.0,0.0,0.0
355,-389.439333333333,0.0,0.03500000014901161,0.9350000023841858,0.029999999329447746,0.03500000014901161,0.9350000023841858,0.029999999329447746,0.03500000014901161,0.9350000023841858,0.029999999329447746,0.0,0.0,0.0,0.0,0.0,0.0
356,-96.236,0.0,0.03500000014901161,0.029999999329447746,0.9350000023841858,0.03500000014901161,0.9350000023841858,0.029999999329447746,0.03500000014901161,0.9350000023841858,0.029999999329447746,0.0,0.0,0.0,0.0,0.0,0.0
357,-350.52933333333317,0.0,0.03500000014901161,0.9350000023841858,0.029999999329447746,0.03500000014901161,0.9300000071525574,0.03500000014901161,0.03500000014901161,0.9350000023841858,0.029999999329447746,0.0,0.0,0.0,0.0,0.0,0.0
358,-144.92700000000002,0.0,0.03500000014901161,0.9350000023841858,0.029999999329447746,0.03500000014901161,0.925000011920929,0.03999999910593033,0.03500000014901161,0.9350000023841858,0.029999999329447746,0.0,0.0,0.0,0.0,0.0,0.0
359,-266.01800000000003,0.0,0.03500000014901161,0.9350000023841858,0.029999999329447746,0.03500000014901161,0.9350000023841858,0.029999999329447746,0.03500000014901161,0.9350000023841858,0.029999999329447746,0.0,0.0,0.0,0.0,0.0,0.0
360,-333.2553333333334,0.0,0.03500000014901161,0.8799999952316284,0.08500000089406967,0.03500000014901161,0.8799999952316284,0.08500000089406967,0.8849999904632568,0.05000000074505806,0.06499999761581421,0.0,0.0,0.0,0.0,0.0,0.0
361,-36.18366666666666,0.0,0.03500000014901161,0.9350000023841858,0.029999999329447746,0.03500000014901161,0.9350000023841858,0.029999999329447746,0.03500000014901161,0.9350000023841858,0.029999999329447746,0.0,0.0,0.0,0.0,0.0,0.0
362,-133.80966666666674,0.0,0.03500000014901161,0.9350000023841858,0.029999999329447746,0.03500000014901161,0.9350000023841858,0.029999999329447746,0.03500000014901161,0.9350000023841858,0.029999999329447746,0.0,0.0,0.0,0.0,0.0,0.0
363,-532.4976666666664,0.0,0.06499999761581421,0.8799999952316284,0.054999999701976776,0.03500000014901161,0.875,0.09000000357627869,0.8799999952316284,0.07500000298023224,0.04500000178813934,0.0,0.0,0.0,0.0,0.0,0.0
364,-93.73333333333336,0.0,0.03500000014901161,0.029999999329447746,0.9350000023841858,0.03500000014901161,0.9350000023841858,0.029999999329447746,0.9399999976158142,0.029999999329447746,0.029999999329447746,0.0,0.0,0.0,0.0,0.0,0.0
365,-74.06100000000004,0.0,0.06499999761581421,0.8899999856948853,0.04500000178813934,0.8899999856948853,0.029999999329447746,0.07999999821186066,0.8999999761581421,0.07000000029802322,0.029999999329447746,0.0,0.0,0.0,0.0,0.0,0.0
366,-353.15733333333316,0.0,0.03500000014901161,0.029999999329447746,0.9350000023841858,0.03500000014901161,0.029999999329447746,0.9350000023841858,0.03500000014901161,0.9350000023841858,0.029999999329447746,0.0,0.0,0.0,0.0,0.0,0.0
367,-223.11466666666672,0.0,0.05000000074505806,0.8799999952316284,0.07000000029802322,0.03500000014901161,0.8799999952316284,0.08500000089406967,0.8799999952316284,0.06499999761581421,0.054999999701976776,0.0,0.0,0.0,0.0,0.0,0.0
368,-65.07366666666664,0.0,0.03500000014901161,0.9350000023841858,0.029999999329447746,0.03500000014901161,0.9350000023841858,0.029999999329447746,0.9399999976158142,0.029999999329447746,0.029999999329447746,0.0,0.0,0.0,0.0,0.0,0.0
369,-106.87266666666672,0.0,0.9399999976158142,0.029999999329447746,0.029999999329447746,0.9399999976158142,0.029999999329447746,0.029999999329447746,0.9399999976158142,0.029999999329447746,0.029999999329447746,0.0,0.0,0.0,0.0,0.0,0.0
370,-34.48033333333332,0.0,0.03500000014901161,0.9350000023841858,0.029999999329447746,0.03500000014901161,0.029999999329447746,0.9350000023841858,0.03500000014901161,0.9350000023841858,0.029999999329447746,0.0,0.0,0.0,0.0,0.0,0.0
371,-117.25599999999994,0.0,0.06499999761581421,0.8899999856948853,0.04500000178813934,0.8999999761581421,0.029999999329447746,0.07000000029802322,0.9200000166893005,0.04500000178813934,0.03500000014901161,0.0,0.0,0.0,0.0,0.0,0.0
372,-131.19899999999998,0.0,0.06499999761581421,0.8799999952316284,0.054999999701976776,0.03999999910593033,0.8849999904632568,0.07500000298023224,0.8799999952316284,0.03999999910593033,0.07999999821186066,0.0,0.0,0.0,0.0,0.0,0.0
373,-247.25466666666668,0.0,0.03500000014901161,0.9350000023841858,0.029999999329447746,0.03500000014901161,0.9350000023841858,0.029999999329447746,0.03500000014901161,0.9350000023841858,0.029999999329447746,0.0,0.0,0.0,0.0,0.0,0.0
374,-40.29166666666662,0.0,0.03500000014901161,0.9350000023841858,0.029999999329447746,0.03500000014901161,0.9350000023841858,0.029999999329447746,0.03500000014901161,0.9350000023841858,0.029999999329447746,0.0,0.0,0.0,0.0,0.0,0.0
375,-36.82899999999997,0.0,0.03500000014901161,0.9350000023841858,0.029999999329447746,0.03500000014901161,0.9350000023841858,0.029999999329447746,0.03500000014901161,0.9350000023841858,0.029999999329447746,0.0,0.0,0.0,0.0,0.0,0.0
376,-21.676,0.0,0.03500000014901161,0.9350000023841858,0.029999999329447746,0.03500000014901161,0.9350000023841858,0.029999999329447746,0.03500000014901161,0.9350000023841858,0.029999999329447746,0.0,0.0,0.0,0.0,0.0,0.0
377,-145.11666666666673,0.0,0.03500000014901161,0.9300000071525574,0.03500000014901161,0.03500000014901161,0.9200000166893005,0.04500000178813934,0.03500000014901161,0.9350000023841858,0.029999999329447746,0.0,0.0,0.0,0.0,0.0,0.0
378,-46.265333333333345,0.0,0.03500000014901161,0.029999999329447746,0.9350000023841858,0.03500000014901161,0.9350000023841858,0.029999999329447746,0.03500000014901161,0.9350000023841858,0.029999999329447746,0.0,0.0,0.0,0.0,0.0,0.0
379,-258.67699999999996,0.0,0.03500000014901161,0.9350000023841858,0.029999999329447746,0.03500000014901161,0.9300000071525574,0.03500000014901161,0.03500000014901161,0.9350000023841858,0.029999999329447746,0.0,0.0,0.0,0.0,0.0,0.0
380,-35.55500000000001,0.0,0.03500000014901161,0.029999999329447746,0.9350000023841858,0.03500000014901161,0.029999999329447746,0.9350000023841858,0.03500000014901161,0.029999999329447746,0.9350000023841858,0.0,0.0,0.0,0.0,0.0,0.0
381,-144.9613333333333,0.0,0.05000000074505806,0.8899999856948853,0.05999999865889549,0.03500000014901161,0.8849999904632568,0.07999999821186066,0.8949999809265137,0.06499999761581421,0.03999999910593033,0.0,0.0,0.0,0.0,0.0,0.0
382,-281.62900000000013,0.0,0.03500000014901161,0.029999999329447746,0.9350000023841858,0.03500000014901161,0.03500000014901161,0.9300000071525574,0.03500000014901161,0.03500000014901161,0.9300000071525574,0.0,0.0,0.0,0.0,0.0,0.0
383,-282.15466666666657,0.0,0.03500000014901161,0.8999999761581421,0.06499999761581421,0.03500000014901161,0.8849999904632568,0.07999999821186066,0.8799999952316284,0.05999999865889549,0.05999999865889549,0.0,0.0,0.0,0.0,0.0,0.0
384,-41.580666666666694,0.0,0.03500000014901161,0.03500000014901161,0.9300000071525574,0.03500000014901161,0.925000011920929,0.03999999910593033,0.9300000071525574,0.03999999910593033,0.029999999329447746,0.0,0.0,0.0,0.0,0.0,0.0
385,-173.8323333333333,0.0,0.03500000014901161,0.9350000023841858,0.029999999329447746,0.03500000014901161,0.9350000023841858,0.029999999329447746,0.03500000014901161,0.9350000023841858,0.029999999329447746,0.0,0.0,0.0,0.0,0.0,0.0
386,-105.43833333333332,0.0,0.03500000014901161,0.9100000262260437,0.054999999701976776,0.03500000014901161,0.9049999713897705,0.05999999865889549,0.9100000262260437,0.05000000074505806,0.03999999910593033,0.0,0.0,0.0,0.0,0.0,0.0
387,-58.08866666666667,0.0,0.03500000014901161,0.9350000023841858,0.029999999329447746,0.03999999910593033,0.925000011920929,0.03500000014901161,0.9300000071525574,0.03500000014901161,0.03500000014901161,0.0,0.0,0.0,0.0,0.0,0.0
388,-65.29033333333332,0.0,0.03500000014901161,0.9350000023841858,0.029999999329447746,0.03500000014901161,0.9350000023841858,0.029999999329447746,0.9399999976158142,0.029999999329447746,0.029999999329447746,0.0,0.0,0.0,0.0,0.0,0.0
389,-47.49466666666668,0.0,0.03500000014901161,0.9350000023841858,0.029999999329447746,0.03500000014901161,0.925000011920929,0.03999999910593033,0.03500000014901161,0.9350000023841858,0.029999999329447746,0.0,0.0,0.0,0.0,0.0,0.0
390,-415.3843333333335,0.0,0.03500000014901161,0.9200000166893005,0.04500000178813934,0.03500000014901161,0.8949999809265137,0.07000000029802322,0.8999999761581421,0.05000000074505806,0.05000000074505806,0.0,0.0,0.0,0.0,0.0,0.0
391,-40.164333333333346,0.0,0.03500000014901161,0.9350000023841858,0.029999999329447746,0.03500000014901161,0.9350000023841858,0.029999999329447746,0.03500000014901161,0.9350000023841858,0.029999999329447746,0.0,0.0,0.0,0.0,0.0,0.0
392,-43.263666666666694,0.0,0.03500000014901161,0.9350000023841858,0.029999999329447746,0.03500000014901161,0.9350000023841858,0.029999999329447746,0.03500000014901161,0.9350000023841858,0.029999999329447746,0.0,0.0,0.0,0.0,0.0,0.0
393,-272.76166666666666,0.0,0.04500000178813934,0.9200000166893005,0.03500000014901161,0.03500000014901161,0.8949999809265137,0.07000000029802322,0.8899999856948853,0.054999999701976776,0.054999999701976776,0.0,0.0,0.0,0.0,0.0,0.0
394,-292.62033333333324,0.0,0.03500000014901161,0.9350000023841858,0.029999999329447746,0.03500000014901161,0.9350000023841858,0.029999999329447746,0.03500000014901161,0.9350000023841858,0.029999999329447746,0.0,0.0,0.0,0.0,0.0,0.0
395,-232.5019999999999,0.0,0.03500000014901161,0.9350000023841858,0.029999999329447746,0.03500000014901161,0.9350000023841858,0.029999999329447746,0.03500000014901161,0.9350000023841858,0.029999999329447746,0.0,0.0,0.0,0.0,0.0,0.0
396,-240.03633333333346,0.0,0.03500000014901161,0.9350000023841858,0.029999999329447746,0.9399999976158142,0.029999999329447746,0.029999999329447746,0.9399999976158142,0.029999999329447746,0.029999999329447746,0.0,0.0,0.0,0.0,0.0,0.0
397,-87.81366666666663,0.0,0.03500000014901161,0.9350000023841858,0.029999999329447746,0.03500000014901161,0.9200000166893005,0.04500000178813934,0.03500000014901161,0.9350000023841858,0.029999999329447746,0.0,0.0,0.0,0.0,0.0,0.0
398,-57.76133333333337,0.0,0.04500000178813934,0.9150000214576721,0.03999999910593033,0.03500000014901161,0.9049999713897705,0.05999999865889549,0.9049999713897705,0.054999999701976776,0.03999999910593033,0.0,0.0,0.0,0.0,0.0,0.0
399,-61.037999999999975,0.0,0.03500000014901161,0.9350000023841858,0.029999999329447746,0.03500000014901161,0.9350000023841858,0.029999999329447746,0.03500000014901161,0.9350000023841858,0.029999999329447746,0.0,0.0,0.0,0.0,0.0,0.0
400,-47.842666666666695,0.0,0.03500000014901161,0.9350000023841858,0.029999999329447746,0.03500000014901161,0.9150000214576721,0.05000000074505806,0.03500000014901161,0.9350000023841858,0.029999999329447746,0.0,0.0,0.0,0.0,0.0,0.0
401,-248.50566666666677,0.0,0.03500000014901161,0.9350000023841858,0.029999999329447746,0.03500000014901161,0.9350000023841858,0.029999999329447746,0.03500000014901161,0.9350000023841858,0.029999999329447746,0.0,0.0,0.0,0.0,0.0,0.0
402,-204.78733333333318,0.0,0.03500000014901161,0.9350000023841858,0.029999999329447746,0.9399999976158142,0.029999999329447746,0.029999999329447746,0.9399999976158142,0.029999999329447746,0.029999999329447746,0.0,0.0,0.0,0.0,0.0,0.0
403,-136.945,0.0,0.03500000014901161,0.9350000023841858,0.029999999329447746,0.03500000014901161,0.9350000023841858,0.029999999329447746,0.03500000014901161,0.9350000023841858,0.029999999329447746,0.0,0.0,0.0,0.0,0.0,0.0
404,-26.206666666666678,0.0,0.03500000014901161,0.9350000023841858,0.029999999329447746,0.03500000014901161,0.9350000023841858,0.029999999329447746,0.03500000014901161,0.9350000023841858,0.029999999329447746,0.0,0.0,0.0,0.0,0.0,0.0
405,-86.00133333333335,0.0,0.03500000014901161,0.9350000023841858,0.029999999329447746,0.03999999910593033,0.9150000214576721,0.04500000178813934,0.9100000262260437,0.05000000074505806,0.03999999910593033,0.0,0.0,0.0,0.0,0.0,0.0
406,-44.293333333333365,0.0,0.03500000014901161,0.9350000023841858,0.029999999329447746,0.03500000014901161,0.9200000166893005,0.04500000178813934,0.03500000014901161,0.9350000023841858,0.029999999329447746,0.0,0.0,0.0,0.0,0.0,0.0
407,-84.19533333333335,0.0,0.04500000178813934,0.9100000262260437,0.04500000178813934,0.8999999761581421,0.03999999910593033,0.05999999865889549,0.9100000262260437,0.05999999865889549,0.029999999329447746,0.0,0.0,0.0,0.0,0.0,0.0
408,-318.5223333333334,0.0,0.03500000014901161,0.9300000071525574,0.03500000014901161,0.03500000014901161,0.925000011920929,0.03999999910593033,0.9300000071525574,0.03999999910593033,0.029999999329447746,0.0,0.0,0.0,0.0,0.0,0.0
409,-54.40433333333333,0.0,0.03500000014901161,0.9350000023841858,0.029999999329447746,0.03500000014901161,0.9350000023841858,0.029999999329447746,0.9399999976158142,0.029999999329447746,0.029999999329447746,0.0,0.0,0.0,0.0,0.0,0.0
410,-443.51666666666665,0.0,0.04500000178813934,0.9200000166893005,0.03500000014901161,0.03500000014901161,0.9150000214576721,0.05000000074505806,0.9200000166893005,0.05000000074505806,0.029999999329447746,0.0,0.0,0.0,0.0,0.0,0.0
411,-568.723,0.0,0.07000000029802322,0.8849999904632568,0.04500000178813934,0.03500000014901161,0.8799999952316284,0.08500000089406967,0.8799999952316284,0.09000000357627869,0.029999999329447746,0.0,0.0,0.0,0.0,0.0,0.0
412,-233.17,0.0,0.03500000014901161,0.9100000262260437,0.054999999701976776,0.03500000014901161,0.8999999761581421,0.06499999761581421,0.8999999761581421,0.07000000029802322,0.029999999329447746,0.0,0.0,0.0,0.0,0.0,0.0
413,-95.904,0.0,0.03500000014901161,0.9350000023841858,0.029999999329447746,0.03500000014901161,0.9300000071525574,0.03500000014901161,0.03500000014901161,0.9350000023841858,0.029999999329447746,0.0,0.0,0.0,0.0,0.0,0.0
414,-74.43466666666666,0.0,0.03500000014901161,0.9350000023841858,0.029999999329447746,0.03500000014901161,0.9350000023841858,0.029999999329447746,0.03500000014901161,0.9350000023841858,0.029999999329447746,0.0,0.0,0.0,0.0,0.0,0.0
415,-92.2966666666667,0.0,0.03500000014901161,0.9350000023841858,0.029999999329447746,0.03500000014901161,0.9350000023841858,0.029999999329447746,0.03500000014901161,0.9350000023841858,0.029999999329447746,0.0,0.0,0.0,0.0,0.0,0.0
416,-58.358999999999995,0.0,0.03500000014901161,0.9350000023841858,0.029999999329447746,0.03500000014901161,0.9350000023841858,0.029999999329447746,0.9399999976158142,0.029999999329447746,0.029999999329447746,0.0,0.0,0.0,0.0,0.0,0.0
417,-268.1713333333332,0.0,0.03500000014901161,0.029999999329447746,0.9350000023841858,0.03500000014901161,0.029999999329447746,0.9350000023841858,0.9399999976158142,0.029999999329447746,0.029999999329447746,0.0,0.0,0.0,0.0,0.0,0.0
418,-34.63033333333333,0.0,0.03500000014901161,0.9350000023841858,0.029999999329447746,0.03500000014901161,0.9350000023841858,0.029999999329447746,0.03500000014901161,0.9350000023841858,0.029999999329447746,0.0,0.0,0.0,0.0,0.0,0.0
419,-533.6353333333333,0.0,0.03500000014901161,0.9350000023841858,0.029999999329447746,0.03500000014901161,0.9350000023841858,0.029999999329447746,0.03500000014901161,0.9350000023841858,0.029999999329447746,0.0,0.0,0.0,0.0,0.0,0.0
420,-56.480333333333334,0.0,0.03500000014901161,0.9350000023841858,0.029999999329447746,0.03500000014901161,0.9200000166893005,0.04500000178813934,0.03500000014901161,0.9350000023841858,0.029999999329447746,0.0,0.0,0.0,0.0,0.0,0.0
421,-25.80066666666668,0.0,0.03500000014901161,0.9350000023841858,0.029999999329447746,0.03500000014901161,0.029999999329447746,0.9350000023841858,0.03500000014901161,0.9350000023841858,0.029999999329447746,0.0,0.0,0.0,0.0,0.0,0.0
422,-54.65433333333331,0.0,0.03500000014901161,0.9350000023841858,0.029999999329447746,0.03500000014901161,0.9300000071525574,0.03500000014901161,0.03500000014901161,0.9350000023841858,0.029999999329447746,0.0,0.0,0.0,0.0,0.0,0.0
423,-33.40099999999999,0.0,0.03500000014901161,0.9350000023841858,0.029999999329447746,0.03500000014901161,0.9350000023841858,0.029999999329447746,0.03500000014901161,0.9350000023841858,0.029999999329447746,0.0,0.0,0.0,0.0,0.0,0.0
424,-55.94633333333334,0.0,0.03999999910593033,0.9200000166893005,0.03999999910593033,0.9200000166893005,0.029999999329447746,0.05000000074505806,0.925000011920929,0.04500000178813934,0.029999999329447746,0.0,0.0,0.0,0.0,0.0,0.0
425,-174.472,0.0,0.03500000014901161,0.9350000023841858,0.029999999329447746,0.03500000014901161,0.9350000023841858,0.029999999329447746,0.03500000014901161,0.9350000023841858,0.029999999329447746,0.0,0.0,0.0,0.0,0.0,0.0
426,-213.36433333333326,0.0,0.03500000014901161,0.9350000023841858,0.029999999329447746,0.03500000014901161,0.9350000023841858,0.029999999329447746,0.03500000014901161,0.9350000023841858,0.029999999329447746,0.0,0.0,0.0,0.0,0.0,0.0
427,-262.2940000000002,0.0,0.9399999976158142,0.029999999329447746,0.029999999329447746,0.9399999976158142,0.029999999329447746,0.029999999329447746,0.9399999976158142,0.029999999329447746,0.029999999329447746,0.0,0.0,0.0,0.0,0.0,0.0
428,-327.0576666666666,0.0,0.03500000014901161,0.9350000023841858,0.029999999329447746,0.03500000014901161,0.9350000023841858,0.029999999329447746,0.03500000014901161,0.9350000023841858,0.029999999329447746,0.0,0.0,0.0,0.0,0.0,0.0
429,-103.17333333333332,0.0,0.03500000014901161,0.9350000023841858,0.029999999329447746,0.03500000014901161,0.9350000023841858,0.029999999329447746,0.03500000014901161,0.9350000023841858,0.029999999329447746,0.0,0.0,0.0,0.0,0.0,0.0
430,-82.2373333333333,0.0,0.9399999976158142,0.029999999329447746,0.029999999329447746,0.9399999976158142,0.029999999329447746,0.029999999329447746,0.9399999976158142,0.029999999329447746,0.029999999329447746,0.0,0.0,0.0,0.0,0.0,0.0
431,-151.70666666666673,0.0,0.03999999910593033,0.8849999904632568,0.07500000298023224,0.03500000014901161,0.875,0.09000000357627869,0.8799999952316284,0.08500000089406967,0.03500000014901161,0.0,0.0,0.0,0.0,0.0,0.0
432,-284.01266666666663,0.0,0.03500000014901161,0.9350000023841858,0.029999999329447746,0.03500000014901161,0.9350000023841858,0.029999999329447746,0.03500000014901161,0.9350000023841858,0.029999999329447746,0.0,0.0,0.0,0.0,0.0,0.0
433,-262.55433333333343,0.0,0.03999999910593033,0.8799999952316284,0.07999999821186066,0.03500000014901161,0.875,0.09000000357627869,0.8799999952316284,0.09000000357627869,0.029999999329447746,0.0,0.0,0.0,0.0,0.0,0.0
434,-38.065000000000026,0.0,0.03500000014901161,0.9350000023841858,0.029999999329447746,0.03500000014901161,0.9300000071525574,0.03500000014901161,0.03500000014901161,0.9350000023841858,0.029999999329447746,0.0,0.0,0.0,0.0,0.0,0.0
435,-244.95100000000014,0.0,0.04500000178813934,0.8799999952316284,0.07500000298023224,0.03500000014901161,0.8799999952316284,0.08500000089406967,0.8799999952316284,0.09000000357627869,0.029999999329447746,0.0,0.0,0.0,0.0,0.0,0.0
436,-52.82366666666669,0.0,0.03500000014901161,0.9350000023841858,0.029999999329447746,0.03500000014901161,0.9200000166893005,0.04500000178813934,0.03500000014901161,0.9350000023841858,0.029999999329447746,0.0,0.0,0.0,0.0,0.0,0.0
437,-405.45433333333335,0.0,0.054999999701976776,0.8799999952316284,0.06499999761581421,0.03500000014901161,0.8799999952316284,0.08500000089406967,0.8799999952316284,0.09000000357627869,0.029999999329447746,0.0,0.0,0.0,0.0,0.0,0.0
438,-105.63166666666662,0.0,0.03500000014901161,0.9350000023841858,0.029999999329447746,0.9399999976158142,0.029999999329447746,0.029999999329447746,0.9399999976158142,0.029999999329447746,0.029999999329447746,0.0,0.0,0.0,0.0,0.0,0.0
439,-181.24366666666663,0.0,0.9399999976158142,0.029999999329447746,0.029999999329447746,0.9399999976158142,0.029999999329447746,0.029999999329447746,0.9399999976158142,0.029999999329447746,0.029999999329447746,0.0,0.0,0.0,0.0,0.0,0.0
440,-45.45866666666664,0.0,0.03500000014901161,0.9350000023841858,0.029999999329447746,0.03500000014901161,0.9350000023841858,0.029999999329447746,0.9350000023841858,0.03500000014901161,0.029999999329447746,0.0,0.0,0.0,0.0,0.0,0.0
441,-185.609,0.0,0.03500000014901161,0.9350000023841858,0.029999999329447746,0.03500000014901161,0.9300000071525574,0.03500000014901161,0.03500000014901161,0.9350000023841858,0.029999999329447746,0.0,0.0,0.0,0.0,0.0,0.0
442,-28.10166666666666,0.0,0.03500000014901161,0.9350000023841858,0.029999999329447746,0.03500000014901161,0.9350000023841858,0.029999999329447746,0.03500000014901161,0.9350000023841858,0.029999999329447746,0.0,0.0,0.0,0.0,0.0,0.0
443,-81.675,0.0,0.03500000014901161,0.9350000023841858,0.029999999329447746,0.03500000014901161,0.029999999329447746,0.9350000023841858,0.9399999976158142,0.029999999329447746,0.029999999329447746,0.0,0.0,0.0,0.0,0.0,0.0
444,-250.44066666666663,0.0,0.03500000014901161,0.9350000023841858,0.029999999329447746,0.03500000014901161,0.9350000023841858,0.029999999329447746,0.03500000014901161,0.9350000023841858,0.029999999329447746,0.0,0.0,0.0,0.0,0.0,0.0
445,-55.11000000000003,0.0,0.03500000014901161,0.9350000023841858,0.029999999329447746,0.03500000014901161,0.9150000214576721,0.05000000074505806,0.03500000014901161,0.9350000023841858,0.029999999329447746,0.0,0.0,0.0,0.0,0.0,0.0
446,-35.098,0.0,0.03500000014901161,0.029999999329447746,0.9350000023841858,0.03500000014901161,0.029999999329447746,0.9350000023841858,0.03500000014901161,0.9350000023841858,0.029999999329447746,0.0,0.0,0.0,0.0,0.0,0.0
447,-278.5439999999999,0.0,0.03500000014901161,0.9350000023841858,0.029999999329447746,0.03500000014901161,0.9350000023841858,0.029999999329447746,0.03500000014901161,0.9350000023841858,0.029999999329447746,0.0,0.0,0.0,0.0,0.0,0.0
448,-125.00166666666668,0.0,0.03500000014901161,0.029999999329447746,0.9350000023841858,0.03500000014901161,0.029999999329447746,0.9350000023841858,0.03500000014901161,0.029999999329447746,0.9350000023841858,0.0,0.0,0.0,0.0,0.0,0.0
449,-28.057666666666673,0.0,0.03500000014901161,0.9350000023841858,0.029999999329447746,0.03500000014901161,0.9350000023841858,0.029999999329447746,0.9399999976158142,0.029999999329447746,0.029999999329447746,0.0,0.0,0.0,0.0,0.0,0.0
450,-95.78200000000001,0.0,0.05000000074505806,0.9100000262260437,0.03999999910593033,0.03500000014901161,0.9100000262260437,0.054999999701976776,0.9150000214576721,0.054999999701976776,0.029999999329447746,0.0,0.0,0.0,0.0,0.0,0.0
451,-69.47066666666663,0.0,0.03500000014901161,0.9350000023841858,0.029999999329447746,0.03500000014901161,0.925000011920929,0.03999999910593033,0.03500000014901161,0.9350000023841858,0.029999999329447746,0.0,0.0,0.0,0.0,0.0,0.0
452,-229.58633333333336,0.0,0.03500000014901161,0.9350000023841858,0.029999999329447746,0.03500000014901161,0.9200000166893005,0.04500000178813934,0.03500000014901161,0.9350000023841858,0.029999999329447746,0.0,0.0,0.0,0.0,0.0,0.0
453,-86.07366666666668,0.0,0.03500000014901161,0.9350000023841858,0.029999999329447746,0.03500000014901161,0.9350000023841858,0.029999999329447746,0.9399999976158142,0.029999999329447746,0.029999999329447746,0.0,0.0,0.0,0.0,0.0,0.0
454,-65.09366666666668,0.0,0.03500000014901161,0.9350000023841858,0.029999999329447746,0.03500000014901161,0.9350000023841858,0.029999999329447746,0.03500000014901161,0.9350000023841858,0.029999999329447746,0.0,0.0,0.0,0.0,0.0,0.0
455,-237.9153333333334,0.0,0.03500000014901161,0.9350000023841858,0.029999999329447746,0.03500000014901161,0.9350000023841858,0.029999999329447746,0.03500000014901161,0.9350000023841858,0.029999999329447746,0.0,0.0,0.0,0.0,0.0,0.0
456,-41.47900000000001,0.0,0.03500000014901161,0.9350000023841858,0.029999999329447746,0.03500000014901161,0.9350000023841858,0.029999999329447746,0.03500000014901161,0.9350000023841858,0.029999999329447746,0.0,0.0,0.0,0.0,0.0,0.0
457,-377.98466666666667,0.0,0.03500000014901161,0.9350000023841858,0.029999999329447746,0.03500000014901161,0.9350000023841858,0.029999999329447746,0.03500000014901161,0.9350000023841858,0.029999999329447746,0.0,0.0,0.0,0.0,0.0,0.0
458,-469.97033333333354,0.0,0.06499999761581421,0.8899999856948853,0.04500000178813934,0.03500000014901161,0.8849999904632568,0.07999999821186066,0.8899999856948853,0.07999999821186066,0.029999999329447746,0.0,0.0,0.0,0.0,0.0,0.0
459,-243.52233333333322,0.0,0.03500000014901161,0.9350000023841858,0.029999999329447746,0.03500000014901161,0.9300000071525574,0.03500000014901161,0.03500000014901161,0.9350000023841858,0.029999999329447746,0.0,0.0,0.0,0.0,0.0,0.0
460,-296.4786666666667,0.0,0.07500000298023224,0.8799999952316284,0.04500000178813934,0.03999999910593033,0.8799999952316284,0.07999999821186066,0.8799999952316284,0.09000000357627869,0.029999999329447746,0.0,0.0,0.0,0.0,0.0,0.0
461,-393.0143333333331,0.0,0.03500000014901161,0.9350000023841858,0.029999999329447746,0.03500000014901161,0.925000011920929,0.03999999910593033,0.03500000014901161,0.9350000023841858,0.029999999329447746,0.0,0.0,0.0,0.0,0.0,0.0
462,-374.07999999999987,0.0,0.03500000014901161,0.9350000023841858,0.029999999329447746,0.03500000014901161,0.925000011920929,0.03999999910593033,0.03500000014901161,0.9350000023841858,0.029999999329447746,0.0,0.0,0.0,0.0,0.0,0.0
463,-259.4633333333335,0.0,0.03500000014901161,0.9350000023841858,0.029999999329447746,0.03500000014901161,0.9350000023841858,0.029999999329447746,0.03500000014901161,0.9350000023841858,0.029999999329447746,0.0,0.0,0.0,0.0,0.0,0.0
464,-340.52399999999994,0.0,0.06499999761581421,0.8799999952316284,0.054999999701976776,0.03500000014901161,0.875,0.09000000357627869,0.8799999952316284,0.09000000357627869,0.029999999329447746,0.0,0.0,0.0,0.0,0.0,0.0
465,-66.24733333333336,0.0,0.04500000178813934,0.9200000166893005,0.03500000014901161,0.9150000214576721,0.029999999329447746,0.054999999701976776,0.03500000014901161,0.9350000023841858,0.029999999329447746,0.0,0.0,0.0,0.0,0.0,0.0
466,-63.79433333333336,0.0,0.03500000014901161,0.9350000023841858,0.029999999329447746,0.03500000014901161,0.029999999329447746,0.9350000023841858,0.9399999976158142,0.029999999329447746,0.029999999329447746,0.0,0.0,0.0,0.0,0.0,0.0
467,-32.457666666666654,0.0,0.03500000014901161,0.029999999329447746,0.9350000023841858,0.03500000014901161,0.9350000023841858,0.029999999329447746,0.03500000014901161,0.9350000023841858,0.029999999329447746,0.0,0.0,0.0,0.0,0.0,0.0
468,-191.6503333333334,0.0,0.03500000014901161,0.029999999329447746,0.9350000023841858,0.03500000014901161,0.029999999329447746,0.9350000023841858,0.9399999976158142,0.029999999329447746,0.029999999329447746,0.0,0.0,0.0,0.0,0.0,0.0
469,-47.817333333333345,0.0,0.03500000014901161,0.9350000023841858,0.029999999329447746,0.03500000014901161,0.9350000023841858,0.029999999329447746,0.03500000014901161,0.9350000023841858,0.029999999329447746,0.0,0.0,0.0,0.0,0.0,0.0
470,-313.39033333333316,0.0,0.06499999761581421,0.8799999952316284,0.054999999701976776,0.03500000014901161,0.875,0.09000000357627869,0.8799999952316284,0.09000000357627869,0.029999999329447746,0.0,0.0,0.0,0.0,0.0,0.0
471,-87.303,0.0,0.03500000014901161,0.9350000023841858,0.029999999329447746,0.03500000014901161,0.925000011920929,0.03999999910593033,0.03500000014901161,0.9350000023841858,0.029999999329447746,0.0,0.0,0.0,0.0,0.0,0.0
472,-77.6483333333333,0.0,0.05000000074505806,0.8999999761581421,0.05000000074505806,0.8899999856948853,0.029999999329447746,0.07999999821186066,0.9049999713897705,0.06499999761581421,0.029999999329447746,0.0,0.0,0.0,0.0,0.0,0.0
473,-147.969,0.0,0.054999999701976776,0.9049999713897705,0.03999999910593033,0.03500000014901161,0.8949999809265137,0.07000000029802322,0.8899999856948853,0.07500000298023224,0.03500000014901161,0.0,0.0,0.0,0.0,0.0,0.0
474,-119.01900000000002,0.0,0.04500000178813934,0.9049999713897705,0.05000000074505806,0.03500000014901161,0.8999999761581421,0.06499999761581421,0.9100000262260437,0.05999999865889549,0.029999999329447746,0.0,0.0,0.0,0.0,0.0,0.0
475,-51.35300000000001,0.0,0.03500000014901161,0.9350000023841858,0.029999999329447746,0.9399999976158142,0.029999999329447746,0.029999999329447746,0.9399999976158142,0.029999999329447746,0.029999999329447746,0.0,0.0,0.0,0.0,0.0,0.0
476,-92.52833333333336,0.0,0.03500000014901161,0.9350000023841858,0.029999999329447746,0.03500000014901161,0.9350000023841858,0.029999999329447746,0.03500000014901161,0.9350000023841858,0.029999999329447746,0.0,0.0,0.0,0.0,0.0,0.0
477,-85.94433333333336,0.0,0.03500000014901161,0.9350000023841858,0.029999999329447746,0.03500000014901161,0.925000011920929,0.03999999910593033,0.03500000014901161,0.9350000023841858,0.029999999329447746,0.0,0.0,0.0,0.0,0.0,0.0
478,-109.3363333333333,0.0,0.9399999976158142,0.029999999329447746,0.029999999329447746,0.9399999976158142,0.029999999329447746,0.029999999329447746,0.9399999976158142,0.029999999329447746,0.029999999329447746,0.0,0.0,0.0,0.0,0.0,0.0
479,-50.16500000000002,0.0,0.03999999910593033,0.9300000071525574,0.029999999329447746,0.03500000014901161,0.9150000214576721,0.05000000074505806,0.03500000014901161,0.9350000023841858,0.029999999329447746,0.0,0.0,0.0,0.0,0.0,0.0
480,-107.1453333333334,0.0,0.03500000014901161,0.9350000023841858,0.029999999329447746,0.03500000014901161,0.9350000023841858,0.029999999329447746,0.03500000014901161,0.9350000023841858,0.029999999329447746,0.0,0.0,0.0,0.0,0.0,0.0
481,-505.51466666666676,0.0,0.03500000014901161,0.9350000023841858,0.029999999329447746,0.03500000014901161,0.9200000166893005,0.04500000178813934,0.03500000014901161,0.9350000023841858,0.029999999329447746,0.0,0.0,0.0,0.0,0.0,0.0
482,-42.77733333333334,0.0,0.03500000014901161,0.9350000023841858,0.029999999329447746,0.03500000014901161,0.9150000214576721,0.05000000074505806,0.03500000014901161,0.9350000023841858,0.029999999329447746,0.0,0.0,0.0,0.0,0.0,0.0
483,-33.41533333333333,0.0,0.03500000014901161,0.9350000023841858,0.029999999329447746,0.03500000014901161,0.925000011920929,0.03999999910593033,0.03500000014901161,0.9350000023841858,0.029999999329447746,0.0,0.0,0.0,0.0,0.0,0.0
484,-106.23900000000002,0.0,0.9399999976158142,0.029999999329447746,0.029999999329447746,0.9399999976158142,0.029999999329447746,0.029999999329447746,0.9399999976158142,0.029999999329447746,0.029999999329447746,0.0,0.0,0.0,0.0,0.0,0.0
485,-48.00900000000004,0.0,0.03500000014901161,0.9350000023841858,0.029999999329447746,0.03500000014901161,0.9300000071525574,0.03500000014901161,0.03500000014901161,0.9300000071525574,0.03500000014901161,0.0,0.0,0.0,0.0,0.0,0.0
486,-38.343333333333334,0.0,0.03500000014901161,0.9350000023841858,0.029999999329447746,0.03500000014901161,0.9350000023841858,0.029999999329447746,0.03500000014901161,0.9350000023841858,0.029999999329447746,0.0,0.0,0.0,0.0,0.0,0.0
487,-40.41833333333334,0.0,0.03500000014901161,0.029999999329447746,0.9350000023841858,0.03500000014901161,0.03500000014901161,0.9300000071525574,0.03500000014901161,0.03999999910593033,0.925000011920929,0.0,0.0,0.0,0.0,0.0,0.0
488,-50.11366666666669,0.0,0.03500000014901161,0.9350000023841858,0.029999999329447746,0.03500000014901161,0.925000011920929,0.03999999910593033,0.03500000014901161,0.9350000023841858,0.029999999329447746,0.0,0.0,0.0,0.0,0.0,0.0
489,-65.82999999999998,0.0,0.03500000014901161,0.9350000023841858,0.029999999329447746,0.03500000014901161,0.9350000023841858,0.029999999329447746,0.9399999976158142,0.029999999329447746,0.029999999329447746,0.0,0.0,0.0,0.0,0.0,0.0
490,-260.00133333333343,0.0,0.06499999761581421,0.8849999904632568,0.05000000074505806,0.03500000014901161,0.8799999952316284,0.08500000089406967,0.8849999904632568,0.07999999821186066,0.03500000014901161,0.0,0.0,0.0,0.0,0.0,0.0
491,-216.93066666666672,0.0,0.03500000014901161,0.9350000023841858,0.029999999329447746,0.03500000014901161,0.9350000023841858,0.029999999329447746,0.03500000014901161,0.9350000023841858,0.029999999329447746,0.0,0.0,0.0,0.0,0.0,0.0
492,-32.39466666666666,0.0,0.03500000014901161,0.029999999329447746,0.9350000023841858,0.03500000014901161,0.029999999329447746,0.9350000023841858,0.03500000014901161,0.9350000023841858,0.029999999329447746,0.0,0.0,0.0,0.0,0.0,0.0
493,-176.94666666666674,0.0,0.054999999701976776,0.8899999856948853,0.054999999701976776,0.03500000014901161,0.8849999904632568,0.07999999821186066,0.8899999856948853,0.07500000298023224,0.03500000014901161,0.0,0.0,0.0,0.0,0.0,0.0
494,-50.698666666666675,0.0,0.03500000014901161,0.9350000023841858,0.029999999329447746,0.03500000014901161,0.9350000023841858,0.029999999329447746,0.03500000014901161,0.9350000023841858,0.029999999329447746,0.0,0.0,0.0,0.0,0.0,0.0
495,-270.184,0.0,0.03500000014901161,0.9350000023841858,0.029999999329447746,0.03500000014901161,0.9350000023841858,0.029999999329447746,0.03500000014901161,0.9350000023841858,0.029999999329447746,0.0,0.0,0.0,0.0,0.0,0.0
496,-228.0083333333333,0.0,0.03500000014901161,0.9350000023841858,0.029999999329447746,0.03500000014901161,0.9300000071525574,0.03500000014901161,0.03500000014901161,0.9350000023841858,0.029999999329447746,0.0,0.0,0.0,0.0,0.0,0.0
497,-119.31666666666666,0.0,0.03500000014901161,0.9350000023841858,0.029999999329447746,0.03500000014901161,0.9300000071525574,0.03500000014901161,0.03500000014901161,0.9350000023841858,0.029999999329447746,0.0,0.0,0.0,0.0,0.0,0.0
498,-98.50633333333333,0.0,0.09000000357627869,0.8799999952316284,0.029999999329447746,0.03500000014901161,0.8949999809265137,0.07000000029802322,0.8849999904632568,0.06499999761581421,0.05000000074505806,0.0,0.0,0.0,0.0,0.0,0.0
499,-24.741,0.0,0.03500000014901161,0.9350000023841858,0.029999999329447746,0.03500000014901161,0.9350000023841858,0.029999999329447746,0.9399999976158142,0.029999999329447746,0.029999999329447746,0.0,0.0,0.0,0.0,0.0,0.0
500,-338.9736666666667,0.0,0.03999999910593033,0.8899999856948853,0.07000000029802322,0.03500000014901161,0.8849999904632568,0.07999999821186066,0.8899999856948853,0.07999999821186066,0.029999999329447746,0.0,0.0,0.0,0.0,0.0,0.0
501,-82.03933333333335,0.0,0.03500000014901161,0.9350000023841858,0.029999999329447746,0.03500000014901161,0.9300000071525574,0.03500000014901161,0.03500000014901161,0.9350000023841858,0.029999999329447746,0.0,0.0,0.0,0.0,0.0,0.0
502,-33.66033333333335,0.0,0.03500000014901161,0.029999999329447746,0.9350000023841858,0.03500000014901161,0.9350000023841858,0.029999999329447746,0.03500000014901161,0.9350000023841858,0.029999999329447746,0.0,0.0,0.0,0.0,0.0,0.0
503,-309.52033333333327,0.0,0.03500000014901161,0.9350000023841858,0.029999999329447746,0.03500000014901161,0.9350000023841858,0.029999999329447746,0.9399999976158142,0.029999999329447746,0.029999999329447746,0.0,0.0,0.0,0.0,0.0,0.0
504,-144.40499999999997,0.0,0.03500000014901161,0.9350000023841858,0.029999999329447746,0.03500000014901161,0.9350000023841858,0.029999999329447746,0.03500000014901161,0.9350000023841858,0.029999999329447746,0.0,0.0,0.0,0.0,0.0,0.0
505,-323.7593333333332,0.0,0.05999999865889549,0.8849999904632568,0.054999999701976776,0.03500000014901161,0.8799999952316284,0.08500000089406967,0.8849999904632568,0.07999999821186066,0.03500000014901161,0.0,0.0,0.0,0.0,0.0,0.0
506,-113.40366666666665,0.0,0.07999999821186066,0.8799999952316284,0.03999999910593033,0.03500000014901161,0.8799999952316284,0.08500000089406967,0.8799999952316284,0.08500000089406967,0.03500000014901161,0.0,0.0,0.0,0.0,0.0,0.0
507,-195.90733333333338,0.0,0.03500000014901161,0.9350000023841858,0.029999999329447746,0.03500000014901161,0.9350000023841858,0.029999999329447746,0.03500000014901161,0.9350000023841858,0.029999999329447746,0.0,0.0,0.0,0.0,0.0,0.0
508,-56.55966666666667,0.0,0.03500000014901161,0.9350000023841858,0.029999999329447746,0.03500000014901161,0.9350000023841858,0.029999999329447746,0.9399999976158142,0.029999999329447746,0.029999999329447746,0.0,0.0,0.0,0.0,0.0,0.0
509,-81.17466666666671,0.0,0.03500000014901161,0.9350000023841858,0.029999999329447746,0.03500000014901161,0.925000011920929,0.03999999910593033,0.03500000014901161,0.9350000023841858,0.029999999329447746,0.0,0.0,0.0,0.0,0.0,0.0
510,-97.99833333333333,0.0,0.03500000014901161,0.9350000023841858,0.029999999329447746,0.03500000014901161,0.925000011920929,0.03999999910593033,0.03500000014901161,0.9350000023841858,0.029999999329447746,0.0,0.0,0.0,0.0,0.0,0.0
511,-48.14133333333332,0.0,0.03500000014901161,0.9350000023841858,0.029999999329447746,0.03500000014901161,0.9350000023841858,0.029999999329447746,0.03500000014901161,0.9350000023841858,0.029999999329447746,0.0,0.0,0.0,0.0,0.0,0.0
512,-103.19233333333334,0.0,0.03500000014901161,0.029999999329447746,0.9350000023841858,0.03500000014901161,0.9350000023841858,0.029999999329447746,0.03500000014901161,0.9350000023841858,0.029999999329447746,0.0,0.0,0.0,0.0,0.0,0.0
513,-42.10133333333333,0.0,0.03500000014901161,0.9350000023841858,0.029999999329447746,0.03500000014901161,0.9350000023841858,0.029999999329447746,0.03500000014901161,0.9350000023841858,0.029999999329447746,0.0,0.0,0.0,0.0,0.0,0.0
514,-115.29833333333339,0.0,0.03500000014901161,0.9350000023841858,0.029999999329447746,0.03500000014901161,0.9350000023841858,0.029999999329447746,0.9399999976158142,0.029999999329447746,0.029999999329447746,0.0,0.0,0.0,0.0,0.0,0.0
515,-34.977000000000004,0.0,0.03500000014901161,0.9350000023841858,0.029999999329447746,0.03500000014901161,0.9350000023841858,0.029999999329447746,0.03500000014901161,0.9350000023841858,0.029999999329447746,0.0,0.0,0.0,0.0,0.0,0.0
516,-228.909,0.0,0.03500000014901161,0.9350000023841858,0.029999999329447746,0.03500000014901161,0.9350000023841858,0.029999999329447746,0.03500000014901161,0.9350000023841858,0.029999999329447746,0.0,0.0,0.0,0.0,0.0,0.0
517,-259.31966666666676,0.0,0.03500000014901161,0.9350000023841858,0.029999999329447746,0.03500000014901161,0.925000011920929,0.03999999910593033,0.03500000014901161,0.9350000023841858,0.029999999329447746,0.0,0.0,0.0,0.0,0.0,0.0
518,-68.423,0.0,0.03500000014901161,0.029999999329447746,0.9350000023841858,0.03500000014901161,0.029999999329447746,0.9350000023841858,0.03500000014901161,0.9350000023841858,0.029999999329447746,0.0,0.0,0.0,0.0,0.0,0.0
519,-517.0433333333334,0.0,0.054999999701976776,0.8849999904632568,0.05999999865889549,0.03500000014901161,0.875,0.09000000357627869,0.8799999952316284,0.09000000357627869,0.029999999329447746,0.0,0.0,0.0,0.0,0.0,0.0
520,-136.18800000000002,0.0,0.03500000014901161,0.9350000023841858,0.029999999329447746,0.03500000014901161,0.9350000023841858,0.029999999329447746,0.03500000014901161,0.9350000023841858,0.029999999329447746,0.0,0.0,0.0,0.0,0.0,0.0
521,-101.15400000000001,0.0,0.9399999976158142,0.029999999329447746,0.029999999329447746,0.9399999976158142,0.029999999329447746,0.029999999329447746,0.9399999976158142,0.029999999329447746,0.029999999329447746,0.0,0.0,0.0,0.0,0.0,0.0
522,-39.43433333333331,0.0,0.03500000014901161,0.9350000023841858,0.029999999329447746,0.03500000014901161,0.9350000023841858,0.029999999329447746,0.03500000014901161,0.9350000023841858,0.029999999329447746,0.0,0.0,0.0,0.0,0.0,0.0
523,-43.672666666666665,0.0,0.03500000014901161,0.9350000023841858,0.029999999329447746,0.03500000014901161,0.9350000023841858,0.029999999329447746,0.9399999976158142,0.029999999329447746,0.029999999329447746,0.0,0.0,0.0,0.0,0.0,0.0
524,-333.64300000000003,0.0,0.03500000014901161,0.9350000023841858,0.029999999329447746,0.03500000014901161,0.9200000166893005,0.04500000178813934,0.03500000014901161,0.9350000023841858,0.029999999329447746,0.0,0.0,0.0,0.0,0.0,0.0
525,-118.34200000000008,0.0,0.03500000014901161,0.9350000023841858,0.029999999329447746,0.03500000014901161,0.9350000023841858,0.029999999329447746,0.9399999976158142,0.029999999329447746,0.029999999329447746,0.0,0.0,0.0,0.0,0.0,0.0
526,-482.81233333333324,0.0,0.05999999865889549,0.8799999952316284,0.05999999865889549,0.03500000014901161,0.875,0.09000000357627869,0.8799999952316284,0.09000000357627869,0.029999999329447746,0.0,0.0,0.0,0.0,0.0,0.0
527,-92.91700000000003,0.0,0.03500000014901161,0.9350000023841858,0.029999999329447746,0.03500000014901161,0.9300000071525574,0.03500000014901161,0.03500000014901161,0.9350000023841858,0.029999999329447746,0.0,0.0,0.0,0.0,0.0,0.0
528,-239.66400000000002,0.0,0.03500000014901161,0.9350000023841858,0.029999999329447746,0.03500000014901161,0.9150000214576721,0.05000000074505806,0.03500000014901161,0.9350000023841858,0.029999999329447746,0.0,0.0,0.0,0.0,0.0,0.0
529,-216.2343333333333,0.0,0.9300000071525574,0.03500000014901161,0.03500000014901161,0.9399999976158142,0.029999999329447746,0.029999999329447746,0.9399999976158142,0.029999999329447746,0.029999999329447746,0.0,0.0,0.0,0.0,0.0,0.0
530,-94.52499999999998,0.0,0.05999999865889549,0.8899999856948853,0.05000000074505806,0.03500000014901161,0.8899999856948853,0.07500000298023224,0.8799999952316284,0.09000000357627869,0.029999999329447746,0.0,0.0,0.0,0.0,0.0,0.0
531,-75.62533333333334,0.0,0.05999999865889549,0.8949999809265137,0.04500000178813934,0.8899999856948853,0.029999999329447746,0.07999999821186066,0.8949999809265137,0.07500000298023224,0.029999999329447746,0.0,0.0,0.0,0.0,0.0,0.0
532,-29.265000000000004,0.0,0.03500000014901161,0.029999999329447746,0.9350000023841858,0.9399999976158142,0.029999999329447746,0.029999999329447746,0.9399999976158142,0.029999999329447746,0.029999999329447746,0.0,0.0,0.0,0.0,0.0,0.0
533,-35.70133333333334,0.0,0.03500000014901161,0.9350000023841858,0.029999999329447746,0.03500000014901161,0.9150000214576721,0.05000000074505806,0.03500000014901161,0.9350000023841858,0.029999999329447746,0.0,0.0,0.0,0.0,0.0,0.0
534,-381.9826666666666,0.0,0.04500000178813934,0.8799999952316284,0.07500000298023224,0.03500000014901161,0.875,0.09000000357627869,0.8799999952316284,0.09000000357627869,0.029999999329447746,0.0,0.0,0.0,0.0,0.0,0.0
535,-52.80533333333336,0.0,0.9399999976158142,0.029999999329447746,0.029999999329447746,0.9399999976158142,0.029999999329447746,0.029999999329447746,0.9399999976158142,0.029999999329447746,0.029999999329447746,0.0,0.0,0.0,0.0,0.0,0.0
536,-468.8079999999999,0.0,0.03500000014901161,0.029999999329447746,0.9350000023841858,0.03500000014901161,0.029999999329447746,0.9350000023841858,0.03500000014901161,0.9350000023841858,0.029999999329447746,0.0,0.0,0.0,0.0,0.0,0.0
537,-36.643999999999984,0.0,0.03500000014901161,0.029999999329447746,0.9350000023841858,0.9399999976158142,0.029999999329447746,0.029999999329447746,0.9399999976158142,0.029999999329447746,0.029999999329447746,0.0,0.0,0.0,0.0,0.0,0.0
538,-198.6889999999999,0.0,0.04500000178813934,0.05999999865889549,0.8949999809265137,0.03500000014901161,0.8849999904632568,0.07999999821186066,0.8899999856948853,0.07999999821186066,0.029999999329447746,0.0,0.0,0.0,0.0,0.0,0.0
539,-257.6493333333331,0.0,0.03500000014901161,0.9350000023841858,0.029999999329447746,0.9399999976158142,0.029999999329447746,0.029999999329447746,0.03500000014901161,0.9350000023841858,0.029999999329447746,0.0,0.0,0.0,0.0,0.0,0.0
540,-120.94166666666668,0.0,0.03500000014901161,0.9300000071525574,0.03500000014901161,0.03500000014901161,0.9200000166893005,0.04500000178813934,0.03500000014901161,0.9350000023841858,0.029999999329447746,0.0,0.0,0.0,0.0,0.0,0.0
541,-130.90066666666667,0.0,0.03500000014901161,0.9350000023841858,0.029999999329447746,0.03500000014901161,0.925000011920929,0.03999999910593033,0.03500000014901161,0.9350000023841858,0.029999999329447746,0.0,0.0,0.0,0.0,0.0,0.0
542,-93.31600000000007,0.0,0.03500000014901161,0.029999999329447746,0.9350000023841858,0.03500000014901161,0.9350000023841858,0.029999999329447746,0.03500000014901161,0.9350000023841858,0.029999999329447746,0.0,0.0,0.0,0.0,0.0,0.0
543,-117.33999999999995,0.0,0.04500000178813934,0.04500000178813934,0.9100000262260437,0.9100000262260437,0.029999999329447746,0.05999999865889549,0.9150000214576721,0.054999999701976776,0.029999999329447746,0.0,0.0,0.0,0.0,0.0,0.0
544,-118.233,0.0,0.03500000014901161,0.029999999329447746,0.9350000023841858,0.03500000014901161,0.029999999329447746,0.9350000023841858,0.03500000014901161,0.9350000023841858,0.029999999329447746,0.0,0.0,0.0,0.0,0.0,0.0
545,-41.220666666666666,0.0,0.03500000014901161,0.9350000023841858,0.029999999329447746,0.03500000014901161,0.9350000023841858,0.029999999329447746,0.03500000014901161,0.9350000023841858,0.029999999329447746,0.0,0.0,0.0,0.0,0.0,0.0
546,-97.62533333333339,0.0,0.03500000014901161,0.9350000023841858,0.029999999329447746,0.9100000262260437,0.029999999329447746,0.05999999865889549,0.9399999976158142,0.029999999329447746,0.029999999329447746,0.0,0.0,0.0,0.0,0.0,0.0
547,-206.17233333333323,0.0,0.9399999976158142,0.029999999329447746,0.029999999329447746,0.9399999976158142,0.029999999329447746,0.029999999329447746,0.9399999976158142,0.029999999329447746,0.029999999329447746,0.0,0.0,0.0,0.0,0.0,0.0
548,-58.22766666666664,0.0,0.03500000014901161,0.029999999329447746,0.9350000023841858,0.03500000014901161,0.925000011920929,0.03999999910593033,0.03500000014901161,0.9350000023841858,0.029999999329447746,0.0,0.0,0.0,0.0,0.0,0.0
549,-311.9266666666665,0.0,0.03500000014901161,0.9350000023841858,0.029999999329447746,0.03500000014901161,0.9350000023841858,0.029999999329447746,0.03500000014901161,0.9350000023841858,0.029999999329447746,0.0,0.0,0.0,0.0,0.0,0.0
550,-381.2070000000001,0.0,0.05999999865889549,0.8799999952316284,0.05999999865889549,0.03500000014901161,0.875,0.09000000357627869,0.8799999952316284,0.09000000357627869,0.029999999329447746,0.0,0.0,0.0,0.0,0.0,0.0
551,-191.841,0.0,0.07999999821186066,0.8799999952316284,0.03999999910593033,0.03500000014901161,0.8849999904632568,0.07999999821186066,0.8799999952316284,0.09000000357627869,0.029999999329447746,0.0,0.0,0.0,0.0,0.0,0.0
552,-173.23699999999997,0.0,0.04500000178813934,0.9150000214576721,0.03999999910593033,0.03999999910593033,0.9150000214576721,0.04500000178813934,0.9049999713897705,0.06499999761581421,0.029999999329447746,0.0,0.0,0.0,0.0,0.0,0.0
553,-39.409000000000006,0.0,0.03500000014901161,0.9350000023841858,0.029999999329447746,0.03500000014901161,0.9350000023841858,0.029999999329447746,0.03500000014901161,0.9350000023841858,0.029999999329447746,0.0,0.0,0.0,0.0,0.0,0.0
554,-272.5023333333333,0.0,0.03500000014901161,0.029999999329447746,0.9350000023841858,0.03500000014901161,0.029999999329447746,0.9350000023841858,0.03500000014901161,0.029999999329447746,0.9350000023841858,0.0,0.0,0.0,0.0,0.0,0.0
555,-285.63699999999983,0.0,0.03500000014901161,0.9350000023841858,0.029999999329447746,0.03500000014901161,0.9350000023841858,0.029999999329447746,0.03500000014901161,0.9350000023841858,0.029999999329447746,0.0,0.0,0.0,0.0,0.0,0.0
556,-35.657,0.0,0.03500000014901161,0.9350000023841858,0.029999999329447746,0.03500000014901161,0.9350000023841858,0.029999999329447746,0.03500000014901161,0.9350000023841858,0.029999999329447746,0.0,0.0,0.0,0.0,0.0,0.0
557,-224.51333333333343,0.0,0.03500000014901161,0.9350000023841858,0.029999999329447746,0.03500000014901161,0.9350000023841858,0.029999999329447746,0.03500000014901161,0.9350000023841858,0.029999999329447746,0.0,0.0,0.0,0.0,0.0,0.0
558,-364.3260000000001,0.0,0.03999999910593033,0.9200000166893005,0.03999999910593033,0.03500000014901161,0.9150000214576721,0.05000000074505806,0.9150000214576721,0.054999999701976776,0.029999999329447746,0.0,0.0,0.0,0.0,0.0,0.0
559,-182.30766666666662,0.0,0.03500000014901161,0.9350000023841858,0.029999999329447746,0.03500000014901161,0.9150000214576721,0.05000000074505806,0.03500000014901161,0.9350000023841858,0.029999999329447746,0.0,0.0,0.0,0.0,0.0,0.0
560,-322.1416666666666,0.0,0.03500000014901161,0.9350000023841858,0.029999999329447746,0.03500000014901161,0.9150000214576721,0.05000000074505806,0.03500000014901161,0.9350000023841858,0.029999999329447746,0.0,0.0,0.0,0.0,0.0,0.0
561,-76.972,0.0,0.054999999701976776,0.8949999809265137,0.05000000074505806,0.03500000014901161,0.8949999809265137,0.07000000029802322,0.8899999856948853,0.07999999821186066,0.029999999329447746,0.0,0.0,0.0,0.0,0.0,0.0
562,-40.856,0.0,0.03500000014901161,0.9350000023841858,0.029999999329447746,0.03500000014901161,0.9350000023841858,0.029999999329447746,0.9399999976158142,0.029999999329447746,0.029999999329447746,0.0,0.0,0.0,0.0,0.0,0.0
563,-203.38033333333334,0.0,0.03500000014901161,0.9350000023841858,0.029999999329447746,0.9399999976158142,0.029999999329447746,0.029999999329447746,0.9399999976158142,0.029999999329447746,0.029999999329447746,0.0,0.0,0.0,0.0,0.0,0.0
564,-60.76999999999998,0.0,0.03500000014901161,0.029999999329447746,0.9350000023841858,0.03500000014901161,0.029999999329447746,0.9350000023841858,0.03500000014901161,0.029999999329447746,0.9350000023841858,0.0,0.0,0.0,0.0,0.0,0.0
565,-43.00733333333333,0.0,0.03500000014901161,0.9350000023841858,0.029999999329447746,0.9200000166893005,0.029999999329447746,0.05000000074505806,0.03500000014901161,0.9350000023841858,0.029999999329447746,0.0,0.0,0.0,0.0,0.0,0.0
566,-52.067999999999984,0.0,0.03500000014901161,0.9350000023841858,0.029999999329447746,0.03500000014901161,0.9350000023841858,0.029999999329447746,0.03500000014901161,0.9350000023841858,0.029999999329447746,0.0,0.0,0.0,0.0,0.0,0.0
567,-64.37766666666664,0.0,0.03500000014901161,0.9300000071525574,0.03500000014901161,0.04500000178813934,0.8999999761581421,0.054999999701976776,0.9049999713897705,0.06499999761581421,0.029999999329447746,0.0,0.0,0.0,0.0,0.0,0.0
568,-137.97966666666665,0.0,0.03500000014901161,0.9350000023841858,0.029999999329447746,0.03500000014901161,0.9350000023841858,0.029999999329447746,0.03500000014901161,0.9350000023841858,0.029999999329447746,0.0,0.0,0.0,0.0,0.0,0.0
569,-97.10700000000003,0.0,0.03500000014901161,0.9350000023841858,0.029999999329447746,0.03500000014901161,0.9300000071525574,0.03500000014901161,0.9399999976158142,0.029999999329447746,0.029999999329447746,0.0,0.0,0.0,0.0,0.0,0.0
570,-46.746999999999986,0.0,0.03500000014901161,0.9350000023841858,0.029999999329447746,0.03500000014901161,0.9300000071525574,0.03500000014901161,0.03500000014901161,0.9350000023841858,0.029999999329447746,0.0,0.0,0.0,0.0,0.0,0.0
571,-44.38766666666666,0.0,0.03500000014901161,0.9350000023841858,0.029999999329447746,0.03500000014901161,0.925000011920929,0.03999999910593033,0.03500000014901161,0.9350000023841858,0.029999999329447746,0.0,0.0,0.0,0.0,0.0,0.0
572,-484.707,0.0,0.03500000014901161,0.9350000023841858,0.029999999329447746,0.03500000014901161,0.9350000023841858,0.029999999329447746,0.03500000014901161,0.9350000023841858,0.029999999329447746,0.0,0.0,0.0,0.0,0.0,0.0
573,-141.12366666666662,0.0,0.04500000178813934,0.9200000166893005,0.03500000014901161,0.03500000014901161,0.8999999761581421,0.06499999761581421,0.8999999761581421,0.07000000029802322,0.029999999329447746,0.0,0.0,0.0,0.0,0.0,0.0
574,-35.39033333333333,0.0,0.03500000014901161,0.9350000023841858,0.029999999329447746,0.03500000014901161,0.9300000071525574,0.03500000014901161,0.03500000014901161,0.9350000023841858,0.029999999329447746,0.0,0.0,0.0,0.0,0.0,0.0
