episode,reward,service_level,agent0_rule0,agent0_rule1,agent0_rule2,agent1_rule0,agent1_rule1,agent1_rule2,agent2_rule0,agent2_rule1,agent2_rule2,agent0_order_variance,agent1_order_variance,agent2_order_variance,agent0_bullwhip,agent1_bullwhip,agent2_bullwhip
0,-285.7946666666667,0.0,0.03500000014901161,0.9350000023841858,0.029999999329447746,0.03500000014901161,0.9350000023841858,0.029999999329447746,0.9300000071525574,0.03500000014901161,0.03500000014901161,0.0,0.0,0.0,0.0,0.0,0.0
1,-72.10633333333335,0.0,0.03500000014901161,0.9350000023841858,0.029999999329447746,0.03999999910593033,0.925000011920929,0.03500000014901161,0.03500000014901161,0.9350000023841858,0.029999999329447746,0.0,0.0,0.0,0.0,0.0,0.0
2,-287.2639999999999,0.0,0.054999999701976776,0.8799999952316284,0.06499999761581421,0.06499999761581421,0.8799999952316284,0.054999999701976776,0.8849999904632568,0.05999999865889549,0.054999999701976776,0.0,0.0,0.0,0.0,0.0,0.0
3,-40.44733333333335,0.0,0.9399999976158142,0.029999999329447746,0.029999999329447746,0.9399999976158142,0.029999999329447746,0.029999999329447746,0.9399999976158142,0.029999999329447746,0.029999999329447746,0.0,0.0,0.0,0.0,0.0,0.0
4,-216.02933333333343,0.0,0.03500000014901161,0.9350000023841858,0.029999999329447746,0.03500000014901161,0.9350000023841858,0.029999999329447746,0.9399999976158142,0.029999999329447746,0.029999999329447746,0.0,0.0,0.0,0.0,0.0,0.0
5,-155.35133333333334,0.0,0.03500000014901161,0.9350000023841858,0.029999999329447746,0.03999999910593033,0.9300000071525574,0.029999999329447746,0.03500000014901161,0.9350000023841858,0.029999999329447746,0.0,0.0,0.0,0.0,0.0,0.0
6,-29.95866666666668,0.0,0.03500000014901161,0.9350000023841858,0.029999999329447746,0.03500000014901161,0.9350000023841858,0.029999999329447746,0.03500000014901161,0.9350000023841858,0.029999999329447746,0.0,0.0,0.0,0.0,0.0,0.0
7,-178.73799999999994,0.0,0.03999999910593033,0.8849999904632568,0.07500000298023224,0.08500000089406967,0.8799999952316284,0.03500000014901161,0.8849999904632568,0.05999999865889549,0.054999999701976776,0.0,0.0,0.0,0.0,0.0,0.0
8,-154.49733333333336,0.0,0.9399999976158142,0.029999999329447746,0.029999999329447746,0.9399999976158142,0.029999999329447746,0.029999999329447746,0.9399999976158142,0.029999999329447746,0.029999999329447746,0.0,0.0,0.0,0.0,0.0,0.0
9,-252.43599999999992,0.0,0.054999999701976776,0.9049999713897705,0.03999999910593033,0.07000000029802322,0.8899999856948853,0.03999999910593033,0.8949999809265137,0.05000000074505806,0.054999999701976776,0.0,0.0,0.0,0.0,0.0,0.0
10,-48.06633333333335,0.0,0.03500000014901161,0.9350000023841858,0.029999999329447746,0.03999999910593033,0.9300000071525574,0.029999999329447746,0.03500000014901161,0.9350000023841858,0.029999999329447746,0.0,0.0,0.0,0.0,0.0,0.0
11,-95.66266666666668,0.0,0.054999999701976776,0.8899999856948853,0.054999999701976776,0.8899999856948853,0.05999999865889549,0.05000000074505806,0.8949999809265137,0.06499999761581421,0.03999999910593033,0.0,0.0,0.0,0.0,0.0,0.0
12,-266.7453333333334,0.0,0.03500000014901161,0.9350000023841858,0.029999999329447746,0.04500000178813934,0.925000011920929,0.029999999329447746,0.03500000014901161,0.9350000023841858,0.029999999329447746,0.0,0.0,0.0,0.0,0.0,0.0
13,-235.59433333333328,0.0,0.03500000014901161,0.029999999329447746,0.9350000023841858,0.03500000014901161,0.9350000023841858,0.029999999329447746,0.9399999976158142,0.029999999329447746,0.029999999329447746,0.0,0.0,0.0,0.0,0.0,0.0
14,-50.39466666666669,0.0,0.03500000014901161,0.9350000023841858,0.029999999329447746,0.03500000014901161,0.9300000071525574,0.03500000014901161,0.03500000014901161,0.9350000023841858,0.029999999329447746,0.0,0.0,0.0,0.0,0.0,0.0
15,-80.77200000000005,0.0,0.03500000014901161,0.9350000023841858,0.029999999329447746,0.03500000014901161,0.9300000071525574,0.03500000014901161,0.03500000014901161,0.9350000023841858,0.029999999329447746,0.0,0.0,0.0,0.0,0.0,0.0
16,-44.79800000000001,0.0,0.03500000014901161,0.9350000023841858,0.029999999329447746,0.03500000014901161,0.9350000023841858,0.029999999329447746,0.03500000014901161,0.9350000023841858,0.029999999329447746,0.0,0.0,0.0,0.0,0.0,0.0
17,-95.41333333333336,0.0,0.03500000014901161,0.9350000023841858,0.029999999329447746,0.03500000014901161,0.9350000023841858,0.029999999329447746,0.03500000014901161,0.9350000023841858,0.029999999329447746,0.0,0.0,0.0,0.0,0.0,0.0
18,-65.2396666666667,0.0,0.03500000014901161,0.9350000023841858,0.029999999329447746,0.03500000014901161,0.9350000023841858,0.029999999329447746,0.03500000014901161,0.9350000023841858,0.029999999329447746,0.0,0.0,0.0,0.0,0.0,0.0
19,-168.38066666666666,0.0,0.05000000074505806,0.8999999761581421,0.05000000074505806,0.054999999701976776,0.8949999809265137,0.05000000074505806,0.8949999809265137,0.054999999701976776,0.05000000074505806,0.0,0.0,0.0,0.0,0.0,0.0
20,-122.4463333333334,0.0,0.03999999910593033,0.9049999713897705,0.054999999701976776,0.054999999701976776,0.8999999761581421,0.04500000178813934,0.8999999761581421,0.03999999910593033,0.05999999865889549,0.0,0.0,0.0,0.0,0.0,0.0
21,-109.00166666666662,0.0,0.03500000014901161,0.9350000023841858,0.029999999329447746,0.03999999910593033,0.9300000071525574,0.029999999329447746,0.03500000014901161,0.9350000023841858,0.029999999329447746,0.0,0.0,0.0,0.0,0.0,0.0
22,-176.09433333333322,0.0,0.03500000014901161,0.9350000023841858,0.029999999329447746,0.03999999910593033,0.9200000166893005,0.03999999910593033,0.03500000014901161,0.9350000023841858,0.029999999329447746,0.0,0.0,0.0,0.0,0.0,0.0
23,-273.7176666666666,0.0,0.03500000014901161,0.9350000023841858,0.029999999329447746,0.03500000014901161,0.9350000023841858,0.029999999329447746,0.03500000014901161,0.9350000023841858,0.029999999329447746,0.0,0.0,0.0,0.0,0.0,0.0
24,-34.17033333333333,0.0,0.03500000014901161,0.9350000023841858,0.029999999329447746,0.03999999910593033,0.9200000166893005,0.03999999910593033,0.03999999910593033,0.925000011920929,0.03500000014901161,0.0,0.0,0.0,0.0,0.0,0.0
25,-48.707999999999984,0.0,0.03500000014901161,0.9350000023841858,0.029999999329447746,0.03999999910593033,0.925000011920929,0.03500000014901161,0.9300000071525574,0.03500000014901161,0.03500000014901161,0.0,0.0,0.0,0.0,0.0,0.0
26,-58.34199999999998,0.0,0.03500000014901161,0.9350000023841858,0.029999999329447746,0.03500000014901161,0.9350000023841858,0.029999999329447746,0.9399999976158142,0.029999999329447746,0.029999999329447746,0.0,0.0,0.0,0.0,0.0,0.0
27,-258.79866666666663,0.0,0.06499999761581421,0.8899999856948853,0.04500000178813934,0.04500000178813934,0.8899999856948853,0.06499999761581421,0.8949999809265137,0.04500000178813934,0.05999999865889549,0.0,0.0,0.0,0.0,0.0,0.0
28,-41.41633333333334,0.0,0.03500000014901161,0.9350000023841858,0.029999999329447746,0.03500000014901161,0.9350000023841858,0.029999999329447746,0.9350000023841858,0.029999999329447746,0.03500000014901161,0.0,0.0,0.0,0.0,0.0,0.0
29,-352.71366666666677,0.0,0.03500000014901161,0.9350000023841858,0.029999999329447746,0.04500000178813934,0.9150000214576721,0.03999999910593033,0.03500000014901161,0.9350000023841858,0.029999999329447746,0.0,0.0,0.0,0.0,0.0,0.0
30,-42.01866666666667,0.0,0.03500000014901161,0.9350000023841858,0.029999999329447746,0.03500000014901161,0.9350000023841858,0.029999999329447746,0.03500000014901161,0.9350000023841858,0.029999999329447746,0.0,0.0,0.0,0.0,0.0,0.0
31,-196.7293333333334,0.0,0.03999999910593033,0.8899999856948853,0.07000000029802322,0.04500000178813934,0.8949999809265137,0.05999999865889549,0.8949999809265137,0.054999999701976776,0.05000000074505806,0.0,0.0,0.0,0.0,0.0,0.0
32,-251.50866666666678,0.0,0.05000000074505806,0.8999999761581421,0.05000000074505806,0.9049999713897705,0.03500000014901161,0.05999999865889549,0.9100000262260437,0.04500000178813934,0.04500000178813934,0.0,0.0,0.0,0.0,0.0,0.0
33,-319.8583333333334,0.0,0.03500000014901161,0.029999999329447746,0.9350000023841858,0.03999999910593033,0.925000011920929,0.03500000014901161,0.03500000014901161,0.9350000023841858,0.029999999329447746,0.0,0.0,0.0,0.0,0.0,0.0
34,-252.86333333333334,0.0,0.054999999701976776,0.8999999761581421,0.04500000178813934,0.054999999701976776,0.9049999713897705,0.03999999910593033,0.9049999713897705,0.06499999761581421,0.029999999329447746,0.0,0.0,0.0,0.0,0.0,0.0
35,-76.95766666666667,0.0,0.03500000014901161,0.9350000023841858,0.029999999329447746,0.9399999976158142,0.029999999329447746,0.029999999329447746,0.9399999976158142,0.029999999329447746,0.029999999329447746,0.0,0.0,0.0,0.0,0.0,0.0
36,-45.407333333333355,0.0,0.03500000014901161,0.9350000023841858,0.029999999329447746,0.03500000014901161,0.9200000166893005,0.04500000178813934,0.03999999910593033,0.9300000071525574,0.029999999329447746,0.0,0.0,0.0,0.0,0.0,0.0
37,-44.690666666666665,0.0,0.03500000014901161,0.9350000023841858,0.029999999329447746,0.04500000178813934,0.9200000166893005,0.03500000014901161,0.03999999910593033,0.9300000071525574,0.029999999329447746,0.0,0.0,0.0,0.0,0.0,0.0
38,-106.02366666666663,0.0,0.03500000014901161,0.9350000023841858,0.029999999329447746,0.03500000014901161,0.9350000023841858,0.029999999329447746,0.03500000014901161,0.9350000023841858,0.029999999329447746,0.0,0.0,0.0,0.0,0.0,0.0
39,-34.581333333333326,0.0,0.03500000014901161,0.9350000023841858,0.029999999329447746,0.03500000014901161,0.9350000023841858,0.029999999329447746,0.9350000023841858,0.03500000014901161,0.029999999329447746,0.0,0.0,0.0,0.0,0.0,0.0
40,-45.06133333333335,0.0,0.03500000014901161,0.9350000023841858,0.029999999329447746,0.04500000178813934,0.9200000166893005,0.03500000014901161,0.03999999910593033,0.9300000071525574,0.029999999329447746,0.0,0.0,0.0,0.0,0.0,0.0
41,-128.309,0.0,0.03500000014901161,0.029999999329447746,0.9350000023841858,0.03500000014901161,0.9350000023841858,0.029999999329447746,0.03500000014901161,0.9350000023841858,0.029999999329447746,0.0,0.0,0.0,0.0,0.0,0.0
42,-367.19266666666687,0.0,0.03500000014901161,0.9350000023841858,0.029999999329447746,0.03500000014901161,0.029999999329447746,0.9350000023841858,0.03500000014901161,0.9350000023841858,0.029999999329447746,0.0,0.0,0.0,0.0,0.0,0.0
43,-34.553999999999974,0.0,0.03500000014901161,0.9350000023841858,0.029999999329447746,0.03999999910593033,0.9300000071525574,0.029999999329447746,0.03500000014901161,0.9350000023841858,0.029999999329447746,0.0,0.0,0.0,0.0,0.0,0.0
44,-472.9653333333337,0.0,0.9399999976158142,0.029999999329447746,0.029999999329447746,0.9399999976158142,0.029999999329447746,0.029999999329447746,0.9399999976158142,0.029999999329447746,0.029999999329447746,0.0,0.0,0.0,0.0,0.0,0.0
45,-49.159333333333315,0.0,0.03500000014901161,0.9350000023841858,0.029999999329447746,0.03500000014901161,0.9350000023841858,0.029999999329447746,0.03500000014901161,0.9350000023841858,0.029999999329447746,0.0,0.0,0.0,0.0,0.0,0.0
46,-58.847333333333374,0.0,0.03500000014901161,0.9350000023841858,0.029999999329447746,0.03999999910593033,0.9300000071525574,0.029999999329447746,0.9399999976158142,0.029999999329447746,0.029999999329447746,0.0,0.0,0.0,0.0,0.0,0.0
47,-143.97233333333344,0.0,0.03500000014901161,0.9350000023841858,0.029999999329447746,0.9399999976158142,0.029999999329447746,0.029999999329447746,0.9399999976158142,0.029999999329447746,0.029999999329447746,0.0,0.0,0.0,0.0,0.0,0.0
48,-222.83866666666657,0.0,0.03500000014901161,0.9350000023841858,0.029999999329447746,0.03500000014901161,0.9350000023841858,0.029999999329447746,0.9399999976158142,0.029999999329447746,0.029999999329447746,0.0,0.0,0.0,0.0,0.0,0.0
49,-34.87666666666666,0.0,0.03500000014901161,0.029999999329447746,0.9350000023841858,0.03500000014901161,0.03999999910593033,0.925000011920929,0.03999999910593033,0.029999999329447746,0.9300000071525574,0.0,0.0,0.0,0.0,0.0,0.0
50,-331.1663333333334,0.0,0.03500000014901161,0.9350000023841858,0.029999999329447746,0.03500000014901161,0.029999999329447746,0.9350000023841858,0.03500000014901161,0.029999999329447746,0.9350000023841858,0.0,0.0,0.0,0.0,0.0,0.0
51,-35.452000000000005,0.0,0.03500000014901161,0.9350000023841858,0.029999999329447746,0.03999999910593033,0.9300000071525574,0.029999999329447746,0.03500000014901161,0.9350000023841858,0.029999999329447746,0.0,0.0,0.0,0.0,0.0,0.0
52,-336.1743333333332,0.0,0.03500000014901161,0.9350000023841858,0.029999999329447746,0.9399999976158142,0.029999999329447746,0.029999999329447746,0.9399999976158142,0.029999999329447746,0.029999999329447746,0.0,0.0,0.0,0.0,0.0,0.0
53,-476.4646666666668,0.0,0.03500000014901161,0.8799999952316284,0.08500000089406967,0.07500000298023224,0.8949999809265137,0.029999999329447746,0.8899999856948853,0.05999999865889549,0.05000000074505806,0.0,0.0,0.0,0.0,0.0,0.0
54,-67.83133333333332,0.0,0.03500000014901161,0.9350000023841858,0.029999999329447746,0.03500000014901161,0.9350000023841858,0.029999999329447746,0.03500000014901161,0.9350000023841858,0.029999999329447746,0.0,0.0,0.0,0.0,0.0,0.0
55,-80.77199999999998,0.0,0.03500000014901161,0.9350000023841858,0.029999999329447746,0.03999999910593033,0.9300000071525574,0.029999999329447746,0.03500000014901161,0.9350000023841858,0.029999999329447746,0.0,0.0,0.0,0.0,0.0,0.0
56,-233.98366666666664,0.0,0.03500000014901161,0.9350000023841858,0.029999999329447746,0.03999999910593033,0.9300000071525574,0.029999999329447746,0.03500000014901161,0.9350000023841858,0.029999999329447746,0.0,0.0,0.0,0.0,0.0,0.0
57,-427.0756666666665,0.0,0.03500000014901161,0.9350000023841858,0.029999999329447746,0.9399999976158142,0.029999999329447746,0.029999999329447746,0.9399999976158142,0.029999999329447746,0.029999999329447746,0.0,0.0,0.0,0.0,0.0,0.0
58,-122.51600000000002,0.0,0.9399999976158142,0.029999999329447746,0.029999999329447746,0.9399999976158142,0.029999999329447746,0.029999999329447746,0.9399999976158142,0.029999999329447746,0.029999999329447746,0.0,0.0,0.0,0.0,0.0,0.0
59,-310.09999999999997,0.0,0.03500000014901161,0.029999999329447746,0.9350000023841858,0.03500000014901161,0.029999999329447746,0.9350000023841858,0.03500000014901161,0.9350000023841858,0.029999999329447746,0.0,0.0,0.0,0.0,0.0,0.0
60,-247.46433333333331,0.0,0.03500000014901161,0.029999999329447746,0.9350000023841858,0.03500000014901161,0.9350000023841858,0.029999999329447746,0.03500000014901161,0.9350000023841858,0.029999999329447746,0.0,0.0,0.0,0.0,0.0,0.0
61,-122.37666666666668,0.0,0.03500000014901161,0.9350000023841858,0.029999999329447746,0.03500000014901161,0.9350000023841858,0.029999999329447746,0.03500000014901161,0.9350000023841858,0.029999999329447746,0.0,0.0,0.0,0.0,0.0,0.0
62,-162.69033333333323,0.0,0.03500000014901161,0.9350000023841858,0.029999999329447746,0.05000000074505806,0.9200000166893005,0.029999999329447746,0.03500000014901161,0.9300000071525574,0.03500000014901161,0.0,0.0,0.0,0.0,0.0,0.0
63,-31.71533333333333,0.0,0.03500000014901161,0.9350000023841858,0.029999999329447746,0.03500000014901161,0.9350000023841858,0.029999999329447746,0.9399999976158142,0.029999999329447746,0.029999999329447746,0.0,0.0,0.0,0.0,0.0,0.0
64,-90.4976666666667,0.0,0.03500000014901161,0.9200000166893005,0.04500000178813934,0.054999999701976776,0.9100000262260437,0.03500000014901161,0.9150000214576721,0.03999999910593033,0.04500000178813934,0.0,0.0,0.0,0.0,0.0,0.0
65,-45.47633333333333,0.0,0.03500000014901161,0.9350000023841858,0.029999999329447746,0.05000000074505806,0.9200000166893005,0.029999999329447746,0.9150000214576721,0.054999999701976776,0.029999999329447746,0.0,0.0,0.0,0.0,0.0,0.0
66,-86.37566666666667,0.0,0.03500000014901161,0.9350000023841858,0.029999999329447746,0.03500000014901161,0.9350000023841858,0.029999999329447746,0.9399999976158142,0.029999999329447746,0.029999999329447746,0.0,0.0,0.0,0.0,0.0,0.0
67,-221.5576666666667,0.0,0.054999999701976776,0.8949999809265137,0.05000000074505806,0.07500000298023224,0.8899999856948853,0.03500000014901161,0.9049999713897705,0.054999999701976776,0.03999999910593033,0.0,0.0,0.0,0.0,0.0,0.0
68,-189.06366666666656,0.0,0.03500000014901161,0.9350000023841858,0.029999999329447746,0.03999999910593033,0.925000011920929,0.03500000014901161,0.03999999910593033,0.9300000071525574,0.029999999329447746,0.0,0.0,0.0,0.0,0.0,0.0
69,-201.68100000000007,0.0,0.03500000014901161,0.9350000023841858,0.029999999329447746,0.9399999976158142,0.029999999329447746,0.029999999329447746,0.9399999976158142,0.029999999329447746,0.029999999329447746,0.0,0.0,0.0,0.0,0.0,0.0
70,-54.449333333333314,0.0,0.03500000014901161,0.9350000023841858,0.029999999329447746,0.03500000014901161,0.9350000023841858,0.029999999329447746,0.9399999976158142,0.029999999329447746,0.029999999329447746,0.0,0.0,0.0,0.0,0.0,0.0
71,-323.54133333333345,0.0,0.03500000014901161,0.9350000023841858,0.029999999329447746,0.03999999910593033,0.9300000071525574,0.029999999329447746,0.03500000014901161,0.9350000023841858,0.029999999329447746,0.0,0.0,0.0,0.0,0.0,0.0
72,-223.54666666666665,0.0,0.03500000014901161,0.9350000023841858,0.029999999329447746,0.03999999910593033,0.9300000071525574,0.029999999329447746,0.03500000014901161,0.9350000023841858,0.029999999329447746,0.0,0.0,0.0,0.0,0.0,0.0
73,-62.8593333333333,0.0,0.9399999976158142,0.029999999329447746,0.029999999329447746,0.9399999976158142,0.029999999329447746,0.029999999329447746,0.9399999976158142,0.029999999329447746,0.029999999329447746,0.0,0.0,0.0,0.0,0.0,0.0
74,-48.83266666666665,0.0,0.03500000014901161,0.9350000023841858,0.029999999329447746,0.04500000178813934,0.925000011920929,0.029999999329447746,0.03500000014901161,0.9350000023841858,0.029999999329447746,0.0,0.0,0.0,0.0,0.0,0.0
75,-163.45133333333325,0.0,0.03500000014901161,0.9200000166893005,0.04500000178813934,0.05999999865889549,0.8949999809265137,0.04500000178813934,0.9100000262260437,0.05000000074505806,0.03999999910593033,0.0,0.0,0.0,0.0,0.0,0.0
76,-125.2883333333333,0.0,0.03500000014901161,0.9350000023841858,0.029999999329447746,0.03999999910593033,0.9200000166893005,0.03999999910593033,0.03999999910593033,0.9300000071525574,0.029999999329447746,0.0,0.0,0.0,0.0,0.0,0.0
77,-93.37000000000003,0.0,0.03500000014901161,0.9350000023841858,0.029999999329447746,0.03500000014901161,0.9350000023841858,0.029999999329447746,0.9399999976158142,0.029999999329447746,0.029999999329447746,0.0,0.0,0.0,0.0,0.0,0.0
78,-190.44966666666667,0.0,0.9150000214576721,0.03999999910593033,0.04500000178813934,0.925000011920929,0.03999999910593033,0.03500000014901161,0.9350000023841858,0.03500000014901161,0.029999999329447746,0.0,0.0,0.0,0.0,0.0,0.0
79,-236.74599999999992,0.0,0.03500000014901161,0.9350000023841858,0.029999999329447746,0.03500000014901161,0.9350000023841858,0.029999999329447746,0.03500000014901161,0.9350000023841858,0.029999999329447746,0.0,0.0,0.0,0.0,0.0,0.0
80,-42.01666666666667,0.0,0.03500000014901161,0.9350000023841858,0.029999999329447746,0.03500000014901161,0.9350000023841858,0.029999999329447746,0.03500000014901161,0.9350000023841858,0.029999999329447746,0.0,0.0,0.0,0.0,0.0,0.0
81,-38.611000000000004,0.0,0.03500000014901161,0.9350000023841858,0.029999999329447746,0.03500000014901161,0.9300000071525574,0.03500000014901161,0.9300000071525574,0.03500000014901161,0.03500000014901161,0.0,0.0,0.0,0.0,0.0,0.0
82,-41.83966666666665,0.0,0.03500000014901161,0.029999999329447746,0.9350000023841858,0.9300000071525574,0.03999999910593033,0.029999999329447746,0.9399999976158142,0.029999999329447746,0.029999999329447746,0.0,0.0,0.0,0.0,0.0,0.0
83,-93.45533333333331,0.0,0.03500000014901161,0.9350000023841858,0.029999999329447746,0.03500000014901161,0.9350000023841858,0.029999999329447746,0.03500000014901161,0.9350000023841858,0.029999999329447746,0.0,0.0,0.0,0.0,0.0,0.0
84,-41.074666666666644,0.0,0.9399999976158142,0.029999999329447746,0.029999999329447746,0.9399999976158142,0.029999999329447746,0.029999999329447746,0.9399999976158142,0.029999999329447746,0.029999999329447746,0.0,0.0,0.0,0.0,0.0,0.0
85,-74.15933333333334,0.0,0.9049999713897705,0.03999999910593033,0.054999999701976776,0.9200000166893005,0.03999999910593033,0.03999999910593033,0.9300000071525574,0.03999999910593033,0.029999999329447746,0.0,0.0,0.0,0.0,0.0,0.0
86,-138.0086666666667,0.0,0.03999999910593033,0.8849999904632568,0.07500000298023224,0.8849999904632568,0.04500000178813934,0.07000000029802322,0.9150000214576721,0.05000000074505806,0.03500000014901161,0.0,0.0,0.0,0.0,0.0,0.0
87,-270.6633333333333,0.0,0.03500000014901161,0.9350000023841858,0.029999999329447746,0.03500000014901161,0.9350000023841858,0.029999999329447746,0.03500000014901161,0.9350000023841858,0.029999999329447746,0.0,0.0,0.0,0.0,0.0,0.0
88,-33.99566666666667,0.0,0.03500000014901161,0.029999999329447746,0.9350000023841858,0.03500000014901161,0.9350000023841858,0.029999999329447746,0.03500000014901161,0.9350000023841858,0.029999999329447746,0.0,0.0,0.0,0.0,0.0,0.0
89,-144.32699999999994,0.0,0.03500000014901161,0.9350000023841858,0.029999999329447746,0.03500000014901161,0.9350000023841858,0.029999999329447746,0.03500000014901161,0.9350000023841858,0.029999999329447746,0.0,0.0,0.0,0.0,0.0,0.0
90,-363.76066666666657,0.0,0.03500000014901161,0.9350000023841858,0.029999999329447746,0.03500000014901161,0.9350000023841858,0.029999999329447746,0.9399999976158142,0.029999999329447746,0.029999999329447746,0.0,0.0,0.0,0.0,0.0,0.0
91,-133.2893333333333,0.0,0.03500000014901161,0.9350000023841858,0.029999999329447746,0.03500000014901161,0.9350000023841858,0.029999999329447746,0.03500000014901161,0.9350000023841858,0.029999999329447746,0.0,0.0,0.0,0.0,0.0,0.0
92,-211.80500000000006,0.0,0.04500000178813934,0.8799999952316284,0.07500000298023224,0.07000000029802322,0.8799999952316284,0.05000000074505806,0.8999999761581421,0.07000000029802322,0.029999999329447746,0.0,0.0,0.0,0.0,0.0,0.0
93,-471.4463333333333,0.0,0.03999999910593033,0.8799999952316284,0.07999999821186066,0.054999999701976776,0.8799999952316284,0.06499999761581421,0.8999999761581421,0.05999999865889549,0.03999999910593033,0.0,0.0,0.0,0.0,0.0,0.0
94,-76.73233333333333,0.0,0.03500000014901161,0.9350000023841858,0.029999999329447746,0.03999999910593033,0.9300000071525574,0.029999999329447746,0.03500000014901161,0.9350000023841858,0.029999999329447746,0.0,0.0,0.0,0.0,0.0,0.0
95,-151.08033333333336,0.0,0.03500000014901161,0.8949999809265137,0.07000000029802322,0.05000000074505806,0.8899999856948853,0.05999999865889549,0.9100000262260437,0.05999999865889549,0.029999999329447746,0.0,0.0,0.0,0.0,0.0,0.0
96,-62.94733333333338,0.0,0.03500000014901161,0.9350000023841858,0.029999999329447746,0.03500000014901161,0.9350000023841858,0.029999999329447746,0.03500000014901161,0.9350000023841858,0.029999999329447746,0.0,0.0,0.0,0.0,0.0,0.0
97,-37.224666666666664,0.0,0.03500000014901161,0.9350000023841858,0.029999999329447746,0.03999999910593033,0.9300000071525574,0.029999999329447746,0.03500000014901161,0.9350000023841858,0.029999999329447746,0.0,0.0,0.0,0.0,0.0,0.0
98,-36.32400000000002,0.0,0.03500000014901161,0.9350000023841858,0.029999999329447746,0.03500000014901161,0.9350000023841858,0.029999999329447746,0.03500000014901161,0.9350000023841858,0.029999999329447746,0.0,0.0,0.0,0.0,0.0,0.0
99,-82.47833333333332,0.0,0.05999999865889549,0.8949999809265137,0.04500000178813934,0.054999999701976776,0.8899999856948853,0.054999999701976776,0.9049999713897705,0.05999999865889549,0.03500000014901161,0.0,0.0,0.0,0.0,0.0,0.0
100,-251.70566666666662,0.0,0.03500000014901161,0.8899999856948853,0.07500000298023224,0.07999999821186066,0.8849999904632568,0.03500000014901161,0.8999999761581421,0.05000000074505806,0.05000000074505806,0.0,0.0,0.0,0.0,0.0,0.0
101,-349.3103333333334,0.0,0.04500000178813934,0.9100000262260437,0.04500000178813934,0.07000000029802322,0.8949999809265137,0.03500000014901161,0.9150000214576721,0.04500000178813934,0.03999999910593033,0.0,0.0,0.0,0.0,0.0,0.0
102,-117.15933333333331,0.0,0.03500000014901161,0.9350000023841858,0.029999999329447746,0.03500000014901161,0.9350000023841858,0.029999999329447746,0.03500000014901161,0.9350000023841858,0.029999999329447746,0.0,0.0,0.0,0.0,0.0,0.0
103,-47.05133333333333,0.0,0.03500000014901161,0.9350000023841858,0.029999999329447746,0.03500000014901161,0.9350000023841858,0.029999999329447746,0.03500000014901161,0.9350000023841858,0.029999999329447746,0.0,0.0,0.0,0.0,0.0,0.0
104,-30.587666666666667,0.0,0.03500000014901161,0.9350000023841858,0.029999999329447746,0.03500000014901161,0.9350000023841858,0.029999999329447746,0.03500000014901161,0.9350000023841858,0.029999999329447746,0.0,0.0,0.0,0.0,0.0,0.0
105,-156.55266666666668,0.0,0.03500000014901161,0.9350000023841858,0.029999999329447746,0.03500000014901161,0.9350000023841858,0.029999999329447746,0.03500000014901161,0.9350000023841858,0.029999999329447746,0.0,0.0,0.0,0.0,0.0,0.0
106,-46.008000000000045,0.0,0.03500000014901161,0.029999999329447746,0.9350000023841858,0.9399999976158142,0.029999999329447746,0.029999999329447746,0.9399999976158142,0.029999999329447746,0.029999999329447746,0.0,0.0,0.0,0.0,0.0,0.0
107,-243.35999999999993,0.0,0.03500000014901161,0.9350000023841858,0.029999999329447746,0.03500000014901161,0.9350000023841858,0.029999999329447746,0.03500000014901161,0.9350000023841858,0.029999999329447746,0.0,0.0,0.0,0.0,0.0,0.0
108,-54.34299999999998,0.0,0.03500000014901161,0.9350000023841858,0.029999999329447746,0.03500000014901161,0.9350000023841858,0.029999999329447746,0.03500000014901161,0.9350000023841858,0.029999999329447746,0.0,0.0,0.0,0.0,0.0,0.0
109,-398.8393333333331,0.0,0.06499999761581421,0.8849999904632568,0.05000000074505806,0.07999999821186066,0.8849999904632568,0.03500000014901161,0.8899999856948853,0.07000000029802322,0.03999999910593033,0.0,0.0,0.0,0.0,0.0,0.0
110,-46.54533333333332,0.0,0.03500000014901161,0.9350000023841858,0.029999999329447746,0.04500000178813934,0.925000011920929,0.029999999329447746,0.03999999910593033,0.9300000071525574,0.029999999329447746,0.0,0.0,0.0,0.0,0.0,0.0
111,-97.87166666666666,0.0,0.03500000014901161,0.9350000023841858,0.029999999329447746,0.03500000014901161,0.9350000023841858,0.029999999329447746,0.03500000014901161,0.9350000023841858,0.029999999329447746,0.0,0.0,0.0,0.0,0.0,0.0
112,-117.41900000000001,0.0,0.03500000014901161,0.029999999329447746,0.9350000023841858,0.03500000014901161,0.9350000023841858,0.029999999329447746,0.03500000014901161,0.9350000023841858,0.029999999329447746,0.0,0.0,0.0,0.0,0.0,0.0
113,-38.61100000000001,0.0,0.03500000014901161,0.9350000023841858,0.029999999329447746,0.03500000014901161,0.9350000023841858,0.029999999329447746,0.9399999976158142,0.029999999329447746,0.029999999329447746,0.0,0.0,0.0,0.0,0.0,0.0
114,-39.45566666666669,0.0,0.03500000014901161,0.029999999329447746,0.9350000023841858,0.03500000014901161,0.04500000178813934,0.9200000166893005,0.03999999910593033,0.9300000071525574,0.029999999329447746,0.0,0.0,0.0,0.0,0.0,0.0
115,-49.62499999999998,0.0,0.03500000014901161,0.9350000023841858,0.029999999329447746,0.03500000014901161,0.9350000023841858,0.029999999329447746,0.03500000014901161,0.9350000023841858,0.029999999329447746,0.0,0.0,0.0,0.0,0.0,0.0
116,-51.251999999999995,0.0,0.03500000014901161,0.9350000023841858,0.029999999329447746,0.9399999976158142,0.029999999329447746,0.029999999329447746,0.9399999976158142,0.029999999329447746,0.029999999329447746,0.0,0.0,0.0,0.0,0.0,0.0
117,-389.704,0.0,0.03500000014901161,0.9350000023841858,0.029999999329447746,0.03999999910593033,0.9300000071525574,0.029999999329447746,0.03500000014901161,0.9350000023841858,0.029999999329447746,0.0,0.0,0.0,0.0,0.0,0.0
118,-101.6416666666666,0.0,0.04500000178813934,0.9200000166893005,0.03500000014901161,0.05000000074505806,0.9049999713897705,0.04500000178813934,0.9100000262260437,0.05999999865889549,0.029999999329447746,0.0,0.0,0.0,0.0,0.0,0.0
119,-37.20100000000001,0.0,0.03500000014901161,0.9350000023841858,0.029999999329447746,0.03500000014901161,0.9350000023841858,0.029999999329447746,0.03500000014901161,0.9350000023841858,0.029999999329447746,0.0,0.0,0.0,0.0,0.0,0.0
120,-48.50333333333335,0.0,0.03500000014901161,0.9350000023841858,0.029999999329447746,0.9399999976158142,0.029999999329447746,0.029999999329447746,0.9399999976158142,0.029999999329447746,0.029999999329447746,0.0,0.0,0.0,0.0,0.0,0.0
121,-399.4546666666668,0.0,0.03500000014901161,0.9350000023841858,0.029999999329447746,0.03500000014901161,0.9350000023841858,0.029999999329447746,0.9399999976158142,0.029999999329447746,0.029999999329447746,0.0,0.0,0.0,0.0,0.0,0.0
122,-73.6256666666667,0.0,0.03500000014901161,0.9350000023841858,0.029999999329447746,0.03500000014901161,0.9300000071525574,0.03500000014901161,0.03999999910593033,0.9300000071525574,0.029999999329447746,0.0,0.0,0.0,0.0,0.0,0.0
123,-234.84633333333346,0.0,0.054999999701976776,0.8849999904632568,0.05999999865889549,0.054999999701976776,0.8849999904632568,0.05999999865889549,0.8849999904632568,0.08500000089406967,0.029999999329447746,0.0,0.0,0.0,0.0,0.0,0.0
124,-44.92000000000004,0.0,0.03500000014901161,0.9350000023841858,0.029999999329447746,0.03500000014901161,0.9350000023841858,0.029999999329447746,0.03500000014901161,0.9350000023841858,0.029999999329447746,0.0,0.0,0.0,0.0,0.0,0.0
125,-121.11966666666666,0.0,0.03500000014901161,0.9200000166893005,0.04500000178813934,0.05999999865889549,0.8849999904632568,0.054999999701976776,0.8949999809265137,0.07500000298023224,0.029999999329447746,0.0,0.0,0.0,0.0,0.0,0.0
126,-135.81733333333338,0.0,0.03500000014901161,0.9350000023841858,0.029999999329447746,0.04500000178813934,0.9200000166893005,0.03500000014901161,0.03500000014901161,0.9350000023841858,0.029999999329447746,0.0,0.0,0.0,0.0,0.0,0.0
127,-42.525666666666666,0.0,0.03500000014901161,0.9350000023841858,0.029999999329447746,0.03500000014901161,0.9350000023841858,0.029999999329447746,0.03500000014901161,0.029999999329447746,0.9350000023841858,0.0,0.0,0.0,0.0,0.0,0.0
128,-29.329666666666668,0.0,0.9399999976158142,0.029999999329447746,0.029999999329447746,0.9399999976158142,0.029999999329447746,0.029999999329447746,0.9399999976158142,0.029999999329447746,0.029999999329447746,0.0,0.0,0.0,0.0,0.0,0.0
129,-136.76800000000003,0.0,0.03500000014901161,0.9350000023841858,0.029999999329447746,0.03500000014901161,0.9350000023841858,0.029999999329447746,0.03500000014901161,0.9350000023841858,0.029999999329447746,0.0,0.0,0.0,0.0,0.0,0.0
130,-148.37933333333328,0.0,0.03500000014901161,0.029999999329447746,0.9350000023841858,0.03500000014901161,0.029999999329447746,0.9350000023841858,0.03500000014901161,0.9350000023841858,0.029999999329447746,0.0,0.0,0.0,0.0,0.0,0.0
131,-53.522,0.0,0.03500000014901161,0.9350000023841858,0.029999999329447746,0.03999999910593033,0.925000011920929,0.03500000014901161,0.03500000014901161,0.9350000023841858,0.029999999329447746,0.0,0.0,0.0,0.0,0.0,0.0
132,-48.96866666666668,0.0,0.03500000014901161,0.9350000023841858,0.029999999329447746,0.04500000178813934,0.925000011920929,0.029999999329447746,0.03500000014901161,0.9350000023841858,0.029999999329447746,0.0,0.0,0.0,0.0,0.0,0.0
133,-48.91166666666669,0.0,0.03500000014901161,0.9350000023841858,0.029999999329447746,0.03500000014901161,0.925000011920929,0.03999999910593033,0.03999999910593033,0.9300000071525574,0.029999999329447746,0.0,0.0,0.0,0.0,0.0,0.0
134,-207.4376666666668,0.0,0.05000000074505806,0.8899999856948853,0.05999999865889549,0.07500000298023224,0.8799999952316284,0.04500000178813934,0.8799999952316284,0.09000000357627869,0.029999999329447746,0.0,0.0,0.0,0.0,0.0,0.0
135,-382.7993333333332,0.0,0.9300000071525574,0.03500000014901161,0.03500000014901161,0.9399999976158142,0.029999999329447746,0.029999999329447746,0.9399999976158142,0.029999999329447746,0.029999999329447746,0.0,0.0,0.0,0.0,0.0,0.0
136,-47.23899999999997,0.0,0.03500000014901161,0.9350000023841858,0.029999999329447746,0.03500000014901161,0.9350000023841858,0.029999999329447746,0.03500000014901161,0.9350000023841858,0.029999999329447746,0.0,0.0,0.0,0.0,0.0,0.0
137,-183.88233333333326,0.0,0.05000000074505806,0.8949999809265137,0.054999999701976776,0.08500000089406967,0.8799999952316284,0.03500000014901161,0.8849999904632568,0.07000000029802322,0.04500000178813934,0.0,0.0,0.0,0.0,0.0,0.0
138,-53.20666666666673,0.0,0.03500000014901161,0.9350000023841858,0.029999999329447746,0.04500000178813934,0.9200000166893005,0.03500000014901161,0.03500000014901161,0.9350000023841858,0.029999999329447746,0.0,0.0,0.0,0.0,0.0,0.0
139,-262.635,0.0,0.03500000014901161,0.9350000023841858,0.029999999329447746,0.03500000014901161,0.9350000023841858,0.029999999329447746,0.03500000014901161,0.9350000023841858,0.029999999329447746,0.0,0.0,0.0,0.0,0.0,0.0
140,-193.78266666666667,0.0,0.03500000014901161,0.029999999329447746,0.9350000023841858,0.03500000014901161,0.029999999329447746,0.9350000023841858,0.03500000014901161,0.029999999329447746,0.9350000023841858,0.0,0.0,0.0,0.0,0.0,0.0
141,-72.94100000000002,0.0,0.03500000014901161,0.9350000023841858,0.029999999329447746,0.05000000074505806,0.9200000166893005,0.029999999329447746,0.03500000014901161,0.9350000023841858,0.029999999329447746,0.0,0.0,0.0,0.0,0.0,0.0
142,-43.68966666666663,0.0,0.03500000014901161,0.9350000023841858,0.029999999329447746,0.03999999910593033,0.9300000071525574,0.029999999329447746,0.03500000014901161,0.9350000023841858,0.029999999329447746,0.0,0.0,0.0,0.0,0.0,0.0
143,-27.377666666666673,0.0,0.03500000014901161,0.9350000023841858,0.029999999329447746,0.03500000014901161,0.9350000023841858,0.029999999329447746,0.03500000014901161,0.9350000023841858,0.029999999329447746,0.0,0.0,0.0,0.0,0.0,0.0
144,-89.87900000000002,0.0,0.03500000014901161,0.029999999329447746,0.9350000023841858,0.03500000014901161,0.9350000023841858,0.029999999329447746,0.03500000014901161,0.9350000023841858,0.029999999329447746,0.0,0.0,0.0,0.0,0.0,0.0
145,-156.02333333333337,0.0,0.03500000014901161,0.029999999329447746,0.9350000023841858,0.9399999976158142,0.029999999329447746,0.029999999329447746,0.9399999976158142,0.029999999329447746,0.029999999329447746,0.0,0.0,0.0,0.0,0.0,0.0
146,-290.58899999999994,0.0,0.054999999701976776,0.8849999904632568,0.05999999865889549,0.8849999904632568,0.08500000089406967,0.029999999329447746,0.8899999856948853,0.05000000074505806,0.05999999865889549,0.0,0.0,0.0,0.0,0.0,0.0
147,-283.1663333333335,0.0,0.05000000074505806,0.8949999809265137,0.054999999701976776,0.06499999761581421,0.8799999952316284,0.054999999701976776,0.8849999904632568,0.04500000178813934,0.07000000029802322,0.0,0.0,0.0,0.0,0.0,0.0
148,-294.4026666666666,0.0,0.03500000014901161,0.9350000023841858,0.029999999329447746,0.03999999910593033,0.925000011920929,0.03500000014901161,0.03500000014901161,0.9350000023841858,0.029999999329447746,0.0,0.0,0.0,0.0,0.0,0.0
149,-51.69666666666667,0.0,0.03500000014901161,0.029999999329447746,0.9350000023841858,0.03500000014901161,0.9350000023841858,0.029999999329447746,0.03500000014901161,0.9350000023841858,0.029999999329447746,0.0,0.0,0.0,0.0,0.0,0.0
150,-272.2303333333334,0.0,0.03500000014901161,0.9100000262260437,0.054999999701976776,0.03999999910593033,0.9049999713897705,0.054999999701976776,0.9100000262260437,0.03999999910593033,0.05000000074505806,0.0,0.0,0.0,0.0,0.0,0.0
151,-190.7183333333334,0.0,0.03500000014901161,0.9350000023841858,0.029999999329447746,0.03500000014901161,0.9350000023841858,0.029999999329447746,0.03500000014901161,0.9350000023841858,0.029999999329447746,0.0,0.0,0.0,0.0,0.0,0.0
152,-95.998,0.0,0.05999999865889549,0.8949999809265137,0.04500000178813934,0.05999999865889549,0.8899999856948853,0.05000000074505806,0.8949999809265137,0.05000000074505806,0.054999999701976776,0.0,0.0,0.0,0.0,0.0,0.0
153,-33.47866666666667,0.0,0.03500000014901161,0.9350000023841858,0.029999999329447746,0.03999999910593033,0.9300000071525574,0.029999999329447746,0.03500000014901161,0.9350000023841858,0.029999999329447746,0.0,0.0,0.0,0.0,0.0,0.0
154,-284.9723333333333,0.0,0.03500000014901161,0.054999999701976776,0.9100000262260437,0.9150000214576721,0.03500000014901161,0.05000000074505806,0.9200000166893005,0.03999999910593033,0.03999999910593033,0.0,0.0,0.0,0.0,0.0,0.0
155,-68.45066666666665,0.0,0.03500000014901161,0.9350000023841858,0.029999999329447746,0.03500000014901161,0.9350000023841858,0.029999999329447746,0.03500000014901161,0.9350000023841858,0.029999999329447746,0.0,0.0,0.0,0.0,0.0,0.0
156,-91.07699999999997,0.0,0.03500000014901161,0.029999999329447746,0.9350000023841858,0.03500000014901161,0.9350000023841858,0.029999999329447746,0.03500000014901161,0.9350000023841858,0.029999999329447746,0.0,0.0,0.0,0.0,0.0,0.0
157,-59.249666666666656,0.0,0.03500000014901161,0.9350000023841858,0.029999999329447746,0.9399999976158142,0.029999999329447746,0.029999999329447746,0.9399999976158142,0.029999999329447746,0.029999999329447746,0.0,0.0,0.0,0.0,0.0,0.0
158,-436.35733333333354,0.0,0.03500000014901161,0.8899999856948853,0.07500000298023224,0.05000000074505806,0.8849999904632568,0.06499999761581421,0.8899999856948853,0.05999999865889549,0.05000000074505806,0.0,0.0,0.0,0.0,0.0,0.0
159,-20.317000000000004,0.0,0.03500000014901161,0.029999999329447746,0.9350000023841858,0.03500000014901161,0.029999999329447746,0.9350000023841858,0.9399999976158142,0.029999999329447746,0.029999999329447746,0.0,0.0,0.0,0.0,0.0,0.0
160,-112.5196666666666,0.0,0.03500000014901161,0.9350000023841858,0.029999999329447746,0.03500000014901161,0.9350000023841858,0.029999999329447746,0.03500000014901161,0.9350000023841858,0.029999999329447746,0.0,0.0,0.0,0.0,0.0,0.0
161,-299.9643333333333,0.0,0.9399999976158142,0.029999999329447746,0.029999999329447746,0.9399999976158142,0.029999999329447746,0.029999999329447746,0.9399999976158142,0.029999999329447746,0.029999999329447746,0.0,0.0,0.0,0.0,0.0,0.0
162,-33.63,0.0,0.03500000014901161,0.9350000023841858,0.029999999329447746,0.03500000014901161,0.9350000023841858,0.029999999329447746,0.03500000014901161,0.9350000023841858,0.029999999329447746,0.0,0.0,0.0,0.0,0.0,0.0
163,-194.03033333333337,0.0,0.03999999910593033,0.8949999809265137,0.06499999761581421,0.03500000014901161,0.8849999904632568,0.07999999821186066,0.8949999809265137,0.05000000074505806,0.054999999701976776,0.0,0.0,0.0,0.0,0.0,0.0
164,-31.809666666666676,0.0,0.03500000014901161,0.9350000023841858,0.029999999329447746,0.03500000014901161,0.9350000023841858,0.029999999329447746,0.03500000014901161,0.9350000023841858,0.029999999329447746,0.0,0.0,0.0,0.0,0.0,0.0
165,-109.58666666666663,0.0,0.03500000014901161,0.9350000023841858,0.029999999329447746,0.03500000014901161,0.9300000071525574,0.03500000014901161,0.9300000071525574,0.03500000014901161,0.03500000014901161,0.0,0.0,0.0,0.0,0.0,0.0
166,-116.45633333333342,0.0,0.03500000014901161,0.029999999329447746,0.9350000023841858,0.03500000014901161,0.9350000023841858,0.029999999329447746,0.03500000014901161,0.9350000023841858,0.029999999329447746,0.0,0.0,0.0,0.0,0.0,0.0
167,-25.858333333333338,0.0,0.03500000014901161,0.029999999329447746,0.9350000023841858,0.9399999976158142,0.029999999329447746,0.029999999329447746,0.9399999976158142,0.029999999329447746,0.029999999329447746,0.0,0.0,0.0,0.0,0.0,0.0
168,-338.7979999999999,0.0,0.07500000298023224,0.8899999856948853,0.03500000014901161,0.04500000178813934,0.8849999904632568,0.07000000029802322,0.8849999904632568,0.05999999865889549,0.054999999701976776,0.0,0.0,0.0,0.0,0.0,0.0
169,-219.02999999999997,0.0,0.05999999865889549,0.8799999952316284,0.05999999865889549,0.05000000074505806,0.8799999952316284,0.07000000029802322,0.8849999904632568,0.07000000029802322,0.04500000178813934,0.0,0.0,0.0,0.0,0.0,0.0
170,-273.1826666666667,0.0,0.03500000014901161,0.9350000023841858,0.029999999329447746,0.03500000014901161,0.9350000023841858,0.029999999329447746,0.03500000014901161,0.9350000023841858,0.029999999329447746,0.0,0.0,0.0,0.0,0.0,0.0
171,-152.42833333333334,0.0,0.03999999910593033,0.9300000071525574,0.029999999329447746,0.03999999910593033,0.9200000166893005,0.03999999910593033,0.04500000178813934,0.925000011920929,0.029999999329447746,0.0,0.0,0.0,0.0,0.0,0.0
172,-45.814333333333316,0.0,0.03500000014901161,0.9350000023841858,0.029999999329447746,0.03500000014901161,0.9350000023841858,0.029999999329447746,0.03500000014901161,0.9350000023841858,0.029999999329447746,0.0,0.0,0.0,0.0,0.0,0.0
173,-72.289,0.0,0.03500000014901161,0.9350000023841858,0.029999999329447746,0.03500000014901161,0.9350000023841858,0.029999999329447746,0.9399999976158142,0.029999999329447746,0.029999999329447746,0.0,0.0,0.0,0.0,0.0,0.0
174,-342.3056666666668,0.0,0.03999999910593033,0.8849999904632568,0.07500000298023224,0.04500000178813934,0.8799999952316284,0.07500000298023224,0.8849999904632568,0.07500000298023224,0.03999999910593033,0.0,0.0,0.0,0.0,0.0,0.0
175,-530.357,0.0,0.05000000074505806,0.8799999952316284,0.07000000029802322,0.04500000178813934,0.8799999952316284,0.07500000298023224,0.8849999904632568,0.08500000089406967,0.029999999329447746,0.0,0.0,0.0,0.0,0.0,0.0
176,-64.83933333333333,0.0,0.03500000014901161,0.9350000023841858,0.029999999329447746,0.05000000074505806,0.029999999329447746,0.9200000166893005,0.03500000014901161,0.9350000023841858,0.029999999329447746,0.0,0.0,0.0,0.0,0.0,0.0
177,-102.59800000000003,0.0,0.03500000014901161,0.9049999713897705,0.05999999865889549,0.03500000014901161,0.9049999713897705,0.05999999865889549,0.9100000262260437,0.05000000074505806,0.03999999910593033,0.0,0.0,0.0,0.0,0.0,0.0
178,-243.65366666666657,0.0,0.03500000014901161,0.04500000178813934,0.9200000166893005,0.03500000014901161,0.9150000214576721,0.05000000074505806,0.9200000166893005,0.05000000074505806,0.029999999329447746,0.0,0.0,0.0,0.0,0.0,0.0
179,-183.90333333333325,0.0,0.03500000014901161,0.9350000023841858,0.029999999329447746,0.03500000014901161,0.9350000023841858,0.029999999329447746,0.9399999976158142,0.029999999329447746,0.029999999329447746,0.0,0.0,0.0,0.0,0.0,0.0
180,-38.28099999999999,0.0,0.03500000014901161,0.9350000023841858,0.029999999329447746,0.03500000014901161,0.9200000166893005,0.04500000178813934,0.03999999910593033,0.9300000071525574,0.029999999329447746,0.0,0.0,0.0,0.0,0.0,0.0
181,-79.70433333333337,0.0,0.06499999761581421,0.8899999856948853,0.04500000178813934,0.03999999910593033,0.8949999809265137,0.06499999761581421,0.9049999713897705,0.054999999701976776,0.03999999910593033,0.0,0.0,0.0,0.0,0.0,0.0
182,-70.10600000000002,0.0,0.03500000014901161,0.9350000023841858,0.029999999329447746,0.03500000014901161,0.9350000023841858,0.029999999329447746,0.03500000014901161,0.9350000023841858,0.029999999329447746,0.0,0.0,0.0,0.0,0.0,0.0
183,-302.7283333333333,0.0,0.03500000014901161,0.9350000023841858,0.029999999329447746,0.03999999910593033,0.9150000214576721,0.04500000178813934,0.03500000014901161,0.9350000023841858,0.029999999329447746,0.0,0.0,0.0,0.0,0.0,0.0
184,-205.8463333333333,0.0,0.03500000014901161,0.9350000023841858,0.029999999329447746,0.03500000014901161,0.9350000023841858,0.029999999329447746,0.03500000014901161,0.9350000023841858,0.029999999329447746,0.0,0.0,0.0,0.0,0.0,0.0
185,-51.75666666666667,0.0,0.03500000014901161,0.9350000023841858,0.029999999329447746,0.03999999910593033,0.9200000166893005,0.03999999910593033,0.03999999910593033,0.9300000071525574,0.029999999329447746,0.0,0.0,0.0,0.0,0.0,0.0
186,-288.1966666666668,0.0,0.03500000014901161,0.9350000023841858,0.029999999329447746,0.03500000014901161,0.9350000023841858,0.029999999329447746,0.03500000014901161,0.9350000023841858,0.029999999329447746,0.0,0.0,0.0,0.0,0.0,0.0
187,-310.337,0.0,0.03500000014901161,0.029999999329447746,0.9350000023841858,0.03500000014901161,0.03500000014901161,0.9300000071525574,0.03500000014901161,0.9350000023841858,0.029999999329447746,0.0,0.0,0.0,0.0,0.0,0.0
188,-103.84466666666667,0.0,0.03500000014901161,0.9350000023841858,0.029999999329447746,0.03999999910593033,0.9100000262260437,0.05000000074505806,0.9150000214576721,0.04500000178813934,0.03999999910593033,0.0,0.0,0.0,0.0,0.0,0.0
189,-53.4416666666667,0.0,0.03500000014901161,0.9350000023841858,0.029999999329447746,0.03500000014901161,0.925000011920929,0.03999999910593033,0.03500000014901161,0.9350000023841858,0.029999999329447746,0.0,0.0,0.0,0.0,0.0,0.0
190,-209.21166666666676,0.0,0.03500000014901161,0.9350000023841858,0.029999999329447746,0.03500000014901161,0.9350000023841858,0.029999999329447746,0.03500000014901161,0.9350000023841858,0.029999999329447746,0.0,0.0,0.0,0.0,0.0,0.0
191,-26.335333333333327,0.0,0.03500000014901161,0.9350000023841858,0.029999999329447746,0.03500000014901161,0.925000011920929,0.03999999910593033,0.03999999910593033,0.925000011920929,0.03500000014901161,0.0,0.0,0.0,0.0,0.0,0.0
192,-34.06566666666666,0.0,0.03500000014901161,0.9350000023841858,0.029999999329447746,0.03500000014901161,0.9350000023841858,0.029999999329447746,0.03500000014901161,0.9350000023841858,0.029999999329447746,0.0,0.0,0.0,0.0,0.0,0.0
193,-367.2713333333333,0.0,0.06499999761581421,0.8949999809265137,0.03999999910593033,0.03999999910593033,0.8949999809265137,0.06499999761581421,0.8999999761581421,0.07000000029802322,0.029999999329447746,0.0,0.0,0.0,0.0,0.0,0.0
194,-41.700999999999986,0.0,0.03500000014901161,0.9350000023841858,0.029999999329447746,0.03500000014901161,0.9300000071525574,0.03500000014901161,0.9350000023841858,0.03500000014901161,0.029999999329447746,0.0,0.0,0.0,0.0,0.0,0.0
195,-28.399000000000004,0.0,0.03500000014901161,0.9350000023841858,0.029999999329447746,0.03500000014901161,0.9350000023841858,0.029999999329447746,0.9399999976158142,0.029999999329447746,0.029999999329447746,0.0,0.0,0.0,0.0,0.0,0.0
196,-163.0383333333333,0.0,0.05999999865889549,0.05000000074505806,0.8899999856948853,0.8899999856948853,0.05999999865889549,0.05000000074505806,0.8899999856948853,0.07500000298023224,0.03500000014901161,0.0,0.0,0.0,0.0,0.0,0.0
197,-286.7946666666667,0.0,0.08500000089406967,0.8799999952316284,0.03500000014901161,0.04500000178813934,0.8799999952316284,0.07500000298023224,0.8849999904632568,0.07000000029802322,0.04500000178813934,0.0,0.0,0.0,0.0,0.0,0.0
198,-138.61933333333326,0.0,0.03500000014901161,0.029999999329447746,0.9350000023841858,0.9399999976158142,0.029999999329447746,0.029999999329447746,0.9399999976158142,0.029999999329447746,0.029999999329447746,0.0,0.0,0.0,0.0,0.0,0.0
199,-532.8986666666668,0.0,0.04500000178813934,0.8799999952316284,0.07500000298023224,0.04500000178813934,0.8799999952316284,0.07500000298023224,0.8849999904632568,0.07999999821186066,0.03500000014901161,0.0,0.0,0.0,0.0,0.0,0.0
200,-168.41833333333332,0.0,0.03500000014901161,0.9350000023841858,0.029999999329447746,0.03500000014901161,0.9350000023841858,0.029999999329447746,0.03500000014901161,0.9350000023841858,0.029999999329447746,0.0,0.0,0.0,0.0,0.0,0.0
201,-214.31266666666667,0.0,0.05999999865889549,0.8899999856948853,0.05000000074505806,0.054999999701976776,0.8799999952316284,0.06499999761581421,0.8799999952316284,0.05999999865889549,0.05999999865889549,0.0,0.0,0.0,0.0,0.0,0.0
202,-231.00199999999992,0.0,0.04500000178813934,0.8899999856948853,0.06499999761581421,0.03500000014901161,0.8799999952316284,0.08500000089406967,0.8799999952316284,0.07500000298023224,0.04500000178813934,0.0,0.0,0.0,0.0,0.0,0.0
203,-34.348000000000006,0.0,0.03500000014901161,0.029999999329447746,0.9350000023841858,0.03500000014901161,0.029999999329447746,0.9350000023841858,0.03500000014901161,0.029999999329447746,0.9350000023841858,0.0,0.0,0.0,0.0,0.0,0.0
204,-117.25466666666672,0.0,0.03500000014901161,0.9350000023841858,0.029999999329447746,0.03500000014901161,0.9300000071525574,0.03500000014901161,0.03500000014901161,0.9350000023841858,0.029999999329447746,0.0,0.0,0.0,0.0,0.0,0.0
205,-57.01700000000001,0.0,0.03500000014901161,0.925000011920929,0.03999999910593033,0.925000011920929,0.03500000014901161,0.03999999910593033,0.03999999910593033,0.9300000071525574,0.029999999329447746,0.0,0.0,0.0,0.0,0.0,0.0
206,-52.83800000000002,0.0,0.03500000014901161,0.9350000023841858,0.029999999329447746,0.03500000014901161,0.9350000023841858,0.029999999329447746,0.03500000014901161,0.9350000023841858,0.029999999329447746,0.0,0.0,0.0,0.0,0.0,0.0
207,-72.07333333333332,0.0,0.054999999701976776,0.9100000262260437,0.03500000014901161,0.05000000074505806,0.8899999856948853,0.05999999865889549,0.8999999761581421,0.05999999865889549,0.03999999910593033,0.0,0.0,0.0,0.0,0.0,0.0
208,-54.46300000000003,0.0,0.03500000014901161,0.9350000023841858,0.029999999329447746,0.03500000014901161,0.9350000023841858,0.029999999329447746,0.03500000014901161,0.9350000023841858,0.029999999329447746,0.0,0.0,0.0,0.0,0.0,0.0
209,-24.591666666666665,0.0,0.03500000014901161,0.9350000023841858,0.029999999329447746,0.03500000014901161,0.9350000023841858,0.029999999329447746,0.03500000014901161,0.9350000023841858,0.029999999329447746,0.0,0.0,0.0,0.0,0.0,0.0
210,-176.69266666666667,0.0,0.03500000014901161,0.9350000023841858,0.029999999329447746,0.03500000014901161,0.9350000023841858,0.029999999329447746,0.03500000014901161,0.9350000023841858,0.029999999329447746,0.0,0.0,0.0,0.0,0.0,0.0
211,-346.08299999999997,0.0,0.07500000298023224,0.8799999952316284,0.04500000178813934,0.03999999910593033,0.8799999952316284,0.07999999821186066,0.8849999904632568,0.06499999761581421,0.05000000074505806,0.0,0.0,0.0,0.0,0.0,0.0
212,-95.78033333333336,0.0,0.03500000014901161,0.9350000023841858,0.029999999329447746,0.03500000014901161,0.9300000071525574,0.03500000014901161,0.03500000014901161,0.9350000023841858,0.029999999329447746,0.0,0.0,0.0,0.0,0.0,0.0
213,-228.05633333333333,0.0,0.054999999701976776,0.8899999856948853,0.054999999701976776,0.03500000014901161,0.8899999856948853,0.07500000298023224,0.8949999809265137,0.05999999865889549,0.04500000178813934,0.0,0.0,0.0,0.0,0.0,0.0
214,-48.54533333333335,0.0,0.03500000014901161,0.9350000023841858,0.029999999329447746,0.03500000014901161,0.029999999329447746,0.9350000023841858,0.9399999976158142,0.029999999329447746,0.029999999329447746,0.0,0.0,0.0,0.0,0.0,0.0
215,-40.69999999999999,0.0,0.03500000014901161,0.9350000023841858,0.029999999329447746,0.03500000014901161,0.9350000023841858,0.029999999329447746,0.03500000014901161,0.9350000023841858,0.029999999329447746,0.0,0.0,0.0,0.0,0.0,0.0
216,-259.58500000000004,0.0,0.03500000014901161,0.029999999329447746,0.9350000023841858,0.03500000014901161,0.029999999329447746,0.9350000023841858,0.03500000014901161,0.9350000023841858,0.029999999329447746,0.0,0.0,0.0,0.0,0.0,0.0
217,-59.92499999999999,0.0,0.03999999910593033,0.9300000071525574,0.029999999329447746,0.054999999701976776,0.9049999713897705,0.03999999910593033,0.925000011920929,0.04500000178813934,0.029999999329447746,0.0,0.0,0.0,0.0,0.0,0.0
218,-263.49066666666664,0.0,0.03500000014901161,0.9350000023841858,0.029999999329447746,0.03999999910593033,0.9150000214576721,0.04500000178813934,0.03500000014901161,0.9350000023841858,0.029999999329447746,0.0,0.0,0.0,0.0,0.0,0.0
219,-44.28333333333331,0.0,0.03500000014901161,0.9350000023841858,0.029999999329447746,0.03500000014901161,0.9350000023841858,0.029999999329447746,0.03500000014901161,0.9350000023841858,0.029999999329447746,0.0,0.0,0.0,0.0,0.0,0.0
220,-42.80866666666663,0.0,0.03500000014901161,0.9350000023841858,0.029999999329447746,0.03500000014901161,0.9150000214576721,0.05000000074505806,0.03500000014901161,0.03999999910593033,0.925000011920929,0.0,0.0,0.0,0.0,0.0,0.0
221,-308.2843333333332,0.0,0.03500000014901161,0.029999999329447746,0.9350000023841858,0.03500000014901161,0.9300000071525574,0.03500000014901161,0.03500000014901161,0.9350000023841858,0.029999999329447746,0.0,0.0,0.0,0.0,0.0,0.0
222,-28.929666666666677,0.0,0.03500000014901161,0.9350000023841858,0.029999999329447746,0.03500000014901161,0.9350000023841858,0.029999999329447746,0.9399999976158142,0.029999999329447746,0.029999999329447746,0.0,0.0,0.0,0.0,0.0,0.0
223,-134.9783333333333,0.0,0.03500000014901161,0.029999999329447746,0.9350000023841858,0.03500000014901161,0.029999999329447746,0.9350000023841858,0.03500000014901161,0.9350000023841858,0.029999999329447746,0.0,0.0,0.0,0.0,0.0,0.0
224,-33.06266666666668,0.0,0.9399999976158142,0.029999999329447746,0.029999999329447746,0.9399999976158142,0.029999999329447746,0.029999999329447746,0.9399999976158142,0.029999999329447746,0.029999999329447746,0.0,0.0,0.0,0.0,0.0,0.0
225,-36.75266666666665,0.0,0.03500000014901161,0.9350000023841858,0.029999999329447746,0.03500000014901161,0.9350000023841858,0.029999999329447746,0.03500000014901161,0.9350000023841858,0.029999999329447746,0.0,0.0,0.0,0.0,0.0,0.0
226,-425.87100000000004,0.0,0.03500000014901161,0.9350000023841858,0.029999999329447746,0.03500000014901161,0.9350000023841858,0.029999999329447746,0.03500000014901161,0.9350000023841858,0.029999999329447746,0.0,0.0,0.0,0.0,0.0,0.0
227,-231.85566666666665,0.0,0.06499999761581421,0.8899999856948853,0.04500000178813934,0.8799999952316284,0.03999999910593033,0.07999999821186066,0.8949999809265137,0.07500000298023224,0.029999999329447746,0.0,0.0,0.0,0.0,0.0,0.0
228,-46.28800000000003,0.0,0.03500000014901161,0.029999999329447746,0.9350000023841858,0.9399999976158142,0.029999999329447746,0.029999999329447746,0.9399999976158142,0.029999999329447746,0.029999999329447746,0.0,0.0,0.0,0.0,0.0,0.0
229,-167.39766666666665,0.0,0.07999999821186066,0.8799999952316284,0.03999999910593033,0.04500000178813934,0.8799999952316284,0.07500000298023224,0.8799999952316284,0.08500000089406967,0.03500000014901161,0.0,0.0,0.0,0.0,0.0,0.0
230,-333.14366666666666,0.0,0.07500000298023224,0.8949999809265137,0.029999999329447746,0.8949999809265137,0.029999999329447746,0.07500000298023224,0.8999999761581421,0.07000000029802322,0.029999999329447746,0.0,0.0,0.0,0.0,0.0,0.0
231,-172.11233333333334,0.0,0.9350000023841858,0.03500000014901161,0.029999999329447746,0.9399999976158142,0.029999999329447746,0.029999999329447746,0.9399999976158142,0.029999999329447746,0.029999999329447746,0.0,0.0,0.0,0.0,0.0,0.0
232,-192.9563333333332,0.0,0.03500000014901161,0.9350000023841858,0.029999999329447746,0.03500000014901161,0.9350000023841858,0.029999999329447746,0.03500000014901161,0.9350000023841858,0.029999999329447746,0.0,0.0,0.0,0.0,0.0,0.0
233,-64.95300000000006,0.0,0.054999999701976776,0.04500000178813934,0.8999999761581421,0.9049999713897705,0.03500000014901161,0.05999999865889549,0.925000011920929,0.04500000178813934,0.029999999329447746,0.0,0.0,0.0,0.0,0.0,0.0
234,-46.27933333333334,0.0,0.03500000014901161,0.029999999329447746,0.9350000023841858,0.03500000014901161,0.9350000023841858,0.029999999329447746,0.03500000014901161,0.9350000023841858,0.029999999329447746,0.0,0.0,0.0,0.0,0.0,0.0
235,-83.69233333333332,0.0,0.03999999910593033,0.9300000071525574,0.029999999329447746,0.03500000014901161,0.9200000166893005,0.04500000178813934,0.9200000166893005,0.03999999910593033,0.03999999910593033,0.0,0.0,0.0,0.0,0.0,0.0
236,-294.5186666666667,0.0,0.03500000014901161,0.9350000023841858,0.029999999329447746,0.03500000014901161,0.9300000071525574,0.03500000014901161,0.03500000014901161,0.9350000023841858,0.029999999329447746,0.0,0.0,0.0,0.0,0.0,0.0
237,-88.20333333333332,0.0,0.03500000014901161,0.9350000023841858,0.029999999329447746,0.9399999976158142,0.029999999329447746,0.029999999329447746,0.9399999976158142,0.029999999329447746,0.029999999329447746,0.0,0.0,0.0,0.0,0.0,0.0
238,-512.1479999999997,0.0,0.03500000014901161,0.9350000023841858,0.029999999329447746,0.03500000014901161,0.9150000214576721,0.05000000074505806,0.8999999761581421,0.054999999701976776,0.04500000178813934,0.0,0.0,0.0,0.0,0.0,0.0
239,-63.330666666666666,0.0,0.03500000014901161,0.9350000023841858,0.029999999329447746,0.03999999910593033,0.9150000214576721,0.04500000178813934,0.9100000262260437,0.05999999865889549,0.029999999329447746,0.0,0.0,0.0,0.0,0.0,0.0
240,-44.47933333333336,0.0,0.03500000014901161,0.9350000023841858,0.029999999329447746,0.03500000014901161,0.9350000023841858,0.029999999329447746,0.03500000014901161,0.9350000023841858,0.029999999329447746,0.0,0.0,0.0,0.0,0.0,0.0
241,-138.77666666666667,0.0,0.04500000178813934,0.9100000262260437,0.04500000178813934,0.03500000014901161,0.9100000262260437,0.054999999701976776,0.9049999713897705,0.06499999761581421,0.029999999329447746,0.0,0.0,0.0,0.0,0.0,0.0
242,-36.40766666666667,0.0,0.03500000014901161,0.9350000023841858,0.029999999329447746,0.03500000014901161,0.925000011920929,0.03999999910593033,0.03500000014901161,0.9350000023841858,0.029999999329447746,0.0,0.0,0.0,0.0,0.0,0.0
243,-275.93766666666664,0.0,0.03999999910593033,0.9300000071525574,0.029999999329447746,0.03500000014901161,0.9300000071525574,0.03500000014901161,0.03500000014901161,0.9300000071525574,0.03500000014901161,0.0,0.0,0.0,0.0,0.0,0.0
244,-65.616,0.0,0.03500000014901161,0.9350000023841858,0.029999999329447746,0.03500000014901161,0.9150000214576721,0.05000000074505806,0.03999999910593033,0.9300000071525574,0.029999999329447746,0.0,0.0,0.0,0.0,0.0,0.0
245,-100.29433333333336,0.0,0.03500000014901161,0.9350000023841858,0.029999999329447746,0.03500000014901161,0.9150000214576721,0.05000000074505806,0.03500000014901161,0.9350000023841858,0.029999999329447746,0.0,0.0,0.0,0.0,0.0,0.0
246,-109.68,0.0,0.03500000014901161,0.9350000023841858,0.029999999329447746,0.03500000014901161,0.9350000023841858,0.029999999329447746,0.03500000014901161,0.9350000023841858,0.029999999329447746,0.0,0.0,0.0,0.0,0.0,0.0
247,-140.39000000000004,0.0,0.03500000014901161,0.9350000023841858,0.029999999329447746,0.03500000014901161,0.9350000023841858,0.029999999329447746,0.03500000014901161,0.9350000023841858,0.029999999329447746,0.0,0.0,0.0,0.0,0.0,0.0
248,-276.38566666666657,0.0,0.03500000014901161,0.9350000023841858,0.029999999329447746,0.03500000014901161,0.925000011920929,0.03999999910593033,0.03500000014901161,0.9350000023841858,0.029999999329447746,0.0,0.0,0.0,0.0,0.0,0.0
249,-448.18800000000016,0.0,0.07999999821186066,0.8799999952316284,0.03999999910593033,0.03999999910593033,0.8799999952316284,0.07999999821186066,0.8849999904632568,0.07500000298023224,0.03999999910593033,0.0,0.0,0.0,0.0,0.0,0.0
250,-159.50933333333333,0.0,0.03500000014901161,0.9350000023841858,0.029999999329447746,0.03500000014901161,0.925000011920929,0.03999999910593033,0.03500000014901161,0.9350000023841858,0.029999999329447746,0.0,0.0,0.0,0.0,0.0,0.0
251,-328.33999999999986,0.0,0.03500000014901161,0.029999999329447746,0.9350000023841858,0.03500000014901161,0.029999999329447746,0.9350000023841858,0.03500000014901161,0.9350000023841858,0.029999999329447746,0.0,0.0,0.0,0.0,0.0,0.0
252,-220.81933333333333,0.0,0.03500000014901161,0.9350000023841858,0.029999999329447746,0.03500000014901161,0.9350000023841858,0.029999999329447746,0.03500000014901161,0.9350000023841858,0.029999999329447746,0.0,0.0,0.0,0.0,0.0,0.0
253,-41.638000000000005,0.0,0.03500000014901161,0.029999999329447746,0.9350000023841858,0.03500000014901161,0.029999999329447746,0.9350000023841858,0.03500000014901161,0.9350000023841858,0.029999999329447746,0.0,0.0,0.0,0.0,0.0,0.0
254,-39.79300000000001,0.0,0.9399999976158142,0.029999999329447746,0.029999999329447746,0.9399999976158142,0.029999999329447746,0.029999999329447746,0.9399999976158142,0.029999999329447746,0.029999999329447746,0.0,0.0,0.0,0.0,0.0,0.0
255,-71.01133333333331,0.0,0.03500000014901161,0.9350000023841858,0.029999999329447746,0.03500000014901161,0.9350000023841858,0.029999999329447746,0.03500000014901161,0.9350000023841858,0.029999999329447746,0.0,0.0,0.0,0.0,0.0,0.0
256,-148.98466666666667,0.0,0.03500000014901161,0.9350000023841858,0.029999999329447746,0.03500000014901161,0.9350000023841858,0.029999999329447746,0.03500000014901161,0.9350000023841858,0.029999999329447746,0.0,0.0,0.0,0.0,0.0,0.0
257,-296.32500000000005,0.0,0.05000000074505806,0.03500000014901161,0.9150000214576721,0.04500000178813934,0.04500000178813934,0.9100000262260437,0.9100000262260437,0.05000000074505806,0.03999999910593033,0.0,0.0,0.0,0.0,0.0,0.0
258,-369.58500000000015,0.0,0.07999999821186066,0.8899999856948853,0.029999999329447746,0.04500000178813934,0.8899999856948853,0.06499999761581421,0.8949999809265137,0.06499999761581421,0.03999999910593033,0.0,0.0,0.0,0.0,0.0,0.0
259,-88.90899999999996,0.0,0.07500000298023224,0.8949999809265137,0.029999999329447746,0.04500000178813934,0.8899999856948853,0.06499999761581421,0.8999999761581421,0.054999999701976776,0.04500000178813934,0.0,0.0,0.0,0.0,0.0,0.0
260,-44.51633333333332,0.0,0.05000000074505806,0.9150000214576721,0.03500000014901161,0.03999999910593033,0.9150000214576721,0.04500000178813934,0.9200000166893005,0.05000000074505806,0.029999999329447746,0.0,0.0,0.0,0.0,0.0,0.0
261,-39.609666666666676,0.0,0.03999999910593033,0.9300000071525574,0.029999999329447746,0.05000000074505806,0.8949999809265137,0.054999999701976776,0.9150000214576721,0.054999999701976776,0.029999999329447746,0.0,0.0,0.0,0.0,0.0,0.0
262,-199.96499999999997,0.0,0.03500000014901161,0.9350000023841858,0.029999999329447746,0.03500000014901161,0.9200000166893005,0.04500000178813934,0.03500000014901161,0.9350000023841858,0.029999999329447746,0.0,0.0,0.0,0.0,0.0,0.0
263,-233.56433333333337,0.0,0.03500000014901161,0.9350000023841858,0.029999999329447746,0.03500000014901161,0.9200000166893005,0.04500000178813934,0.04500000178813934,0.925000011920929,0.029999999329447746,0.0,0.0,0.0,0.0,0.0,0.0
264,-35.73633333333335,0.0,0.9399999976158142,0.029999999329447746,0.029999999329447746,0.9399999976158142,0.029999999329447746,0.029999999329447746,0.9399999976158142,0.029999999329447746,0.029999999329447746,0.0,0.0,0.0,0.0,0.0,0.0
265,-612.3116666666667,0.0,0.05999999865889549,0.9049999713897705,0.03500000014901161,0.05999999865889549,0.8849999904632568,0.054999999701976776,0.9049999713897705,0.03999999910593033,0.054999999701976776,0.0,0.0,0.0,0.0,0.0,0.0
266,-652.9696666666667,0.0,0.06499999761581421,0.9049999713897705,0.029999999329447746,0.9049999713897705,0.05000000074505806,0.04500000178813934,0.9150000214576721,0.05000000074505806,0.03500000014901161,0.0,0.0,0.0,0.0,0.0,0.0
267,-23.277666666666683,0.0,0.03500000014901161,0.9350000023841858,0.029999999329447746,0.03500000014901161,0.9350000023841858,0.029999999329447746,0.03500000014901161,0.9350000023841858,0.029999999329447746,0.0,0.0,0.0,0.0,0.0,0.0
268,-157.9856666666666,0.0,0.03500000014901161,0.9350000023841858,0.029999999329447746,0.9399999976158142,0.029999999329447746,0.029999999329447746,0.9399999976158142,0.029999999329447746,0.029999999329447746,0.0,0.0,0.0,0.0,0.0,0.0
269,-139.974,0.0,0.07999999821186066,0.8799999952316284,0.03999999910593033,0.05000000074505806,0.8799999952316284,0.07000000029802322,0.8849999904632568,0.05000000074505806,0.06499999761581421,0.0,0.0,0.0,0.0,0.0,0.0
270,-33.31566666666665,0.0,0.03500000014901161,0.029999999329447746,0.9350000023841858,0.03500000014901161,0.029999999329447746,0.9350000023841858,0.03500000014901161,0.9350000023841858,0.029999999329447746,0.0,0.0,0.0,0.0,0.0,0.0
271,-50.16933333333334,0.0,0.03500000014901161,0.9350000023841858,0.029999999329447746,0.03500000014901161,0.9350000023841858,0.029999999329447746,0.9399999976158142,0.029999999329447746,0.029999999329447746,0.0,0.0,0.0,0.0,0.0,0.0
272,-154.0246666666667,0.0,0.03500000014901161,0.9350000023841858,0.029999999329447746,0.03500000014901161,0.9350000023841858,0.029999999329447746,0.03500000014901161,0.9350000023841858,0.029999999329447746,0.0,0.0,0.0,0.0,0.0,0.0
273,-24.62433333333331,0.0,0.03500000014901161,0.9350000023841858,0.029999999329447746,0.03500000014901161,0.9300000071525574,0.03500000014901161,0.03500000014901161,0.9350000023841858,0.029999999329447746,0.0,0.0,0.0,0.0,0.0,0.0
274,-69.74633333333333,0.0,0.03500000014901161,0.029999999329447746,0.9350000023841858,0.03500000014901161,0.9200000166893005,0.04500000178813934,0.03999999910593033,0.9300000071525574,0.029999999329447746,0.0,0.0,0.0,0.0,0.0,0.0
275,-83.71233333333335,0.0,0.05000000074505806,0.05000000074505806,0.8999999761581421,0.03500000014901161,0.8949999809265137,0.07000000029802322,0.9049999713897705,0.054999999701976776,0.03999999910593033,0.0,0.0,0.0,0.0,0.0,0.0
276,-77.25566666666671,0.0,0.03500000014901161,0.9350000023841858,0.029999999329447746,0.03500000014901161,0.9350000023841858,0.029999999329447746,0.03500000014901161,0.9350000023841858,0.029999999329447746,0.0,0.0,0.0,0.0,0.0,0.0
277,-266.5413333333334,0.0,0.03500000014901161,0.9350000023841858,0.029999999329447746,0.03500000014901161,0.9150000214576721,0.05000000074505806,0.05000000074505806,0.9200000166893005,0.029999999329447746,0.0,0.0,0.0,0.0,0.0,0.0
278,-65.41400000000003,0.0,0.03500000014901161,0.9350000023841858,0.029999999329447746,0.03500000014901161,0.9350000023841858,0.029999999329447746,0.03500000014901161,0.9350000023841858,0.029999999329447746,0.0,0.0,0.0,0.0,0.0,0.0
279,-99.41233333333328,0.0,0.07999999821186066,0.029999999329447746,0.8899999856948853,0.8899999856948853,0.03500000014901161,0.07500000298023224,0.8999999761581421,0.06499999761581421,0.03500000014901161,0.0,0.0,0.0,0.0,0.0,0.0
280,-201.4026666666667,0.0,0.05999999865889549,0.9100000262260437,0.029999999329447746,0.03500000014901161,0.9100000262260437,0.054999999701976776,0.9100000262260437,0.05999999865889549,0.029999999329447746,0.0,0.0,0.0,0.0,0.0,0.0
281,-36.89766666666665,0.0,0.03500000014901161,0.029999999329447746,0.9350000023841858,0.03500000014901161,0.029999999329447746,0.9350000023841858,0.9350000023841858,0.03500000014901161,0.029999999329447746,0.0,0.0,0.0,0.0,0.0,0.0
282,-121.89833333333333,0.0,0.06499999761581421,0.9049999713897705,0.029999999329447746,0.03500000014901161,0.9049999713897705,0.05999999865889549,0.9150000214576721,0.05000000074505806,0.03500000014901161,0.0,0.0,0.0,0.0,0.0,0.0
283,-279.6686666666667,0.0,0.03500000014901161,0.9350000023841858,0.029999999329447746,0.03500000014901161,0.9350000023841858,0.029999999329447746,0.9399999976158142,0.029999999329447746,0.029999999329447746,0.0,0.0,0.0,0.0,0.0,0.0
284,-262.4049999999999,0.0,0.09000000357627869,0.8799999952316284,0.029999999329447746,0.03500000014901161,0.8799999952316284,0.08500000089406967,0.8899999856948853,0.05999999865889549,0.05000000074505806,0.0,0.0,0.0,0.0,0.0,0.0
285,-237.7866666666666,0.0,0.08500000089406967,0.8799999952316284,0.03500000014901161,0.03999999910593033,0.8799999952316284,0.07999999821186066,0.8849999904632568,0.05999999865889549,0.054999999701976776,0.0,0.0,0.0,0.0,0.0,0.0
286,-372.72766666666655,0.0,0.05999999865889549,0.9100000262260437,0.029999999329447746,0.03999999910593033,0.8899999856948853,0.07000000029802322,0.8949999809265137,0.054999999701976776,0.05000000074505806,0.0,0.0,0.0,0.0,0.0,0.0
287,-264.9803333333333,0.0,0.03500000014901161,0.9350000023841858,0.029999999329447746,0.03500000014901161,0.925000011920929,0.03999999910593033,0.03500000014901161,0.9350000023841858,0.029999999329447746,0.0,0.0,0.0,0.0,0.0,0.0
288,-131.02133333333336,0.0,0.03500000014901161,0.029999999329447746,0.9350000023841858,0.9399999976158142,0.029999999329447746,0.029999999329447746,0.9399999976158142,0.029999999329447746,0.029999999329447746,0.0,0.0,0.0,0.0,0.0,0.0
289,-51.34733333333331,0.0,0.03500000014901161,0.9350000023841858,0.029999999329447746,0.03500000014901161,0.9350000023841858,0.029999999329447746,0.03500000014901161,0.9350000023841858,0.029999999329447746,0.0,0.0,0.0,0.0,0.0,0.0
290,-39.88066666666666,0.0,0.03500000014901161,0.9350000023841858,0.029999999329447746,0.03500000014901161,0.925000011920929,0.03999999910593033,0.9350000023841858,0.029999999329447746,0.03500000014901161,0.0,0.0,0.0,0.0,0.0,0.0
291,-603.3983333333337,0.0,0.07500000298023224,0.8899999856948853,0.03500000014901161,0.8899999856948853,0.04500000178813934,0.06499999761581421,0.8999999761581421,0.054999999701976776,0.04500000178813934,0.0,0.0,0.0,0.0,0.0,0.0
292,-211.6383333333333,0.0,0.9399999976158142,0.029999999329447746,0.029999999329447746,0.9399999976158142,0.029999999329447746,0.029999999329447746,0.9399999976158142,0.029999999329447746,0.029999999329447746,0.0,0.0,0.0,0.0,0.0,0.0
293,-65.39699999999999,0.0,0.03500000014901161,0.9350000023841858,0.029999999329447746,0.03500000014901161,0.9350000023841858,0.029999999329447746,0.03500000014901161,0.9350000023841858,0.029999999329447746,0.0,0.0,0.0,0.0,0.0,0.0
294,-295.7713333333331,0.0,0.09000000357627869,0.8799999952316284,0.029999999329447746,0.03500000014901161,0.8799999952316284,0.08500000089406967,0.8899999856948853,0.07999999821186066,0.029999999329447746,0.0,0.0,0.0,0.0,0.0,0.0
295,-123.85833333333338,0.0,0.07000000029802322,0.8949999809265137,0.03500000014901161,0.03500000014901161,0.8899999856948853,0.07500000298023224,0.8999999761581421,0.06499999761581421,0.03500000014901161,0.0,0.0,0.0,0.0,0.0,0.0
296,-27.462999999999997,0.0,0.03500000014901161,0.029999999329447746,0.9350000023841858,0.03500000014901161,0.029999999329447746,0.9350000023841858,0.03500000014901161,0.029999999329447746,0.9350000023841858,0.0,0.0,0.0,0.0,0.0,0.0
297,-39.666999999999994,0.0,0.03500000014901161,0.029999999329447746,0.9350000023841858,0.03500000014901161,0.9300000071525574,0.03500000014901161,0.03500000014901161,0.9350000023841858,0.029999999329447746,0.0,0.0,0.0,0.0,0.0,0.0
298,-247.55666666666676,0.0,0.07999999821186066,0.8849999904632568,0.03500000014901161,0.03500000014901161,0.8849999904632568,0.07999999821186066,0.8899999856948853,0.07500000298023224,0.03500000014901161,0.0,0.0,0.0,0.0,0.0,0.0
299,-30.897999999999964,0.0,0.03500000014901161,0.9350000023841858,0.029999999329447746,0.03500000014901161,0.925000011920929,0.03999999910593033,0.03500000014901161,0.9350000023841858,0.029999999329447746,0.0,0.0,0.0,0.0,0.0,0.0
300,-195.60699999999994,0.0,0.03500000014901161,0.029999999329447746,0.9350000023841858,0.03500000014901161,0.9350000023841858,0.029999999329447746,0.03500000014901161,0.9350000023841858,0.029999999329447746,0.0,0.0,0.0,0.0,0.0,0.0
301,-276.39866666666677,0.0,0.04500000178813934,0.9150000214576721,0.03999999910593033,0.9100000262260437,0.05000000074505806,0.03999999910593033,0.9350000023841858,0.03500000014901161,0.029999999329447746,0.0,0.0,0.0,0.0,0.0,0.0
302,-48.25066666666666,0.0,0.03500000014901161,0.9350000023841858,0.029999999329447746,0.03500000014901161,0.9300000071525574,0.03500000014901161,0.03500000014901161,0.9350000023841858,0.029999999329447746,0.0,0.0,0.0,0.0,0.0,0.0
303,-142.8876666666667,0.0,0.07000000029802322,0.8899999856948853,0.03999999910593033,0.03999999910593033,0.8849999904632568,0.07500000298023224,0.8949999809265137,0.054999999701976776,0.05000000074505806,0.0,0.0,0.0,0.0,0.0,0.0
304,-89.38599999999995,0.0,0.03500000014901161,0.9350000023841858,0.029999999329447746,0.03500000014901161,0.9300000071525574,0.03500000014901161,0.03500000014901161,0.9350000023841858,0.029999999329447746,0.0,0.0,0.0,0.0,0.0,0.0
305,-44.78633333333336,0.0,0.03500000014901161,0.9350000023841858,0.029999999329447746,0.03500000014901161,0.9300000071525574,0.03500000014901161,0.03500000014901161,0.9350000023841858,0.029999999329447746,0.0,0.0,0.0,0.0,0.0,0.0
306,-85.32733333333336,0.0,0.9399999976158142,0.029999999329447746,0.029999999329447746,0.9399999976158142,0.029999999329447746,0.029999999329447746,0.9399999976158142,0.029999999329447746,0.029999999329447746,0.0,0.0,0.0,0.0,0.0,0.0
307,-94.70533333333333,0.0,0.054999999701976776,0.8849999904632568,0.05999999865889549,0.03999999910593033,0.8799999952316284,0.07999999821186066,0.8899999856948853,0.05000000074505806,0.05999999865889549,0.0,0.0,0.0,0.0,0.0,0.0
308,-110.68233333333337,0.0,0.054999999701976776,0.8999999761581421,0.04500000178813934,0.03999999910593033,0.8849999904632568,0.07500000298023224,0.9100000262260437,0.03500000014901161,0.054999999701976776,0.0,0.0,0.0,0.0,0.0,0.0
309,-314.0786666666667,0.0,0.03500000014901161,0.9350000023841858,0.029999999329447746,0.03500000014901161,0.9350000023841858,0.029999999329447746,0.03500000014901161,0.9350000023841858,0.029999999329447746,0.0,0.0,0.0,0.0,0.0,0.0
310,-29.38799999999999,0.0,0.03500000014901161,0.9350000023841858,0.029999999329447746,0.03500000014901161,0.9350000023841858,0.029999999329447746,0.03500000014901161,0.9350000023841858,0.029999999329447746,0.0,0.0,0.0,0.0,0.0,0.0
311,-234.13033333333348,0.0,0.03500000014901161,0.9350000023841858,0.029999999329447746,0.03500000014901161,0.9350000023841858,0.029999999329447746,0.03500000014901161,0.9350000023841858,0.029999999329447746,0.0,0.0,0.0,0.0,0.0,0.0
312,-99.82900000000005,0.0,0.03500000014901161,0.9350000023841858,0.029999999329447746,0.03500000014901161,0.9350000023841858,0.029999999329447746,0.03500000014901161,0.9350000023841858,0.029999999329447746,0.0,0.0,0.0,0.0,0.0,0.0
313,-42.244333333333344,0.0,0.03500000014901161,0.9350000023841858,0.029999999329447746,0.03500000014901161,0.9150000214576721,0.05000000074505806,0.9200000166893005,0.03999999910593033,0.03999999910593033,0.0,0.0,0.0,0.0,0.0,0.0
314,-36.425666666666686,0.0,0.03500000014901161,0.029999999329447746,0.9350000023841858,0.03500000014901161,0.03999999910593033,0.925000011920929,0.03500000014901161,0.029999999329447746,0.9350000023841858,0.0,0.0,0.0,0.0,0.0,0.0
315,-65.49333333333335,0.0,0.03500000014901161,0.9350000023841858,0.029999999329447746,0.03500000014901161,0.9300000071525574,0.03500000014901161,0.03500000014901161,0.9350000023841858,0.029999999329447746,0.0,0.0,0.0,0.0,0.0,0.0
316,-176.44333333333333,0.0,0.03500000014901161,0.9350000023841858,0.029999999329447746,0.03500000014901161,0.9300000071525574,0.03500000014901161,0.03500000014901161,0.9350000023841858,0.029999999329447746,0.0,0.0,0.0,0.0,0.0,0.0
317,-18.235,0.0,0.03500000014901161,0.9350000023841858,0.029999999329447746,0.03500000014901161,0.9350000023841858,0.029999999329447746,0.03500000014901161,0.9350000023841858,0.029999999329447746,0.0,0.0,0.0,0.0,0.0,0.0
318,-43.417999999999985,0.0,0.03500000014901161,0.9350000023841858,0.029999999329447746,0.03500000014901161,0.9350000023841858,0.029999999329447746,0.03500000014901161,0.9350000023841858,0.029999999329447746,0.0,0.0,0.0,0.0,0.0,0.0
319,-297.02600000000007,0.0,0.0949999988079071,0.875,0.029999999329447746,0.03500000014901161,0.8799999952316284,0.08500000089406967,0.8849999904632568,0.054999999701976776,0.05999999865889549,0.0,0.0,0.0,0.0,0.0,0.0
320,-170.56233333333327,0.0,0.03500000014901161,0.029999999329447746,0.9350000023841858,0.03500000014901161,0.9350000023841858,0.029999999329447746,0.03500000014901161,0.9350000023841858,0.029999999329447746,0.0,0.0,0.0,0.0,0.0,0.0
321,-487.10533333333314,0.0,0.09000000357627869,0.8799999952316284,0.029999999329447746,0.03500000014901161,0.8849999904632568,0.07999999821186066,0.8849999904632568,0.06499999761581421,0.05000000074505806,0.0,0.0,0.0,0.0,0.0,0.0
322,-351.0879999999998,0.0,0.03500000014901161,0.9350000023841858,0.029999999329447746,0.03500000014901161,0.9350000023841858,0.029999999329447746,0.03500000014901161,0.9350000023841858,0.029999999329447746,0.0,0.0,0.0,0.0,0.0,0.0
323,-114.55266666666667,0.0,0.03500000014901161,0.029999999329447746,0.9350000023841858,0.9399999976158142,0.029999999329447746,0.029999999329447746,0.9399999976158142,0.029999999329447746,0.029999999329447746,0.0,0.0,0.0,0.0,0.0,0.0
324,-56.772999999999996,0.0,0.04500000178813934,0.9200000166893005,0.03500000014901161,0.03500000014901161,0.06499999761581421,0.8999999761581421,0.9100000262260437,0.03999999910593033,0.05000000074505806,0.0,0.0,0.0,0.0,0.0,0.0
325,-238.90266666666668,0.0,0.03500000014901161,0.029999999329447746,0.9350000023841858,0.03500000014901161,0.029999999329447746,0.9350000023841858,0.03500000014901161,0.9350000023841858,0.029999999329447746,0.0,0.0,0.0,0.0,0.0,0.0
326,-63.163333333333355,0.0,0.03500000014901161,0.9350000023841858,0.029999999329447746,0.03999999910593033,0.9200000166893005,0.03999999910593033,0.9300000071525574,0.03999999910593033,0.029999999329447746,0.0,0.0,0.0,0.0,0.0,0.0
327,-455.31,0.0,0.09000000357627869,0.8799999952316284,0.029999999329447746,0.03999999910593033,0.8849999904632568,0.07500000298023224,0.8849999904632568,0.07999999821186066,0.03500000014901161,0.0,0.0,0.0,0.0,0.0,0.0
328,-34.443333333333314,0.0,0.03500000014901161,0.9350000023841858,0.029999999329447746,0.03500000014901161,0.9350000023841858,0.029999999329447746,0.03500000014901161,0.9350000023841858,0.029999999329447746,0.0,0.0,0.0,0.0,0.0,0.0
329,-38.113666666666674,0.0,0.03500000014901161,0.9350000023841858,0.029999999329447746,0.03500000014901161,0.9350000023841858,0.029999999329447746,0.03500000014901161,0.9350000023841858,0.029999999329447746,0.0,0.0,0.0,0.0,0.0,0.0
330,-48.71599999999999,0.0,0.03500000014901161,0.9350000023841858,0.029999999329447746,0.03500000014901161,0.9350000023841858,0.029999999329447746,0.9399999976158142,0.029999999329447746,0.029999999329447746,0.0,0.0,0.0,0.0,0.0,0.0
331,-52.45233333333333,0.0,0.03500000014901161,0.9350000023841858,0.029999999329447746,0.03500000014901161,0.9350000023841858,0.029999999329447746,0.03500000014901161,0.9350000023841858,0.029999999329447746,0.0,0.0,0.0,0.0,0.0,0.0
332,-48.45966666666667,0.0,0.03500000014901161,0.9350000023841858,0.029999999329447746,0.03500000014901161,0.9350000023841858,0.029999999329447746,0.03500000014901161,0.9350000023841858,0.029999999329447746,0.0,0.0,0.0,0.0,0.0,0.0
333,-243.98333333333335,0.0,0.08500000089406967,0.8849999904632568,0.029999999329447746,0.8899999856948853,0.054999999701976776,0.054999999701976776,0.8949999809265137,0.07500000298023224,0.029999999329447746,0.0,0.0,0.0,0.0,0.0,0.0
334,-183.58766666666662,0.0,0.03999999910593033,0.9100000262260437,0.05000000074505806,0.04500000178813934,0.8799999952316284,0.07500000298023224,0.8999999761581421,0.054999999701976776,0.04500000178813934,0.0,0.0,0.0,0.0,0.0,0.0
335,-141.6973333333334,0.0,0.07999999821186066,0.8899999856948853,0.029999999329447746,0.03500000014901161,0.8849999904632568,0.07999999821186066,0.8899999856948853,0.05999999865889549,0.05000000074505806,0.0,0.0,0.0,0.0,0.0,0.0
336,-249.33933333333343,0.0,0.03500000014901161,0.9350000023841858,0.029999999329447746,0.03500000014901161,0.9350000023841858,0.029999999329447746,0.9399999976158142,0.029999999329447746,0.029999999329447746,0.0,0.0,0.0,0.0,0.0,0.0
337,-102.68299999999999,0.0,0.06499999761581421,0.9049999713897705,0.029999999329447746,0.03500000014901161,0.9049999713897705,0.05999999865889549,0.9100000262260437,0.029999999329447746,0.05999999865889549,0.0,0.0,0.0,0.0,0.0,0.0
338,-130.9276666666667,0.0,0.03500000014901161,0.9350000023841858,0.029999999329447746,0.03500000014901161,0.9200000166893005,0.04500000178813934,0.03999999910593033,0.925000011920929,0.03500000014901161,0.0,0.0,0.0,0.0,0.0,0.0
339,-49.45333333333332,0.0,0.03500000014901161,0.9350000023841858,0.029999999329447746,0.03500000014901161,0.925000011920929,0.03999999910593033,0.03500000014901161,0.9350000023841858,0.029999999329447746,0.0,0.0,0.0,0.0,0.0,0.0
340,-287.1793333333333,0.0,0.07000000029802322,0.8999999761581421,0.029999999329447746,0.03999999910593033,0.8999999761581421,0.05999999865889549,0.9049999713897705,0.04500000178813934,0.05000000074505806,0.0,0.0,0.0,0.0,0.0,0.0
341,-227.58066666666662,0.0,0.07000000029802322,0.8899999856948853,0.03999999910593033,0.04500000178813934,0.8849999904632568,0.07000000029802322,0.8849999904632568,0.05000000074505806,0.06499999761581421,0.0,0.0,0.0,0.0,0.0,0.0
342,-54.48533333333333,0.0,0.03500000014901161,0.029999999329447746,0.9350000023841858,0.03500000014901161,0.03500000014901161,0.9300000071525574,0.03500000014901161,0.029999999329447746,0.9350000023841858,0.0,0.0,0.0,0.0,0.0,0.0
343,-47.90466666666667,0.0,0.03500000014901161,0.9350000023841858,0.029999999329447746,0.03500000014901161,0.9300000071525574,0.03500000014901161,0.03500000014901161,0.9350000023841858,0.029999999329447746,0.0,0.0,0.0,0.0,0.0,0.0
344,-198.53233333333333,0.0,0.08500000089406967,0.8849999904632568,0.029999999329447746,0.03500000014901161,0.8899999856948853,0.07500000298023224,0.8899999856948853,0.054999999701976776,0.054999999701976776,0.0,0.0,0.0,0.0,0.0,0.0
345,-507.01033333333356,0.0,0.03500000014901161,0.9350000023841858,0.029999999329447746,0.03500000014901161,0.9350000023841858,0.029999999329447746,0.03500000014901161,0.9350000023841858,0.029999999329447746,0.0,0.0,0.0,0.0,0.0,0.0
346,-36.57333333333332,0.0,0.03500000014901161,0.9350000023841858,0.029999999329447746,0.03500000014901161,0.9350000023841858,0.029999999329447746,0.03500000014901161,0.9350000023841858,0.029999999329447746,0.0,0.0,0.0,0.0,0.0,0.0
347,-124.75599999999997,0.0,0.03999999910593033,0.9300000071525574,0.029999999329447746,0.03500000014901161,0.925000011920929,0.03999999910593033,0.9300000071525574,0.03500000014901161,0.03500000014901161,0.0,0.0,0.0,0.0,0.0,0.0
348,-82.21833333333332,0.0,0.03500000014901161,0.9350000023841858,0.029999999329447746,0.03500000014901161,0.9100000262260437,0.054999999701976776,0.03500000014901161,0.925000011920929,0.03999999910593033,0.0,0.0,0.0,0.0,0.0,0.0
349,-42.02733333333331,0.0,0.03500000014901161,0.9350000023841858,0.029999999329447746,0.03500000014901161,0.9350000023841858,0.029999999329447746,0.03500000014901161,0.9350000023841858,0.029999999329447746,0.0,0.0,0.0,0.0,0.0,0.0
350,-690.3229999999999,0.0,0.0949999988079071,0.875,0.029999999329447746,0.03500000014901161,0.8849999904632568,0.07999999821186066,0.8849999904632568,0.04500000178813934,0.07000000029802322,0.0,0.0,0.0,0.0,0.0,0.0
351,-239.02866666666677,0.0,0.0949999988079071,0.875,0.029999999329447746,0.03500000014901161,0.8799999952316284,0.08500000089406967,0.8849999904632568,0.03999999910593033,0.07500000298023224,0.0,0.0,0.0,0.0,0.0,0.0
352,-88.65499999999999,0.0,0.03500000014901161,0.9350000023841858,0.029999999329447746,0.03500000014901161,0.9300000071525574,0.03500000014901161,0.03500000014901161,0.9350000023841858,0.029999999329447746,0.0,0.0,0.0,0.0,0.0,0.0
353,-51.47533333333337,0.0,0.03500000014901161,0.9350000023841858,0.029999999329447746,0.03500000014901161,0.9350000023841858,0.029999999329447746,0.03500000014901161,0.9350000023841858,0.029999999329447746,0.0,0.0,0.0,0.0,0.0,0.0
354,-222.15033333333344,0.0,0.03500000014901161,0.9350000023841858,0.029999999329447746,0.03500000014901161,0.9350000023841858,0.029999999329447746,0.9399999976158142,0.029999999329447746,0.029999999329447746,0.0,0.0,0.0,0.0,0.0,0.0
355,-384.4503333333336,0.0,0.03500000014901161,0.9350000023841858,0.029999999329447746,0.03500000014901161,0.9350000023841858,0.029999999329447746,0.03500000014901161,0.9350000023841858,0.029999999329447746,0.0,0.0,0.0,0.0,0.0,0.0
356,-94.73800000000001,0.0,0.03500000014901161,0.029999999329447746,0.9350000023841858,0.03500000014901161,0.9350000023841858,0.029999999329447746,0.03500000014901161,0.9350000023841858,0.029999999329447746,0.0,0.0,0.0,0.0,0.0,0.0
357,-343.6523333333333,0.0,0.03500000014901161,0.9350000023841858,0.029999999329447746,0.03500000014901161,0.9300000071525574,0.03500000014901161,0.03500000014901161,0.9350000023841858,0.029999999329447746,0.0,0.0,0.0,0.0,0.0,0.0
358,-142.157,0.0,0.03500000014901161,0.9350000023841858,0.029999999329447746,0.03500000014901161,0.9300000071525574,0.03500000014901161,0.03500000014901161,0.9350000023841858,0.029999999329447746,0.0,0.0,0.0,0.0,0.0,0.0
359,-262.24033333333335,0.0,0.03500000014901161,0.9350000023841858,0.029999999329447746,0.03500000014901161,0.9350000023841858,0.029999999329447746,0.03500000014901161,0.9350000023841858,0.029999999329447746,0.0,0.0,0.0,0.0,0.0,0.0
360,-326.1716666666666,0.0,0.08500000089406967,0.8849999904632568,0.029999999329447746,0.03500000014901161,0.8799999952316284,0.08500000089406967,0.8849999904632568,0.03999999910593033,0.07500000298023224,0.0,0.0,0.0,0.0,0.0,0.0
361,-36.12199999999999,0.0,0.03500000014901161,0.9350000023841858,0.029999999329447746,0.03500000014901161,0.9350000023841858,0.029999999329447746,0.03500000014901161,0.9350000023841858,0.029999999329447746,0.0,0.0,0.0,0.0,0.0,0.0
362,-132.67766666666665,0.0,0.03500000014901161,0.9350000023841858,0.029999999329447746,0.03500000014901161,0.9350000023841858,0.029999999329447746,0.03500000014901161,0.9350000023841858,0.029999999329447746,0.0,0.0,0.0,0.0,0.0,0.0
363,-528.6036666666666,0.0,0.0949999988079071,0.875,0.029999999329447746,0.03500000014901161,0.8849999904632568,0.07999999821186066,0.8849999904632568,0.04500000178813934,0.07000000029802322,0.0,0.0,0.0,0.0,0.0,0.0
364,-93.7546666666667,0.0,0.03500000014901161,0.029999999329447746,0.9350000023841858,0.03500000014901161,0.9350000023841858,0.029999999329447746,0.9399999976158142,0.029999999329447746,0.029999999329447746,0.0,0.0,0.0,0.0,0.0,0.0
365,-73.48333333333333,0.0,0.06499999761581421,0.8949999809265137,0.03999999910593033,0.8899999856948853,0.054999999701976776,0.054999999701976776,0.8999999761581421,0.03999999910593033,0.05999999865889549,0.0,0.0,0.0,0.0,0.0,0.0
366,-348.9530000000001,0.0,0.03500000014901161,0.029999999329447746,0.9350000023841858,0.03500000014901161,0.029999999329447746,0.9350000023841858,0.03500000014901161,0.9350000023841858,0.029999999329447746,0.0,0.0,0.0,0.0,0.0,0.0
367,-219.83533333333335,0.0,0.08500000089406967,0.8799999952316284,0.03500000014901161,0.03500000014901161,0.8849999904632568,0.07999999821186066,0.8849999904632568,0.03500000014901161,0.07999999821186066,0.0,0.0,0.0,0.0,0.0,0.0
368,-64.15800000000003,0.0,0.03500000014901161,0.9350000023841858,0.029999999329447746,0.03500000014901161,0.9350000023841858,0.029999999329447746,0.9399999976158142,0.029999999329447746,0.029999999329447746,0.0,0.0,0.0,0.0,0.0,0.0
369,-106.61133333333336,0.0,0.9399999976158142,0.029999999329447746,0.029999999329447746,0.9399999976158142,0.029999999329447746,0.029999999329447746,0.9399999976158142,0.029999999329447746,0.029999999329447746,0.0,0.0,0.0,0.0,0.0,0.0
370,-34.65466666666666,0.0,0.03500000014901161,0.9350000023841858,0.029999999329447746,0.03500000014901161,0.029999999329447746,0.9350000023841858,0.03500000014901161,0.9350000023841858,0.029999999329447746,0.0,0.0,0.0,0.0,0.0,0.0
371,-115.67266666666663,0.0,0.06499999761581421,0.9049999713897705,0.029999999329447746,0.8999999761581421,0.07000000029802322,0.029999999329447746,0.9200000166893005,0.03500000014901161,0.04500000178813934,0.0,0.0,0.0,0.0,0.0,0.0
372,-128.79600000000013,0.0,0.07000000029802322,0.8949999809265137,0.03500000014901161,0.03999999910593033,0.8949999809265137,0.06499999761581421,0.8849999904632568,0.04500000178813934,0.07000000029802322,0.0,0.0,0.0,0.0,0.0,0.0
373,-242.7986666666666,0.0,0.03500000014901161,0.9350000023841858,0.029999999329447746,0.03500000014901161,0.9350000023841858,0.029999999329447746,0.03500000014901161,0.9350000023841858,0.029999999329447746,0.0,0.0,0.0,0.0,0.0,0.0
374,-40.264333333333305,0.0,0.03500000014901161,0.9350000023841858,0.029999999329447746,0.03500000014901161,0.9350000023841858,0.029999999329447746,0.03500000014901161,0.9350000023841858,0.029999999329447746,0.0,0.0,0.0,0.0,0.0,0.0
375,-36.82466666666664,0.0,0.03500000014901161,0.9350000023841858,0.029999999329447746,0.03500000014901161,0.9350000023841858,0.029999999329447746,0.03500000014901161,0.9350000023841858,0.029999999329447746,0.0,0.0,0.0,0.0,0.0,0.0
376,-21.676,0.0,0.03500000014901161,0.9350000023841858,0.029999999329447746,0.03500000014901161,0.9350000023841858,0.029999999329447746,0.03500000014901161,0.9350000023841858,0.029999999329447746,0.0,0.0,0.0,0.0,0.0,0.0
377,-143.0906666666667,0.0,0.03500000014901161,0.9350000023841858,0.029999999329447746,0.03999999910593033,0.925000011920929,0.03500000014901161,0.03999999910593033,0.9300000071525574,0.029999999329447746,0.0,0.0,0.0,0.0,0.0,0.0
378,-46.265333333333345,0.0,0.03500000014901161,0.029999999329447746,0.9350000023841858,0.03500000014901161,0.9350000023841858,0.029999999329447746,0.03500000014901161,0.9350000023841858,0.029999999329447746,0.0,0.0,0.0,0.0,0.0,0.0
379,-253.40233333333344,0.0,0.03500000014901161,0.9350000023841858,0.029999999329447746,0.03500000014901161,0.9300000071525574,0.03500000014901161,0.03999999910593033,0.9300000071525574,0.029999999329447746,0.0,0.0,0.0,0.0,0.0,0.0
380,-35.679333333333346,0.0,0.03500000014901161,0.029999999329447746,0.9350000023841858,0.03500000014901161,0.029999999329447746,0.9350000023841858,0.03500000014901161,0.029999999329447746,0.9350000023841858,0.0,0.0,0.0,0.0,0.0,0.0
381,-142.03200000000004,0.0,0.05999999865889549,0.8949999809265137,0.04500000178813934,0.04500000178813934,0.8949999809265137,0.05999999865889549,0.8949999809265137,0.04500000178813934,0.05999999865889549,0.0,0.0,0.0,0.0,0.0,0.0
382,-275.72499999999997,0.0,0.03500000014901161,0.029999999329447746,0.9350000023841858,0.03500000014901161,0.03500000014901161,0.9300000071525574,0.03500000014901161,0.03500000014901161,0.9300000071525574,0.0,0.0,0.0,0.0,0.0,0.0
383,-274.00400000000013,0.0,0.07500000298023224,0.8949999809265137,0.029999999329447746,0.03999999910593033,0.8899999856948853,0.07000000029802322,0.8849999904632568,0.04500000178813934,0.07000000029802322,0.0,0.0,0.0,0.0,0.0,0.0
384,-41.181333333333335,0.0,0.03999999910593033,0.029999999329447746,0.9300000071525574,0.03999999910593033,0.925000011920929,0.03500000014901161,0.9300000071525574,0.03500000014901161,0.03500000014901161,0.0,0.0,0.0,0.0,0.0,0.0
385,-170.54300000000003,0.0,0.03500000014901161,0.9350000023841858,0.029999999329447746,0.03500000014901161,0.9350000023841858,0.029999999329447746,0.03500000014901161,0.9350000023841858,0.029999999329447746,0.0,0.0,0.0,0.0,0.0,0.0
386,-104.34699999999997,0.0,0.05000000074505806,0.9100000262260437,0.03999999910593033,0.03999999910593033,0.9150000214576721,0.04500000178813934,0.9100000262260437,0.03999999910593033,0.05000000074505806,0.0,0.0,0.0,0.0,0.0,0.0
387,-57.30433333333336,0.0,0.03500000014901161,0.9350000023841858,0.029999999329447746,0.04500000178813934,0.925000011920929,0.029999999329447746,0.9300000071525574,0.029999999329447746,0.03999999910593033,0.0,0.0,0.0,0.0,0.0,0.0
388,-65.09300000000002,0.0,0.03500000014901161,0.9350000023841858,0.029999999329447746,0.03500000014901161,0.9350000023841858,0.029999999329447746,0.9399999976158142,0.029999999329447746,0.029999999329447746,0.0,0.0,0.0,0.0,0.0,0.0
389,-47.63633333333334,0.0,0.03500000014901161,0.9350000023841858,0.029999999329447746,0.03500000014901161,0.9300000071525574,0.03500000014901161,0.03999999910593033,0.9300000071525574,0.029999999329447746,0.0,0.0,0.0,0.0,0.0,0.0
390,-398.85799999999995,0.0,0.07000000029802322,0.8999999761581421,0.029999999329447746,0.04500000178813934,0.8999999761581421,0.054999999701976776,0.8999999761581421,0.03999999910593033,0.05999999865889549,0.0,0.0,0.0,0.0,0.0,0.0
391,-40.16366666666668,0.0,0.03500000014901161,0.9350000023841858,0.029999999329447746,0.03500000014901161,0.9350000023841858,0.029999999329447746,0.03500000014901161,0.9350000023841858,0.029999999329447746,0.0,0.0,0.0,0.0,0.0,0.0
392,-43.23533333333336,0.0,0.03500000014901161,0.9350000023841858,0.029999999329447746,0.03500000014901161,0.9350000023841858,0.029999999329447746,0.03500000014901161,0.9350000023841858,0.029999999329447746,0.0,0.0,0.0,0.0,0.0,0.0
393,-280.3129999999999,0.0,0.05000000074505806,0.9100000262260437,0.03999999910593033,0.04500000178813934,0.9100000262260437,0.04500000178813934,0.8949999809265137,0.05999999865889549,0.04500000178813934,0.0,0.0,0.0,0.0,0.0,0.0
394,-284.3660000000001,0.0,0.03500000014901161,0.9350000023841858,0.029999999329447746,0.03500000014901161,0.9350000023841858,0.029999999329447746,0.03500000014901161,0.9350000023841858,0.029999999329447746,0.0,0.0,0.0,0.0,0.0,0.0
395,-225.65900000000008,0.0,0.03500000014901161,0.9350000023841858,0.029999999329447746,0.03500000014901161,0.9350000023841858,0.029999999329447746,0.03500000014901161,0.9350000023841858,0.029999999329447746,0.0,0.0,0.0,0.0,0.0,0.0
396,-234.20199999999994,0.0,0.03500000014901161,0.9350000023841858,0.029999999329447746,0.9399999976158142,0.029999999329447746,0.029999999329447746,0.9399999976158142,0.029999999329447746,0.029999999329447746,0.0,0.0,0.0,0.0,0.0,0.0
397,-86.66666666666669,0.0,0.03500000014901161,0.9350000023841858,0.029999999329447746,0.03999999910593033,0.9200000166893005,0.03999999910593033,0.03999999910593033,0.925000011920929,0.03500000014901161,0.0,0.0,0.0,0.0,0.0,0.0
398,-57.79066666666667,0.0,0.05000000074505806,0.9150000214576721,0.03500000014901161,0.05000000074505806,0.9100000262260437,0.03999999910593033,0.9049999713897705,0.03500000014901161,0.05999999865889549,0.0,0.0,0.0,0.0,0.0,0.0
399,-60.82233333333333,0.0,0.03500000014901161,0.9350000023841858,0.029999999329447746,0.03500000014901161,0.9350000023841858,0.029999999329447746,0.03500000014901161,0.9350000023841858,0.029999999329447746,0.0,0.0,0.0,0.0,0.0,0.0
400,-47.431666666666686,0.0,0.03500000014901161,0.9350000023841858,0.029999999329447746,0.03999999910593033,0.925000011920929,0.03500000014901161,0.03500000014901161,0.9350000023841858,0.029999999329447746,0.0,0.0,0.0,0.0,0.0,0.0
401,-241.27899999999994,0.0,0.03500000014901161,0.9350000023841858,0.029999999329447746,0.03500000014901161,0.9350000023841858,0.029999999329447746,0.03500000014901161,0.9350000023841858,0.029999999329447746,0.0,0.0,0.0,0.0,0.0,0.0
402,-197.58966666666666,0.0,0.03500000014901161,0.9350000023841858,0.029999999329447746,0.9399999976158142,0.029999999329447746,0.029999999329447746,0.9399999976158142,0.029999999329447746,0.029999999329447746,0.0,0.0,0.0,0.0,0.0,0.0
403,-135.95033333333333,0.0,0.03500000014901161,0.9350000023841858,0.029999999329447746,0.03500000014901161,0.9350000023841858,0.029999999329447746,0.03500000014901161,0.9350000023841858,0.029999999329447746,0.0,0.0,0.0,0.0,0.0,0.0
404,-26.206666666666678,0.0,0.03500000014901161,0.9350000023841858,0.029999999329447746,0.03500000014901161,0.9350000023841858,0.029999999329447746,0.03500000014901161,0.9350000023841858,0.029999999329447746,0.0,0.0,0.0,0.0,0.0,0.0
405,-86.17933333333332,0.0,0.03500000014901161,0.9350000023841858,0.029999999329447746,0.05000000074505806,0.9150000214576721,0.03500000014901161,0.9150000214576721,0.03999999910593033,0.04500000178813934,0.0,0.0,0.0,0.0,0.0,0.0
406,-44.41166666666669,0.0,0.03500000014901161,0.9350000023841858,0.029999999329447746,0.03999999910593033,0.925000011920929,0.03500000014901161,0.03500000014901161,0.9300000071525574,0.03500000014901161,0.0,0.0,0.0,0.0,0.0,0.0
407,-83.76400000000007,0.0,0.05999999865889549,0.9100000262260437,0.029999999329447746,0.8999999761581421,0.05999999865889549,0.03999999910593033,0.9150000214576721,0.03500000014901161,0.05000000074505806,0.0,0.0,0.0,0.0,0.0,0.0
408,-316.0539999999999,0.0,0.03999999910593033,0.9300000071525574,0.029999999329447746,0.03999999910593033,0.9300000071525574,0.029999999329447746,0.9300000071525574,0.029999999329447746,0.03999999910593033,0.0,0.0,0.0,0.0,0.0,0.0
409,-54.015000000000015,0.0,0.03500000014901161,0.9350000023841858,0.029999999329447746,0.03500000014901161,0.9350000023841858,0.029999999329447746,0.9399999976158142,0.029999999329447746,0.029999999329447746,0.0,0.0,0.0,0.0,0.0,0.0
410,-433.76366666666667,0.0,0.03999999910593033,0.925000011920929,0.03500000014901161,0.03999999910593033,0.9200000166893005,0.03999999910593033,0.9200000166893005,0.029999999329447746,0.05000000074505806,0.0,0.0,0.0,0.0,0.0,0.0
411,-556.5013333333333,0.0,0.07999999821186066,0.8899999856948853,0.029999999329447746,0.06499999761581421,0.8899999856948853,0.04500000178813934,0.8899999856948853,0.03999999910593033,0.07000000029802322,0.0,0.0,0.0,0.0,0.0,0.0
412,-229.76700000000008,0.0,0.05999999865889549,0.9100000262260437,0.029999999329447746,0.03999999910593033,0.9049999713897705,0.054999999701976776,0.9049999713897705,0.03500000014901161,0.05999999865889549,0.0,0.0,0.0,0.0,0.0,0.0
413,-95.524,0.0,0.03500000014901161,0.9350000023841858,0.029999999329447746,0.03500000014901161,0.9300000071525574,0.03500000014901161,0.03500000014901161,0.9350000023841858,0.029999999329447746,0.0,0.0,0.0,0.0,0.0,0.0
414,-74.22033333333334,0.0,0.03500000014901161,0.9350000023841858,0.029999999329447746,0.03500000014901161,0.9350000023841858,0.029999999329447746,0.03500000014901161,0.9350000023841858,0.029999999329447746,0.0,0.0,0.0,0.0,0.0,0.0
415,-91.27399999999997,0.0,0.03500000014901161,0.9350000023841858,0.029999999329447746,0.03500000014901161,0.9350000023841858,0.029999999329447746,0.03500000014901161,0.9350000023841858,0.029999999329447746,0.0,0.0,0.0,0.0,0.0,0.0
416,-57.98433333333332,0.0,0.03500000014901161,0.9350000023841858,0.029999999329447746,0.03500000014901161,0.9350000023841858,0.029999999329447746,0.9399999976158142,0.029999999329447746,0.029999999329447746,0.0,0.0,0.0,0.0,0.0,0.0
417,-264.8856666666667,0.0,0.03500000014901161,0.029999999329447746,0.9350000023841858,0.03500000014901161,0.029999999329447746,0.9350000023841858,0.9399999976158142,0.029999999329447746,0.029999999329447746,0.0,0.0,0.0,0.0,0.0,0.0
418,-34.63033333333333,0.0,0.03500000014901161,0.9350000023841858,0.029999999329447746,0.03500000014901161,0.9350000023841858,0.029999999329447746,0.03500000014901161,0.9350000023841858,0.029999999329447746,0.0,0.0,0.0,0.0,0.0,0.0
419,-522.258,0.0,0.03500000014901161,0.9350000023841858,0.029999999329447746,0.03500000014901161,0.9350000023841858,0.029999999329447746,0.03500000014901161,0.9350000023841858,0.029999999329447746,0.0,0.0,0.0,0.0,0.0,0.0
420,-56.48300000000003,0.0,0.03500000014901161,0.9350000023841858,0.029999999329447746,0.03500000014901161,0.925000011920929,0.03999999910593033,0.03500000014901161,0.9350000023841858,0.029999999329447746,0.0,0.0,0.0,0.0,0.0,0.0
421,-25.80066666666668,0.0,0.03500000014901161,0.9350000023841858,0.029999999329447746,0.03500000014901161,0.03500000014901161,0.9300000071525574,0.03500000014901161,0.9350000023841858,0.029999999329447746,0.0,0.0,0.0,0.0,0.0,0.0
422,-54.36200000000001,0.0,0.03500000014901161,0.9350000023841858,0.029999999329447746,0.03500000014901161,0.9350000023841858,0.029999999329447746,0.03500000014901161,0.9350000023841858,0.029999999329447746,0.0,0.0,0.0,0.0,0.0,0.0
423,-33.40199999999999,0.0,0.03500000014901161,0.9350000023841858,0.029999999329447746,0.03500000014901161,0.9350000023841858,0.029999999329447746,0.03500000014901161,0.9350000023841858,0.029999999329447746,0.0,0.0,0.0,0.0,0.0,0.0
424,-55.695666666666675,0.0,0.04500000178813934,0.925000011920929,0.029999999329447746,0.9200000166893005,0.04500000178813934,0.03500000014901161,0.925000011920929,0.03500000014901161,0.03999999910593033,0.0,0.0,0.0,0.0,0.0,0.0
425,-170.50499999999997,0.0,0.03500000014901161,0.9350000023841858,0.029999999329447746,0.03500000014901161,0.9350000023841858,0.029999999329447746,0.03500000014901161,0.9350000023841858,0.029999999329447746,0.0,0.0,0.0,0.0,0.0,0.0
426,-211.20500000000004,0.0,0.03500000014901161,0.9350000023841858,0.029999999329447746,0.03500000014901161,0.9350000023841858,0.029999999329447746,0.03500000014901161,0.9350000023841858,0.029999999329447746,0.0,0.0,0.0,0.0,0.0,0.0
427,-255.0996666666667,0.0,0.9399999976158142,0.029999999329447746,0.029999999329447746,0.9399999976158142,0.029999999329447746,0.029999999329447746,0.9399999976158142,0.029999999329447746,0.029999999329447746,0.0,0.0,0.0,0.0,0.0,0.0
428,-321.94266666666664,0.0,0.03500000014901161,0.9350000023841858,0.029999999329447746,0.03500000014901161,0.9350000023841858,0.029999999329447746,0.03500000014901161,0.9350000023841858,0.029999999329447746,0.0,0.0,0.0,0.0,0.0,0.0
429,-101.478,0.0,0.03500000014901161,0.9350000023841858,0.029999999329447746,0.03500000014901161,0.9350000023841858,0.029999999329447746,0.03500000014901161,0.9350000023841858,0.029999999329447746,0.0,0.0,0.0,0.0,0.0,0.0
430,-80.87999999999994,0.0,0.9399999976158142,0.029999999329447746,0.029999999329447746,0.9399999976158142,0.029999999329447746,0.029999999329447746,0.9399999976158142,0.029999999329447746,0.029999999329447746,0.0,0.0,0.0,0.0,0.0,0.0
431,-147.4053333333333,0.0,0.06499999761581421,0.8899999856948853,0.04500000178813934,0.05999999865889549,0.8849999904632568,0.054999999701976776,0.8799999952316284,0.029999999329447746,0.09000000357627869,0.0,0.0,0.0,0.0,0.0,0.0
432,-275.96333333333325,0.0,0.03500000014901161,0.9350000023841858,0.029999999329447746,0.03500000014901161,0.9350000023841858,0.029999999329447746,0.03500000014901161,0.9350000023841858,0.029999999329447746,0.0,0.0,0.0,0.0,0.0,0.0
433,-257.53533333333337,0.0,0.09000000357627869,0.8799999952316284,0.029999999329447746,0.04500000178813934,0.8849999904632568,0.07000000029802322,0.8849999904632568,0.029999999329447746,0.08500000089406967,0.0,0.0,0.0,0.0,0.0,0.0
434,-38.033000000000044,0.0,0.03500000014901161,0.9350000023841858,0.029999999329447746,0.03500000014901161,0.9300000071525574,0.03500000014901161,0.03500000014901161,0.9350000023841858,0.029999999329447746,0.0,0.0,0.0,0.0,0.0,0.0
435,-236.9140000000001,0.0,0.08500000089406967,0.8849999904632568,0.029999999329447746,0.054999999701976776,0.8899999856948853,0.054999999701976776,0.8849999904632568,0.029999999329447746,0.08500000089406967,0.0,0.0,0.0,0.0,0.0,0.0
436,-52.45199999999999,0.0,0.03500000014901161,0.9350000023841858,0.029999999329447746,0.03500000014901161,0.925000011920929,0.03999999910593033,0.03500000014901161,0.9300000071525574,0.03500000014901161,0.0,0.0,0.0,0.0,0.0,0.0
437,-395.1926666666667,0.0,0.08500000089406967,0.8849999904632568,0.029999999329447746,0.03999999910593033,0.8899999856948853,0.07000000029802322,0.8849999904632568,0.03500000014901161,0.07999999821186066,0.0,0.0,0.0,0.0,0.0,0.0
438,-105.73866666666655,0.0,0.03500000014901161,0.9350000023841858,0.029999999329447746,0.9399999976158142,0.029999999329447746,0.029999999329447746,0.9399999976158142,0.029999999329447746,0.029999999329447746,0.0,0.0,0.0,0.0,0.0,0.0
439,-181.72966666666667,0.0,0.9399999976158142,0.029999999329447746,0.029999999329447746,0.9399999976158142,0.029999999329447746,0.029999999329447746,0.9399999976158142,0.029999999329447746,0.029999999329447746,0.0,0.0,0.0,0.0,0.0,0.0
440,-45.45866666666664,0.0,0.03500000014901161,0.9350000023841858,0.029999999329447746,0.03500000014901161,0.9350000023841858,0.029999999329447746,0.9350000023841858,0.029999999329447746,0.03500000014901161,0.0,0.0,0.0,0.0,0.0,0.0
441,-184.25966666666665,0.0,0.03500000014901161,0.9350000023841858,0.029999999329447746,0.03500000014901161,0.9350000023841858,0.029999999329447746,0.03500000014901161,0.9300000071525574,0.03500000014901161,0.0,0.0,0.0,0.0,0.0,0.0
442,-28.220000000000013,0.0,0.03500000014901161,0.9350000023841858,0.029999999329447746,0.03500000014901161,0.9350000023841858,0.029999999329447746,0.03500000014901161,0.9350000023841858,0.029999999329447746,0.0,0.0,0.0,0.0,0.0,0.0
443,-81.787,0.0,0.03500000014901161,0.9350000023841858,0.029999999329447746,0.03500000014901161,0.029999999329447746,0.9350000023841858,0.9399999976158142,0.029999999329447746,0.029999999329447746,0.0,0.0,0.0,0.0,0.0,0.0
444,-249.65200000000004,0.0,0.03500000014901161,0.9350000023841858,0.029999999329447746,0.03500000014901161,0.9350000023841858,0.029999999329447746,0.03500000014901161,0.9350000023841858,0.029999999329447746,0.0,0.0,0.0,0.0,0.0,0.0
445,-55.06600000000001,0.0,0.03500000014901161,0.9350000023841858,0.029999999329447746,0.03500000014901161,0.925000011920929,0.03999999910593033,0.03500000014901161,0.9350000023841858,0.029999999329447746,0.0,0.0,0.0,0.0,0.0,0.0
446,-35.098,0.0,0.03500000014901161,0.029999999329447746,0.9350000023841858,0.03500000014901161,0.029999999329447746,0.9350000023841858,0.03500000014901161,0.9350000023841858,0.029999999329447746,0.0,0.0,0.0,0.0,0.0,0.0
447,-273.8953333333334,0.0,0.03500000014901161,0.9350000023841858,0.029999999329447746,0.03500000014901161,0.9350000023841858,0.029999999329447746,0.03500000014901161,0.9350000023841858,0.029999999329447746,0.0,0.0,0.0,0.0,0.0,0.0
448,-125.08633333333333,0.0,0.03500000014901161,0.029999999329447746,0.9350000023841858,0.03500000014901161,0.029999999329447746,0.9350000023841858,0.03500000014901161,0.029999999329447746,0.9350000023841858,0.0,0.0,0.0,0.0,0.0,0.0
449,-28.057666666666673,0.0,0.03500000014901161,0.9350000023841858,0.029999999329447746,0.03500000014901161,0.9350000023841858,0.029999999329447746,0.9399999976158142,0.029999999329447746,0.029999999329447746,0.0,0.0,0.0,0.0,0.0,0.0
450,-94.91433333333333,0.0,0.05999999865889549,0.9100000262260437,0.029999999329447746,0.03500000014901161,0.925000011920929,0.03999999910593033,0.9150000214576721,0.029999999329447746,0.054999999701976776,0.0,0.0,0.0,0.0,0.0,0.0
451,-69.16466666666668,0.0,0.03500000014901161,0.9350000023841858,0.029999999329447746,0.03500000014901161,0.9350000023841858,0.029999999329447746,0.03500000014901161,0.9350000023841858,0.029999999329447746,0.0,0.0,0.0,0.0,0.0,0.0
452,-225.71966666666668,0.0,0.03500000014901161,0.9350000023841858,0.029999999329447746,0.04500000178813934,0.925000011920929,0.029999999329447746,0.03500000014901161,0.9300000071525574,0.03500000014901161,0.0,0.0,0.0,0.0,0.0,0.0
453,-86.13599999999997,0.0,0.03500000014901161,0.9350000023841858,0.029999999329447746,0.03500000014901161,0.9350000023841858,0.029999999329447746,0.9399999976158142,0.029999999329447746,0.029999999329447746,0.0,0.0,0.0,0.0,0.0,0.0
454,-64.40299999999999,0.0,0.03500000014901161,0.9350000023841858,0.029999999329447746,0.03500000014901161,0.9350000023841858,0.029999999329447746,0.03500000014901161,0.9350000023841858,0.029999999329447746,0.0,0.0,0.0,0.0,0.0,0.0
455,-233.06266666666667,0.0,0.03500000014901161,0.9350000023841858,0.029999999329447746,0.03500000014901161,0.9350000023841858,0.029999999329447746,0.03500000014901161,0.9350000023841858,0.029999999329447746,0.0,0.0,0.0,0.0,0.0,0.0
456,-41.573666666666675,0.0,0.03500000014901161,0.9350000023841858,0.029999999329447746,0.03500000014901161,0.9350000023841858,0.029999999329447746,0.03500000014901161,0.9350000023841858,0.029999999329447746,0.0,0.0,0.0,0.0,0.0,0.0
457,-366.5860000000001,0.0,0.03500000014901161,0.9350000023841858,0.029999999329447746,0.03500000014901161,0.9350000023841858,0.029999999329447746,0.03500000014901161,0.9350000023841858,0.029999999329447746,0.0,0.0,0.0,0.0,0.0,0.0
458,-457.2006666666668,0.0,0.07999999821186066,0.8899999856948853,0.029999999329447746,0.07000000029802322,0.8999999761581421,0.029999999329447746,0.8899999856948853,0.04500000178813934,0.06499999761581421,0.0,0.0,0.0,0.0,0.0,0.0
459,-244.018,0.0,0.03500000014901161,0.9350000023841858,0.029999999329447746,0.03500000014901161,0.9350000023841858,0.029999999329447746,0.03500000014901161,0.9350000023841858,0.029999999329447746,0.0,0.0,0.0,0.0,0.0,0.0
460,-292.21699999999987,0.0,0.07000000029802322,0.8849999904632568,0.04500000178813934,0.05999999865889549,0.8999999761581421,0.03999999910593033,0.8849999904632568,0.03500000014901161,0.07999999821186066,0.0,0.0,0.0,0.0,0.0,0.0
461,-382.68433333333314,0.0,0.03500000014901161,0.9350000023841858,0.029999999329447746,0.04500000178813934,0.9200000166893005,0.03500000014901161,0.03500000014901161,0.9350000023841858,0.029999999329447746,0.0,0.0,0.0,0.0,0.0,0.0
462,-365.2140000000001,0.0,0.03500000014901161,0.9350000023841858,0.029999999329447746,0.04500000178813934,0.925000011920929,0.029999999329447746,0.03500000014901161,0.9350000023841858,0.029999999329447746,0.0,0.0,0.0,0.0,0.0,0.0
463,-254.7043333333334,0.0,0.03500000014901161,0.9350000023841858,0.029999999329447746,0.03500000014901161,0.9350000023841858,0.029999999329447746,0.03500000014901161,0.9350000023841858,0.029999999329447746,0.0,0.0,0.0,0.0,0.0,0.0
464,-336.18166666666673,0.0,0.09000000357627869,0.8799999952316284,0.029999999329447746,0.054999999701976776,0.9049999713897705,0.03999999910593033,0.8849999904632568,0.029999999329447746,0.08500000089406967,0.0,0.0,0.0,0.0,0.0,0.0
465,-65.86399999999998,0.0,0.05000000074505806,0.9200000166893005,0.029999999329447746,0.9150000214576721,0.054999999701976776,0.029999999329447746,0.03500000014901161,0.9300000071525574,0.03500000014901161,0.0,0.0,0.0,0.0,0.0,0.0
466,-63.87300000000001,0.0,0.03500000014901161,0.9350000023841858,0.029999999329447746,0.03500000014901161,0.029999999329447746,0.9350000023841858,0.9399999976158142,0.029999999329447746,0.029999999329447746,0.0,0.0,0.0,0.0,0.0,0.0
467,-32.44399999999998,0.0,0.03500000014901161,0.029999999329447746,0.9350000023841858,0.03500000014901161,0.9350000023841858,0.029999999329447746,0.03500000014901161,0.9350000023841858,0.029999999329447746,0.0,0.0,0.0,0.0,0.0,0.0
468,-190.1526666666667,0.0,0.03500000014901161,0.029999999329447746,0.9350000023841858,0.03500000014901161,0.029999999329447746,0.9350000023841858,0.9399999976158142,0.029999999329447746,0.029999999329447746,0.0,0.0,0.0,0.0,0.0,0.0
469,-47.81666666666669,0.0,0.03500000014901161,0.9350000023841858,0.029999999329447746,0.03500000014901161,0.9350000023841858,0.029999999329447746,0.03500000014901161,0.9350000023841858,0.029999999329447746,0.0,0.0,0.0,0.0,0.0,0.0
470,-310.149,0.0,0.09000000357627869,0.8799999952316284,0.029999999329447746,0.03999999910593033,0.9100000262260437,0.05000000074505806,0.8849999904632568,0.03500000014901161,0.07999999821186066,0.0,0.0,0.0,0.0,0.0,0.0
471,-86.91066666666664,0.0,0.03500000014901161,0.9350000023841858,0.029999999329447746,0.03500000014901161,0.9300000071525574,0.03500000014901161,0.03999999910593033,0.9300000071525574,0.029999999329447746,0.0,0.0,0.0,0.0,0.0,0.0
472,-76.32366666666664,0.0,0.06499999761581421,0.8999999761581421,0.03500000014901161,0.8899999856948853,0.07999999821186066,0.029999999329447746,0.9049999713897705,0.03500000014901161,0.05999999865889549,0.0,0.0,0.0,0.0,0.0,0.0
473,-145.02733333333333,0.0,0.07000000029802322,0.8999999761581421,0.029999999329447746,0.05000000074505806,0.9150000214576721,0.03500000014901161,0.8899999856948853,0.03500000014901161,0.07500000298023224,0.0,0.0,0.0,0.0,0.0,0.0
474,-117.48533333333329,0.0,0.06499999761581421,0.9049999713897705,0.029999999329447746,0.03500000014901161,0.925000011920929,0.03999999910593033,0.9100000262260437,0.03500000014901161,0.054999999701976776,0.0,0.0,0.0,0.0,0.0,0.0
475,-51.062000000000005,0.0,0.03500000014901161,0.9350000023841858,0.029999999329447746,0.9399999976158142,0.029999999329447746,0.029999999329447746,0.9399999976158142,0.029999999329447746,0.029999999329447746,0.0,0.0,0.0,0.0,0.0,0.0
476,-93.87700000000001,0.0,0.03500000014901161,0.9350000023841858,0.029999999329447746,0.03500000014901161,0.9350000023841858,0.029999999329447746,0.03500000014901161,0.9350000023841858,0.029999999329447746,0.0,0.0,0.0,0.0,0.0,0.0
477,-86.12966666666667,0.0,0.03500000014901161,0.9350000023841858,0.029999999329447746,0.03500000014901161,0.9300000071525574,0.03500000014901161,0.03500000014901161,0.9300000071525574,0.03500000014901161,0.0,0.0,0.0,0.0,0.0,0.0
478,-109.34233333333333,0.0,0.9399999976158142,0.029999999329447746,0.029999999329447746,0.9399999976158142,0.029999999329447746,0.029999999329447746,0.9399999976158142,0.029999999329447746,0.029999999329447746,0.0,0.0,0.0,0.0,0.0,0.0
479,-50.24333333333331,0.0,0.03500000014901161,0.9350000023841858,0.029999999329447746,0.03500000014901161,0.9300000071525574,0.03500000014901161,0.03500000014901161,0.9300000071525574,0.03500000014901161,0.0,0.0,0.0,0.0,0.0,0.0
480,-107.69199999999995,0.0,0.03500000014901161,0.9350000023841858,0.029999999329447746,0.03500000014901161,0.9350000023841858,0.029999999329447746,0.03500000014901161,0.9350000023841858,0.029999999329447746,0.0,0.0,0.0,0.0,0.0,0.0
481,-501.9003333333331,0.0,0.03500000014901161,0.9350000023841858,0.029999999329447746,0.03500000014901161,0.9300000071525574,0.03500000014901161,0.03500000014901161,0.9350000023841858,0.029999999329447746,0.0,0.0,0.0,0.0,0.0,0.0
482,-42.77733333333334,0.0,0.03500000014901161,0.9350000023841858,0.029999999329447746,0.03500000014901161,0.925000011920929,0.03999999910593033,0.03500000014901161,0.9350000023841858,0.029999999329447746,0.0,0.0,0.0,0.0,0.0,0.0
483,-33.39599999999999,0.0,0.03500000014901161,0.9350000023841858,0.029999999329447746,0.03500000014901161,0.9300000071525574,0.03500000014901161,0.03999999910593033,0.9300000071525574,0.029999999329447746,0.0,0.0,0.0,0.0,0.0,0.0
484,-109.16099999999997,0.0,0.9399999976158142,0.029999999329447746,0.029999999329447746,0.9399999976158142,0.029999999329447746,0.029999999329447746,0.9399999976158142,0.029999999329447746,0.029999999329447746,0.0,0.0,0.0,0.0,0.0,0.0
485,-47.953333333333305,0.0,0.03500000014901161,0.9350000023841858,0.029999999329447746,0.03500000014901161,0.9350000023841858,0.029999999329447746,0.03500000014901161,0.9300000071525574,0.03500000014901161,0.0,0.0,0.0,0.0,0.0,0.0
486,-38.268666666666654,0.0,0.03500000014901161,0.9350000023841858,0.029999999329447746,0.03500000014901161,0.9350000023841858,0.029999999329447746,0.03500000014901161,0.9350000023841858,0.029999999329447746,0.0,0.0,0.0,0.0,0.0,0.0
487,-40.41700000000002,0.0,0.03500000014901161,0.029999999329447746,0.9350000023841858,0.03500000014901161,0.03999999910593033,0.925000011920929,0.03999999910593033,0.03500000014901161,0.925000011920929,0.0,0.0,0.0,0.0,0.0,0.0
488,-50.03466666666668,0.0,0.03500000014901161,0.9350000023841858,0.029999999329447746,0.03999999910593033,0.9300000071525574,0.029999999329447746,0.03999999910593033,0.9300000071525574,0.029999999329447746,0.0,0.0,0.0,0.0,0.0,0.0
489,-65.95400000000001,0.0,0.03500000014901161,0.9350000023841858,0.029999999329447746,0.03500000014901161,0.9350000023841858,0.029999999329447746,0.9399999976158142,0.029999999329447746,0.029999999329447746,0.0,0.0,0.0,0.0,0.0,0.0
490,-255.60133333333323,0.0,0.07999999821186066,0.8849999904632568,0.03500000014901161,0.04500000178813934,0.9200000166893005,0.03500000014901161,0.8849999904632568,0.03500000014901161,0.07999999821186066,0.0,0.0,0.0,0.0,0.0,0.0
491,-211.3476666666668,0.0,0.03500000014901161,0.9350000023841858,0.029999999329447746,0.03500000014901161,0.9350000023841858,0.029999999329447746,0.03500000014901161,0.9350000023841858,0.029999999329447746,0.0,0.0,0.0,0.0,0.0,0.0
492,-32.39266666666665,0.0,0.03500000014901161,0.029999999329447746,0.9350000023841858,0.03500000014901161,0.029999999329447746,0.9350000023841858,0.03500000014901161,0.9350000023841858,0.029999999329447746,0.0,0.0,0.0,0.0,0.0,0.0
493,-171.67833333333337,0.0,0.07500000298023224,0.8899999856948853,0.03500000014901161,0.07000000029802322,0.8999999761581421,0.029999999329447746,0.8899999856948853,0.03500000014901161,0.07500000298023224,0.0,0.0,0.0,0.0,0.0,0.0
494,-50.82166666666669,0.0,0.03500000014901161,0.9350000023841858,0.029999999329447746,0.03500000014901161,0.9350000023841858,0.029999999329447746,0.03500000014901161,0.9350000023841858,0.029999999329447746,0.0,0.0,0.0,0.0,0.0,0.0
495,-259.11833333333334,0.0,0.03500000014901161,0.9350000023841858,0.029999999329447746,0.03500000014901161,0.9350000023841858,0.029999999329447746,0.03500000014901161,0.9350000023841858,0.029999999329447746,0.0,0.0,0.0,0.0,0.0,0.0
496,-220.8026666666666,0.0,0.03500000014901161,0.9350000023841858,0.029999999329447746,0.03500000014901161,0.9350000023841858,0.029999999329447746,0.03500000014901161,0.9350000023841858,0.029999999329447746,0.0,0.0,0.0,0.0,0.0,0.0
497,-115.73266666666663,0.0,0.03500000014901161,0.9350000023841858,0.029999999329447746,0.03500000014901161,0.9350000023841858,0.029999999329447746,0.03500000014901161,0.9350000023841858,0.029999999329447746,0.0,0.0,0.0,0.0,0.0,0.0
498,-96.51066666666668,0.0,0.08500000089406967,0.8799999952316284,0.03500000014901161,0.08500000089406967,0.8849999904632568,0.029999999329447746,0.8849999904632568,0.05000000074505806,0.06499999761581421,0.0,0.0,0.0,0.0,0.0,0.0
499,-24.741,0.0,0.03500000014901161,0.9350000023841858,0.029999999329447746,0.03500000014901161,0.9350000023841858,0.029999999329447746,0.9399999976158142,0.029999999329447746,0.029999999329447746,0.0,0.0,0.0,0.0,0.0,0.0
500,-335.6286666666666,0.0,0.07000000029802322,0.8899999856948853,0.03999999910593033,0.07999999821186066,0.8899999856948853,0.029999999329447746,0.8899999856948853,0.04500000178813934,0.06499999761581421,0.0,0.0,0.0,0.0,0.0,0.0
501,-81.84733333333334,0.0,0.03500000014901161,0.9350000023841858,0.029999999329447746,0.03500000014901161,0.9350000023841858,0.029999999329447746,0.03500000014901161,0.9350000023841858,0.029999999329447746,0.0,0.0,0.0,0.0,0.0,0.0
502,-33.66033333333335,0.0,0.03500000014901161,0.029999999329447746,0.9350000023841858,0.03500000014901161,0.9350000023841858,0.029999999329447746,0.03500000014901161,0.9350000023841858,0.029999999329447746,0.0,0.0,0.0,0.0,0.0,0.0
503,-299.99566666666664,0.0,0.03500000014901161,0.9350000023841858,0.029999999329447746,0.03500000014901161,0.9350000023841858,0.029999999329447746,0.9399999976158142,0.029999999329447746,0.029999999329447746,0.0,0.0,0.0,0.0,0.0,0.0
504,-142.39900000000003,0.0,0.03500000014901161,0.9350000023841858,0.029999999329447746,0.03500000014901161,0.9350000023841858,0.029999999329447746,0.03500000014901161,0.9350000023841858,0.029999999329447746,0.0,0.0,0.0,0.0,0.0,0.0
505,-318.1563333333332,0.0,0.06499999761581421,0.8799999952316284,0.054999999701976776,0.08500000089406967,0.8849999904632568,0.029999999329447746,0.8849999904632568,0.03999999910593033,0.07500000298023224,0.0,0.0,0.0,0.0,0.0,0.0
506,-109.40333333333331,0.0,0.07000000029802322,0.8849999904632568,0.04500000178813934,0.07999999821186066,0.8849999904632568,0.03500000014901161,0.8849999904632568,0.05000000074505806,0.06499999761581421,0.0,0.0,0.0,0.0,0.0,0.0
507,-191.22400000000002,0.0,0.03500000014901161,0.9350000023841858,0.029999999329447746,0.03500000014901161,0.9350000023841858,0.029999999329447746,0.03500000014901161,0.9350000023841858,0.029999999329447746,0.0,0.0,0.0,0.0,0.0,0.0
508,-55.69233333333329,0.0,0.03500000014901161,0.9350000023841858,0.029999999329447746,0.03500000014901161,0.9350000023841858,0.029999999329447746,0.9399999976158142,0.029999999329447746,0.029999999329447746,0.0,0.0,0.0,0.0,0.0,0.0
509,-80.15866666666665,0.0,0.03500000014901161,0.9350000023841858,0.029999999329447746,0.03999999910593033,0.9300000071525574,0.029999999329447746,0.03500000014901161,0.9300000071525574,0.03500000014901161,0.0,0.0,0.0,0.0,0.0,0.0
510,-96.525,0.0,0.03500000014901161,0.9350000023841858,0.029999999329447746,0.03500000014901161,0.9350000023841858,0.029999999329447746,0.03500000014901161,0.9300000071525574,0.03500000014901161,0.0,0.0,0.0,0.0,0.0,0.0
511,-47.832666666666654,0.0,0.03500000014901161,0.9350000023841858,0.029999999329447746,0.03500000014901161,0.9350000023841858,0.029999999329447746,0.03500000014901161,0.9350000023841858,0.029999999329447746,0.0,0.0,0.0,0.0,0.0,0.0
512,-100.86200000000007,0.0,0.03500000014901161,0.029999999329447746,0.9350000023841858,0.03500000014901161,0.9350000023841858,0.029999999329447746,0.03500000014901161,0.9350000023841858,0.029999999329447746,0.0,0.0,0.0,0.0,0.0,0.0
513,-42.04999999999999,0.0,0.03500000014901161,0.9350000023841858,0.029999999329447746,0.03500000014901161,0.9350000023841858,0.029999999329447746,0.03500000014901161,0.9350000023841858,0.029999999329447746,0.0,0.0,0.0,0.0,0.0,0.0
514,-114.23166666666671,0.0,0.03500000014901161,0.9350000023841858,0.029999999329447746,0.03500000014901161,0.9350000023841858,0.029999999329447746,0.9399999976158142,0.029999999329447746,0.029999999329447746,0.0,0.0,0.0,0.0,0.0,0.0
515,-34.97433333333333,0.0,0.03500000014901161,0.9350000023841858,0.029999999329447746,0.03500000014901161,0.9350000023841858,0.029999999329447746,0.03500000014901161,0.9350000023841858,0.029999999329447746,0.0,0.0,0.0,0.0,0.0,0.0
516,-225.8406666666666,0.0,0.03500000014901161,0.9350000023841858,0.029999999329447746,0.03500000014901161,0.9350000023841858,0.029999999329447746,0.03500000014901161,0.9350000023841858,0.029999999329447746,0.0,0.0,0.0,0.0,0.0,0.0
517,-253.789,0.0,0.03500000014901161,0.9350000023841858,0.029999999329447746,0.03500000014901161,0.9350000023841858,0.029999999329447746,0.03500000014901161,0.9350000023841858,0.029999999329447746,0.0,0.0,0.0,0.0,0.0,0.0
518,-67.24999999999997,0.0,0.03500000014901161,0.029999999329447746,0.9350000023841858,0.03500000014901161,0.029999999329447746,0.9350000023841858,0.03500000014901161,0.9350000023841858,0.029999999329447746,0.0,0.0,0.0,0.0,0.0,0.0
519,-506.51033333333334,0.0,0.04500000178813934,0.8899999856948853,0.06499999761581421,0.07999999821186066,0.8849999904632568,0.03500000014901161,0.8849999904632568,0.06499999761581421,0.05000000074505806,0.0,0.0,0.0,0.0,0.0,0.0
520,-133.37199999999996,0.0,0.03500000014901161,0.9350000023841858,0.029999999329447746,0.03500000014901161,0.9350000023841858,0.029999999329447746,0.03500000014901161,0.9350000023841858,0.029999999329447746,0.0,0.0,0.0,0.0,0.0,0.0
521,-99.54433333333334,0.0,0.9399999976158142,0.029999999329447746,0.029999999329447746,0.9399999976158142,0.029999999329447746,0.029999999329447746,0.9399999976158142,0.029999999329447746,0.029999999329447746,0.0,0.0,0.0,0.0,0.0,0.0
522,-39.47100000000001,0.0,0.03500000014901161,0.9350000023841858,0.029999999329447746,0.03500000014901161,0.9350000023841858,0.029999999329447746,0.03500000014901161,0.9350000023841858,0.029999999329447746,0.0,0.0,0.0,0.0,0.0,0.0
523,-43.611000000000004,0.0,0.03500000014901161,0.9350000023841858,0.029999999329447746,0.03500000014901161,0.9350000023841858,0.029999999329447746,0.9399999976158142,0.029999999329447746,0.029999999329447746,0.0,0.0,0.0,0.0,0.0,0.0
524,-327.4826666666667,0.0,0.03500000014901161,0.9350000023841858,0.029999999329447746,0.04500000178813934,0.925000011920929,0.029999999329447746,0.03500000014901161,0.9350000023841858,0.029999999329447746,0.0,0.0,0.0,0.0,0.0,0.0
525,-117.25966666666667,0.0,0.03500000014901161,0.9350000023841858,0.029999999329447746,0.03500000014901161,0.9350000023841858,0.029999999329447746,0.9399999976158142,0.029999999329447746,0.029999999329447746,0.0,0.0,0.0,0.0,0.0,0.0
526,-478.11166666666645,0.0,0.07000000029802322,0.8899999856948853,0.03999999910593033,0.05000000074505806,0.9100000262260437,0.03999999910593033,0.8849999904632568,0.03500000014901161,0.07999999821186066,0.0,0.0,0.0,0.0,0.0,0.0
527,-92.256,0.0,0.03500000014901161,0.9350000023841858,0.029999999329447746,0.03999999910593033,0.9300000071525574,0.029999999329447746,0.03500000014901161,0.9350000023841858,0.029999999329447746,0.0,0.0,0.0,0.0,0.0,0.0
528,-236.82933333333338,0.0,0.03500000014901161,0.9350000023841858,0.029999999329447746,0.03500000014901161,0.9350000023841858,0.029999999329447746,0.03500000014901161,0.9350000023841858,0.029999999329447746,0.0,0.0,0.0,0.0,0.0,0.0
529,-211.08400000000006,0.0,0.9300000071525574,0.029999999329447746,0.03999999910593033,0.9399999976158142,0.029999999329447746,0.029999999329447746,0.9399999976158142,0.029999999329447746,0.029999999329447746,0.0,0.0,0.0,0.0,0.0,0.0
530,-91.44966666666662,0.0,0.054999999701976776,0.8899999856948853,0.054999999701976776,0.07000000029802322,0.8999999761581421,0.029999999329447746,0.8849999904632568,0.03999999910593033,0.07500000298023224,0.0,0.0,0.0,0.0,0.0,0.0
531,-75.46166666666667,0.0,0.05999999865889549,0.8949999809265137,0.04500000178813934,0.8899999856948853,0.07999999821186066,0.029999999329447746,0.8949999809265137,0.03999999910593033,0.06499999761581421,0.0,0.0,0.0,0.0,0.0,0.0
532,-29.265000000000004,0.0,0.03500000014901161,0.029999999329447746,0.9350000023841858,0.9399999976158142,0.029999999329447746,0.029999999329447746,0.9399999976158142,0.029999999329447746,0.029999999329447746,0.0,0.0,0.0,0.0,0.0,0.0
533,-35.70066666666667,0.0,0.03500000014901161,0.9350000023841858,0.029999999329447746,0.03500000014901161,0.9350000023841858,0.029999999329447746,0.03500000014901161,0.9300000071525574,0.03500000014901161,0.0,0.0,0.0,0.0,0.0,0.0
534,-378.25099999999986,0.0,0.03999999910593033,0.8899999856948853,0.07000000029802322,0.054999999701976776,0.9150000214576721,0.029999999329447746,0.8849999904632568,0.03999999910593033,0.07500000298023224,0.0,0.0,0.0,0.0,0.0,0.0
535,-52.925000000000026,0.0,0.9399999976158142,0.029999999329447746,0.029999999329447746,0.9399999976158142,0.029999999329447746,0.029999999329447746,0.9399999976158142,0.029999999329447746,0.029999999329447746,0.0,0.0,0.0,0.0,0.0,0.0
536,-464.3960000000002,0.0,0.03500000014901161,0.029999999329447746,0.9350000023841858,0.03500000014901161,0.03999999910593033,0.925000011920929,0.03500000014901161,0.9300000071525574,0.03500000014901161,0.0,0.0,0.0,0.0,0.0,0.0
537,-36.641999999999996,0.0,0.03500000014901161,0.029999999329447746,0.9350000023841858,0.9399999976158142,0.029999999329447746,0.029999999329447746,0.9399999976158142,0.029999999329447746,0.029999999329447746,0.0,0.0,0.0,0.0,0.0,0.0
538,-197.11366666666666,0.0,0.03999999910593033,0.07000000029802322,0.8899999856948853,0.054999999701976776,0.9100000262260437,0.03500000014901161,0.8899999856948853,0.03500000014901161,0.07500000298023224,0.0,0.0,0.0,0.0,0.0,0.0
539,-255.113,0.0,0.03500000014901161,0.9350000023841858,0.029999999329447746,0.9399999976158142,0.029999999329447746,0.029999999329447746,0.03500000014901161,0.9350000023841858,0.029999999329447746,0.0,0.0,0.0,0.0,0.0,0.0
540,-119.14700000000008,0.0,0.03999999910593033,0.9300000071525574,0.029999999329447746,0.03999999910593033,0.9300000071525574,0.029999999329447746,0.03500000014901161,0.925000011920929,0.03999999910593033,0.0,0.0,0.0,0.0,0.0,0.0
541,-131.76566666666668,0.0,0.03500000014901161,0.9350000023841858,0.029999999329447746,0.03500000014901161,0.9350000023841858,0.029999999329447746,0.03500000014901161,0.9350000023841858,0.029999999329447746,0.0,0.0,0.0,0.0,0.0,0.0
542,-92.11300000000003,0.0,0.03500000014901161,0.029999999329447746,0.9350000023841858,0.03500000014901161,0.9350000023841858,0.029999999329447746,0.03500000014901161,0.9350000023841858,0.029999999329447746,0.0,0.0,0.0,0.0,0.0,0.0
543,-121.31866666666663,0.0,0.03500000014901161,0.054999999701976776,0.9100000262260437,0.9100000262260437,0.05999999865889549,0.029999999329447746,0.9150000214576721,0.029999999329447746,0.054999999701976776,0.0,0.0,0.0,0.0,0.0,0.0
544,-118.25933333333325,0.0,0.03500000014901161,0.029999999329447746,0.9350000023841858,0.03500000014901161,0.029999999329447746,0.9350000023841858,0.03500000014901161,0.9350000023841858,0.029999999329447746,0.0,0.0,0.0,0.0,0.0,0.0
545,-41.21933333333333,0.0,0.03500000014901161,0.9350000023841858,0.029999999329447746,0.03500000014901161,0.9350000023841858,0.029999999329447746,0.03500000014901161,0.9350000023841858,0.029999999329447746,0.0,0.0,0.0,0.0,0.0,0.0
546,-97.53133333333331,0.0,0.03500000014901161,0.9350000023841858,0.029999999329447746,0.9100000262260437,0.05999999865889549,0.029999999329447746,0.9399999976158142,0.029999999329447746,0.029999999329447746,0.0,0.0,0.0,0.0,0.0,0.0
547,-202.2726666666667,0.0,0.9399999976158142,0.029999999329447746,0.029999999329447746,0.9399999976158142,0.029999999329447746,0.029999999329447746,0.9399999976158142,0.029999999329447746,0.029999999329447746,0.0,0.0,0.0,0.0,0.0,0.0
548,-57.91700000000002,0.0,0.03500000014901161,0.029999999329447746,0.9350000023841858,0.03999999910593033,0.9300000071525574,0.029999999329447746,0.03500000014901161,0.9350000023841858,0.029999999329447746,0.0,0.0,0.0,0.0,0.0,0.0
549,-307.8583333333334,0.0,0.03500000014901161,0.9350000023841858,0.029999999329447746,0.03500000014901161,0.9350000023841858,0.029999999329447746,0.03500000014901161,0.9350000023841858,0.029999999329447746,0.0,0.0,0.0,0.0,0.0,0.0
550,-372.28466666666674,0.0,0.03999999910593033,0.8849999904632568,0.07500000298023224,0.07999999821186066,0.8899999856948853,0.029999999329447746,0.8849999904632568,0.029999999329447746,0.08500000089406967,0.0,0.0,0.0,0.0,0.0,0.0
551,-188.36066666666665,0.0,0.05000000074505806,0.8849999904632568,0.06499999761581421,0.07000000029802322,0.8949999809265137,0.03500000014901161,0.8849999904632568,0.03999999910593033,0.07500000298023224,0.0,0.0,0.0,0.0,0.0,0.0
552,-168.51633333333336,0.0,0.05000000074505806,0.9200000166893005,0.029999999329447746,0.07999999821186066,0.8849999904632568,0.03500000014901161,0.9049999713897705,0.03500000014901161,0.05999999865889549,0.0,0.0,0.0,0.0,0.0,0.0
553,-39.26199999999999,0.0,0.03500000014901161,0.9350000023841858,0.029999999329447746,0.03500000014901161,0.9350000023841858,0.029999999329447746,0.03500000014901161,0.9350000023841858,0.029999999329447746,0.0,0.0,0.0,0.0,0.0,0.0
554,-268.532,0.0,0.03500000014901161,0.029999999329447746,0.9350000023841858,0.03500000014901161,0.03999999910593033,0.925000011920929,0.03500000014901161,0.029999999329447746,0.9350000023841858,0.0,0.0,0.0,0.0,0.0,0.0
555,-278.957,0.0,0.03500000014901161,0.9350000023841858,0.029999999329447746,0.03500000014901161,0.9350000023841858,0.029999999329447746,0.03500000014901161,0.9350000023841858,0.029999999329447746,0.0,0.0,0.0,0.0,0.0,0.0
556,-35.657,0.0,0.03500000014901161,0.9350000023841858,0.029999999329447746,0.03500000014901161,0.9350000023841858,0.029999999329447746,0.03500000014901161,0.9350000023841858,0.029999999329447746,0.0,0.0,0.0,0.0,0.0,0.0
557,-217.54033333333334,0.0,0.03500000014901161,0.9350000023841858,0.029999999329447746,0.03500000014901161,0.9350000023841858,0.029999999329447746,0.03500000014901161,0.9350000023841858,0.029999999329447746,0.0,0.0,0.0,0.0,0.0,0.0
558,-359.5653333333332,0.0,0.03500000014901161,0.9200000166893005,0.04500000178813934,0.05000000074505806,0.9200000166893005,0.029999999329447746,0.9150000214576721,0.03500000014901161,0.05000000074505806,0.0,0.0,0.0,0.0,0.0,0.0
559,-178.84166666666667,0.0,0.03500000014901161,0.9350000023841858,0.029999999329447746,0.04500000178813934,0.925000011920929,0.029999999329447746,0.03999999910593033,0.9300000071525574,0.029999999329447746,0.0,0.0,0.0,0.0,0.0,0.0
560,-314.3496666666665,0.0,0.03500000014901161,0.9350000023841858,0.029999999329447746,0.03999999910593033,0.9300000071525574,0.029999999329447746,0.03500000014901161,0.9350000023841858,0.029999999329447746,0.0,0.0,0.0,0.0,0.0,0.0
561,-74.65000000000002,0.0,0.04500000178813934,0.8999999761581421,0.054999999701976776,0.06499999761581421,0.8999999761581421,0.03500000014901161,0.8899999856948853,0.029999999329447746,0.07999999821186066,0.0,0.0,0.0,0.0,0.0,0.0
562,-40.78799999999999,0.0,0.03500000014901161,0.9350000023841858,0.029999999329447746,0.03500000014901161,0.9350000023841858,0.029999999329447746,0.9399999976158142,0.029999999329447746,0.029999999329447746,0.0,0.0,0.0,0.0,0.0,0.0
563,-199.03133333333332,0.0,0.03500000014901161,0.9350000023841858,0.029999999329447746,0.9399999976158142,0.029999999329447746,0.029999999329447746,0.9399999976158142,0.029999999329447746,0.029999999329447746,0.0,0.0,0.0,0.0,0.0,0.0
564,-59.70233333333336,0.0,0.03500000014901161,0.029999999329447746,0.9350000023841858,0.03500000014901161,0.029999999329447746,0.9350000023841858,0.03500000014901161,0.029999999329447746,0.9350000023841858,0.0,0.0,0.0,0.0,0.0,0.0
565,-43.121,0.0,0.03500000014901161,0.9350000023841858,0.029999999329447746,0.9200000166893005,0.05000000074505806,0.029999999329447746,0.03500000014901161,0.9350000023841858,0.029999999329447746,0.0,0.0,0.0,0.0,0.0,0.0
566,-51.83433333333329,0.0,0.03500000014901161,0.9350000023841858,0.029999999329447746,0.03500000014901161,0.9350000023841858,0.029999999329447746,0.03500000014901161,0.9350000023841858,0.029999999329447746,0.0,0.0,0.0,0.0,0.0,0.0
567,-63.506000000000014,0.0,0.03500000014901161,0.9300000071525574,0.03500000014901161,0.07000000029802322,0.8999999761581421,0.029999999329447746,0.9049999713897705,0.029999999329447746,0.06499999761581421,0.0,0.0,0.0,0.0,0.0,0.0
568,-134.6486666666666,0.0,0.03500000014901161,0.9350000023841858,0.029999999329447746,0.03500000014901161,0.9350000023841858,0.029999999329447746,0.03500000014901161,0.9350000023841858,0.029999999329447746,0.0,0.0,0.0,0.0,0.0,0.0
569,-94.25766666666674,0.0,0.03500000014901161,0.9350000023841858,0.029999999329447746,0.03999999910593033,0.9300000071525574,0.029999999329447746,0.9399999976158142,0.029999999329447746,0.029999999329447746,0.0,0.0,0.0,0.0,0.0,0.0
570,-46.55233333333331,0.0,0.03500000014901161,0.9350000023841858,0.029999999329447746,0.03999999910593033,0.9300000071525574,0.029999999329447746,0.03500000014901161,0.9350000023841858,0.029999999329447746,0.0,0.0,0.0,0.0,0.0,0.0
571,-44.102666666666664,0.0,0.03500000014901161,0.9350000023841858,0.029999999329447746,0.04500000178813934,0.925000011920929,0.029999999329447746,0.03500000014901161,0.9350000023841858,0.029999999329447746,0.0,0.0,0.0,0.0,0.0,0.0
572,-465.481,0.0,0.03500000014901161,0.9350000023841858,0.029999999329447746,0.03500000014901161,0.9350000023841858,0.029999999329447746,0.03500000014901161,0.9350000023841858,0.029999999329447746,0.0,0.0,0.0,0.0,0.0,0.0
573,-138.1873333333333,0.0,0.03999999910593033,0.9200000166893005,0.03999999910593033,0.054999999701976776,0.9150000214576721,0.029999999329447746,0.8999999761581421,0.03999999910593033,0.05999999865889549,0.0,0.0,0.0,0.0,0.0,0.0
574,-35.113333333333316,0.0,0.03500000014901161,0.9350000023841858,0.029999999329447746,0.03999999910593033,0.9300000071525574,0.029999999329447746,0.03500000014901161,0.9350000023841858,0.029999999329447746,0.0,0.0,0.0,0.0,0.0,0.0
575,-317.3426666666666,0.0,0.03500000014901161,0.9350000023841858,0.029999999329447746,0.03500000014901161,0.9350000023841858,0.029999999329447746,0.03500000014901161,0.9350000023841858,0.029999999329447746,0.0,0.0,0.0,0.0,0.0,0.0
576,-48.02566666666667,0.0,0.03500000014901161,0.9350000023841858,0.029999999329447746,0.04500000178813934,0.925000011920929,0.029999999329447746,0.03500000014901161,0.9300000071525574,0.03500000014901161,0.0,0.0,0.0,0.0,0.0,0.0
577,-295.3103333333334,0.0,0.03500000014901161,0.9350000023841858,0.029999999329447746,0.04500000178813934,0.925000011920929,0.029999999329447746,0.03500000014901161,0.9350000023841858,0.029999999329447746,0.0,0.0,0.0,0.0,0.0,0.0
578,-38.54066666666665,0.0,0.9399999976158142,0.029999999329447746,0.029999999329447746,0.9399999976158142,0.029999999329447746,0.029999999329447746,0.9399999976158142,0.029999999329447746,0.029999999329447746,0.0,0.0,0.0,0.0,0.0,0.0
579,-224.54699999999994,0.0,0.9399999976158142,0.029999999329447746,0.029999999329447746,0.9399999976158142,0.029999999329447746,0.029999999329447746,0.9399999976158142,0.029999999329447746,0.029999999329447746,0.0,0.0,0.0,0.0,0.0,0.0
580,-510.33666666666664,0.0,0.03500000014901161,0.029999999329447746,0.9350000023841858,0.03500000014901161,0.029999999329447746,0.9350000023841858,0.03500000014901161,0.9350000023841858,0.029999999329447746,0.0,0.0,0.0,0.0,0.0,0.0
581,-65.27799999999999,0.0,0.03999999910593033,0.9150000214576721,0.04500000178813934,0.07999999821186066,0.8849999904632568,0.03500000014901161,0.9100000262260437,0.05000000074505806,0.03999999910593033,0.0,0.0,0.0,0.0,0.0,0.0
582,-255.8556666666667,0.0,0.07999999821186066,0.8799999952316284,0.03999999910593033,0.07999999821186066,0.8899999856948853,0.029999999329447746,0.8849999904632568,0.054999999701976776,0.05999999865889549,0.0,0.0,0.0,0.0,0.0,0.0
583,-117.81133333333337,0.0,0.05000000074505806,0.03999999910593033,0.9100000262260437,0.05999999865889549,0.9049999713897705,0.03500000014901161,0.8949999809265137,0.04500000178813934,0.05999999865889549,0.0,0.0,0.0,0.0,0.0,0.0
584,-213.0396666666667,0.0,0.03500000014901161,0.9350000023841858,0.029999999329447746,0.03500000014901161,0.9350000023841858,0.029999999329447746,0.9399999976158142,0.029999999329447746,0.029999999329447746,0.0,0.0,0.0,0.0,0.0,0.0
585,-351.5143333333336,0.0,0.03999999910593033,0.9300000071525574,0.029999999329447746,0.03999999910593033,0.9300000071525574,0.029999999329447746,0.03999999910593033,0.9300000071525574,0.029999999329447746,0.0,0.0,0.0,0.0,0.0,0.0
586,-113.06299999999993,0.0,0.03500000014901161,0.9350000023841858,0.029999999329447746,0.03500000014901161,0.9350000023841858,0.029999999329447746,0.03500000014901161,0.9350000023841858,0.029999999329447746,0.0,0.0,0.0,0.0,0.0,0.0
587,-35.079333333333345,0.0,0.03500000014901161,0.029999999329447746,0.9350000023841858,0.03500000014901161,0.9350000023841858,0.029999999329447746,0.03500000014901161,0.9350000023841858,0.029999999329447746,0.0,0.0,0.0,0.0,0.0,0.0
588,-273.8966666666667,0.0,0.03500000014901161,0.029999999329447746,0.9350000023841858,0.03500000014901161,0.029999999329447746,0.9350000023841858,0.03500000014901161,0.9350000023841858,0.029999999329447746,0.0,0.0,0.0,0.0,0.0,0.0
589,-142.03300000000002,0.0,0.03999999910593033,0.054999999701976776,0.9049999713897705,0.06499999761581421,0.9049999713897705,0.029999999329447746,0.8999999761581421,0.03999999910593033,0.05999999865889549,0.0,0.0,0.0,0.0,0.0,0.0
590,-403.08399999999995,0.0,0.03500000014901161,0.9350000023841858,0.029999999329447746,0.03500000014901161,0.9350000023841858,0.029999999329447746,0.03500000014901161,0.9350000023841858,0.029999999329447746,0.0,0.0,0.0,0.0,0.0,0.0
591,-42.097666666666655,0.0,0.03500000014901161,0.9350000023841858,0.029999999329447746,0.03500000014901161,0.9350000023841858,0.029999999329447746,0.03500000014901161,0.9350000023841858,0.029999999329447746,0.0,0.0,0.0,0.0,0.0,0.0
592,-273.8703333333334,0.0,0.07000000029802322,0.8799999952316284,0.05000000074505806,0.09000000357627869,0.8799999952316284,0.029999999329447746,0.8849999904632568,0.06499999761581421,0.05000000074505806,0.0,0.0,0.0,0.0,0.0,0.0
593,-46.24833333333332,0.0,0.03500000014901161,0.9350000023841858,0.029999999329447746,0.03500000014901161,0.9350000023841858,0.029999999329447746,0.03500000014901161,0.9350000023841858,0.029999999329447746,0.0,0.0,0.0,0.0,0.0,0.0
594,-40.668333333333365,0.0,0.03500000014901161,0.9350000023841858,0.029999999329447746,0.03500000014901161,0.9350000023841858,0.029999999329447746,0.03500000014901161,0.9350000023841858,0.029999999329447746,0.0,0.0,0.0,0.0,0.0,0.0
595,-45.22166666666667,0.0,0.03999999910593033,0.9200000166893005,0.03999999910593033,0.05000000074505806,0.9200000166893005,0.029999999329447746,0.9200000166893005,0.03500000014901161,0.04500000178813934,0.0,0.0,0.0,0.0,0.0,0.0
596,-159.72033333333334,0.0,0.03500000014901161,0.9350000023841858,0.029999999329447746,0.03999999910593033,0.9300000071525574,0.029999999329447746,0.03500000014901161,0.9350000023841858,0.029999999329447746,0.0,0.0,0.0,0.0,0.0,0.0
597,-37.67366666666666,0.0,0.03500000014901161,0.9350000023841858,0.029999999329447746,0.03500000014901161,0.9350000023841858,0.029999999329447746,0.03500000014901161,0.9350000023841858,0.029999999329447746,0.0,0.0,0.0,0.0,0.0,0.0
598,-38.412,0.0,0.03500000014901161,0.029999999329447746,0.9350000023841858,0.03500000014901161,0.029999999329447746,0.9350000023841858,0.03500000014901161,0.9350000023841858,0.029999999329447746,0.0,0.0,0.0,0.0,0.0,0.0
599,-228.05200000000008,0.0,0.03500000014901161,0.029999999329447746,0.9350000023841858,0.03500000014901161,0.9350000023841858,0.029999999329447746,0.03500000014901161,0.9350000023841858,0.029999999329447746,0.0,0.0,0.0,0.0,0.0,0.0
600,-226.6613333333332,0.0,0.06499999761581421,0.8899999856948853,0.04500000178813934,0.08500000089406967,0.8849999904632568,0.029999999329447746,0.8849999904632568,0.054999999701976776,0.05999999865889549,0.0,0.0,0.0,0.0,0.0,0.0
601,-72.39000000000004,0.0,0.03500000014901161,0.925000011920929,0.03999999910593033,0.06499999761581421,0.9049999713897705,0.029999999329447746,0.9150000214576721,0.03999999910593033,0.04500000178813934,0.0,0.0,0.0,0.0,0.0,0.0
602,-248.28200000000004,0.0,0.03500000014901161,0.9350000023841858,0.029999999329447746,0.9399999976158142,0.029999999329447746,0.029999999329447746,0.9399999976158142,0.029999999329447746,0.029999999329447746,0.0,0.0,0.0,0.0,0.0,0.0
603,-65.90733333333334,0.0,0.03500000014901161,0.9350000023841858,0.029999999329447746,0.03500000014901161,0.9350000023841858,0.029999999329447746,0.03500000014901161,0.9350000023841858,0.029999999329447746,0.0,0.0,0.0,0.0,0.0,0.0
604,-52.130333333333326,0.0,0.03500000014901161,0.9350000023841858,0.029999999329447746,0.03500000014901161,0.9350000023841858,0.029999999329447746,0.03500000014901161,0.9350000023841858,0.029999999329447746,0.0,0.0,0.0,0.0,0.0,0.0
605,-279.8776666666667,0.0,0.03500000014901161,0.029999999329447746,0.9350000023841858,0.03500000014901161,0.029999999329447746,0.9350000023841858,0.03500000014901161,0.029999999329447746,0.9350000023841858,0.0,0.0,0.0,0.0,0.0,0.0
606,-47.63533333333336,0.0,0.03500000014901161,0.9350000023841858,0.029999999329447746,0.03500000014901161,0.9350000023841858,0.029999999329447746,0.03500000014901161,0.9350000023841858,0.029999999329447746,0.0,0.0,0.0,0.0,0.0,0.0
607,-159.356,0.0,0.03999999910593033,0.8899999856948853,0.07000000029802322,0.8949999809265137,0.07500000298023224,0.029999999329447746,0.8999999761581421,0.05999999865889549,0.03999999910593033,0.0,0.0,0.0,0.0,0.0,0.0
608,-233.0716666666666,0.0,0.03500000014901161,0.9350000023841858,0.029999999329447746,0.04500000178813934,0.925000011920929,0.029999999329447746,0.03500000014901161,0.9350000023841858,0.029999999329447746,0.0,0.0,0.0,0.0,0.0,0.0
609,-61.47866666666667,0.0,0.03500000014901161,0.9350000023841858,0.029999999329447746,0.9300000071525574,0.03999999910593033,0.029999999329447746,0.9399999976158142,0.029999999329447746,0.029999999329447746,0.0,0.0,0.0,0.0,0.0,0.0
610,-53.68800000000001,0.0,0.03500000014901161,0.9350000023841858,0.029999999329447746,0.03999999910593033,0.9300000071525574,0.029999999329447746,0.03500000014901161,0.9350000023841858,0.029999999329447746,0.0,0.0,0.0,0.0,0.0,0.0
611,-307.9883333333334,0.0,0.9399999976158142,0.029999999329447746,0.029999999329447746,0.9399999976158142,0.029999999329447746,0.029999999329447746,0.9399999976158142,0.029999999329447746,0.029999999329447746,0.0,0.0,0.0,0.0,0.0,0.0
612,-120.30000000000005,0.0,0.054999999701976776,0.8999999761581421,0.04500000178813934,0.07000000029802322,0.8949999809265137,0.03500000014901161,0.8849999904632568,0.07999999821186066,0.03500000014901161,0.0,0.0,0.0,0.0,0.0,0.0
613,-94.35300000000001,0.0,0.03500000014901161,0.029999999329447746,0.9350000023841858,0.03500000014901161,0.029999999329447746,0.9350000023841858,0.9399999976158142,0.029999999329447746,0.029999999329447746,0.0,0.0,0.0,0.0,0.0,0.0
614,-536.7470000000002,0.0,0.05000000074505806,0.8899999856948853,0.05999999865889549,0.09000000357627869,0.8799999952316284,0.029999999329447746,0.8849999904632568,0.07500000298023224,0.03999999910593033,0.0,0.0,0.0,0.0,0.0,0.0
615,-40.53600000000002,0.0,0.03500000014901161,0.9350000023841858,0.029999999329447746,0.03500000014901161,0.029999999329447746,0.9350000023841858,0.9399999976158142,0.029999999329447746,0.029999999329447746,0.0,0.0,0.0,0.0,0.0,0.0
616,-23.889333333333315,0.0,0.03500000014901161,0.9350000023841858,0.029999999329447746,0.03500000014901161,0.9350000023841858,0.029999999329447746,0.03500000014901161,0.9350000023841858,0.029999999329447746,0.0,0.0,0.0,0.0,0.0,0.0
617,-64.46633333333335,0.0,0.03500000014901161,0.9350000023841858,0.029999999329447746,0.9300000071525574,0.03999999910593033,0.029999999329447746,0.03500000014901161,0.9350000023841858,0.029999999329447746,0.0,0.0,0.0,0.0,0.0,0.0
618,-238.1203333333334,0.0,0.03500000014901161,0.9350000023841858,0.029999999329447746,0.03500000014901161,0.9350000023841858,0.029999999329447746,0.9399999976158142,0.029999999329447746,0.029999999329447746,0.0,0.0,0.0,0.0,0.0,0.0
619,-50.8413333333333,0.0,0.03500000014901161,0.9350000023841858,0.029999999329447746,0.05000000074505806,0.9200000166893005,0.029999999329447746,0.03500000014901161,0.9350000023841858,0.029999999329447746,0.0,0.0,0.0,0.0,0.0,0.0
620,-162.51699999999994,0.0,0.03999999910593033,0.9150000214576721,0.04500000178813934,0.08500000089406967,0.8849999904632568,0.029999999329447746,0.9150000214576721,0.05000000074505806,0.03500000014901161,0.0,0.0,0.0,0.0,0.0,0.0
621,-44.63433333333335,0.0,0.03500000014901161,0.9350000023841858,0.029999999329447746,0.03999999910593033,0.925000011920929,0.03500000014901161,0.03999999910593033,0.9300000071525574,0.029999999329447746,0.0,0.0,0.0,0.0,0.0,0.0
622,-178.9,0.0,0.03500000014901161,0.9350000023841858,0.029999999329447746,0.04500000178813934,0.9200000166893005,0.03500000014901161,0.8999999761581421,0.07000000029802322,0.029999999329447746,0.0,0.0,0.0,0.0,0.0,0.0
623,-270.01899999999995,0.0,0.04500000178813934,0.8799999952316284,0.07500000298023224,0.08500000089406967,0.8849999904632568,0.029999999329447746,0.8849999904632568,0.07500000298023224,0.03999999910593033,0.0,0.0,0.0,0.0,0.0,0.0
624,-160.107,0.0,0.03500000014901161,0.9350000023841858,0.029999999329447746,0.03500000014901161,0.9350000023841858,0.029999999329447746,0.03500000014901161,0.9350000023841858,0.029999999329447746,0.0,0.0,0.0,0.0,0.0,0.0
625,-27.773333333333344,0.0,0.03500000014901161,0.9350000023841858,0.029999999329447746,0.03500000014901161,0.9350000023841858,0.029999999329447746,0.03500000014901161,0.9350000023841858,0.029999999329447746,0.0,0.0,0.0,0.0,0.0,0.0
626,-33.077000000000005,0.0,0.03500000014901161,0.9350000023841858,0.029999999329447746,0.03500000014901161,0.9350000023841858,0.029999999329447746,0.03500000014901161,0.9350000023841858,0.029999999329447746,0.0,0.0,0.0,0.0,0.0,0.0
627,-243.57199999999986,0.0,0.03500000014901161,0.9350000023841858,0.029999999329447746,0.03500000014901161,0.9350000023841858,0.029999999329447746,0.03500000014901161,0.9350000023841858,0.029999999329447746,0.0,0.0,0.0,0.0,0.0,0.0
628,-19.231666666666644,0.0,0.03500000014901161,0.029999999329447746,0.9350000023841858,0.03500000014901161,0.029999999329447746,0.9350000023841858,0.03500000014901161,0.029999999329447746,0.9350000023841858,0.0,0.0,0.0,0.0,0.0,0.0
629,-40.14933333333331,0.0,0.03500000014901161,0.9350000023841858,0.029999999329447746,0.03999999910593033,0.9300000071525574,0.029999999329447746,0.03500000014901161,0.9350000023841858,0.029999999329447746,0.0,0.0,0.0,0.0,0.0,0.0
630,-195.38033333333323,0.0,0.03500000014901161,0.9350000023841858,0.029999999329447746,0.03500000014901161,0.9350000023841858,0.029999999329447746,0.03500000014901161,0.9350000023841858,0.029999999329447746,0.0,0.0,0.0,0.0,0.0,0.0
631,-46.38733333333334,0.0,0.03500000014901161,0.029999999329447746,0.9350000023841858,0.03500000014901161,0.9350000023841858,0.029999999329447746,0.03500000014901161,0.9350000023841858,0.029999999329447746,0.0,0.0,0.0,0.0,0.0,0.0
632,-58.840666666666664,0.0,0.03500000014901161,0.9350000023841858,0.029999999329447746,0.05000000074505806,0.9200000166893005,0.029999999329447746,0.03500000014901161,0.9350000023841858,0.029999999329447746,0.0,0.0,0.0,0.0,0.0,0.0
633,-215.98933333333338,0.0,0.03500000014901161,0.9350000023841858,0.029999999329447746,0.03500000014901161,0.03999999910593033,0.925000011920929,0.03500000014901161,0.9350000023841858,0.029999999329447746,0.0,0.0,0.0,0.0,0.0,0.0
634,-195.92866666666666,0.0,0.03500000014901161,0.9350000023841858,0.029999999329447746,0.03500000014901161,0.9350000023841858,0.029999999329447746,0.03500000014901161,0.9350000023841858,0.029999999329447746,0.0,0.0,0.0,0.0,0.0,0.0
635,-320.8766666666666,0.0,0.03500000014901161,0.9350000023841858,0.029999999329447746,0.03500000014901161,0.9350000023841858,0.029999999329447746,0.03500000014901161,0.9350000023841858,0.029999999329447746,0.0,0.0,0.0,0.0,0.0,0.0
636,-258.61566666666664,0.0,0.06499999761581421,0.8799999952316284,0.054999999701976776,0.09000000357627869,0.8799999952316284,0.029999999329447746,0.8799999952316284,0.09000000357627869,0.029999999329447746,0.0,0.0,0.0,0.0,0.0,0.0
637,-303.62899999999996,0.0,0.06499999761581421,0.8799999952316284,0.054999999701976776,0.07000000029802322,0.8949999809265137,0.03500000014901161,0.8799999952316284,0.09000000357627869,0.029999999329447746,0.0,0.0,0.0,0.0,0.0,0.0
638,-165.39166666666668,0.0,0.07000000029802322,0.8949999809265137,0.03500000014901161,0.07000000029802322,0.8999999761581421,0.029999999329447746,0.8999999761581421,0.07000000029802322,0.029999999329447746,0.0,0.0,0.0,0.0,0.0,0.0
639,-135.95300000000003,0.0,0.03500000014901161,0.9350000023841858,0.029999999329447746,0.03500000014901161,0.9350000023841858,0.029999999329447746,0.03500000014901161,0.9350000023841858,0.029999999329447746,0.0,0.0,0.0,0.0,0.0,0.0
640,-219.36666666666665,0.0,0.03500000014901161,0.9350000023841858,0.029999999329447746,0.03500000014901161,0.9350000023841858,0.029999999329447746,0.03500000014901161,0.9350000023841858,0.029999999329447746,0.0,0.0,0.0,0.0,0.0,0.0
641,-78.5713333333333,0.0,0.03500000014901161,0.9350000023841858,0.029999999329447746,0.03500000014901161,0.9350000023841858,0.029999999329447746,0.9399999976158142,0.029999999329447746,0.029999999329447746,0.0,0.0,0.0,0.0,0.0,0.0
642,-35.88500000000001,0.0,0.03500000014901161,0.9350000023841858,0.029999999329447746,0.03500000014901161,0.9350000023841858,0.029999999329447746,0.03500000014901161,0.9350000023841858,0.029999999329447746,0.0,0.0,0.0,0.0,0.0,0.0
643,-28.068666666666658,0.0,0.03500000014901161,0.9350000023841858,0.029999999329447746,0.03500000014901161,0.9350000023841858,0.029999999329447746,0.03500000014901161,0.9350000023841858,0.029999999329447746,0.0,0.0,0.0,0.0,0.0,0.0
644,-259.906,0.0,0.03500000014901161,0.9350000023841858,0.029999999329447746,0.03999999910593033,0.9300000071525574,0.029999999329447746,0.03500000014901161,0.9350000023841858,0.029999999329447746,0.0,0.0,0.0,0.0,0.0,0.0
645,-39.311000000000014,0.0,0.03500000014901161,0.9350000023841858,0.029999999329447746,0.03500000014901161,0.9350000023841858,0.029999999329447746,0.03500000014901161,0.9350000023841858,0.029999999329447746,0.0,0.0,0.0,0.0,0.0,0.0
646,-140.24266666666674,0.0,0.03500000014901161,0.9350000023841858,0.029999999329447746,0.03500000014901161,0.9350000023841858,0.029999999329447746,0.03500000014901161,0.9350000023841858,0.029999999329447746,0.0,0.0,0.0,0.0,0.0,0.0
647,-181.28600000000006,0.0,0.07500000298023224,0.8799999952316284,0.04500000178813934,0.07500000298023224,0.8949999809265137,0.029999999329447746,0.8849999904632568,0.08500000089406967,0.029999999329447746,0.0,0.0,0.0,0.0,0.0,0.0
648,-158.2926666666667,0.0,0.03500000014901161,0.9350000023841858,0.029999999329447746,0.03500000014901161,0.9350000023841858,0.029999999329447746,0.03500000014901161,0.9350000023841858,0.029999999329447746,0.0,0.0,0.0,0.0,0.0,0.0
649,-48.61266666666668,0.0,0.03500000014901161,0.9350000023841858,0.029999999329447746,0.03500000014901161,0.9350000023841858,0.029999999329447746,0.03500000014901161,0.9350000023841858,0.029999999329447746,0.0,0.0,0.0,0.0,0.0,0.0
