episode,reward,service_level,agent0_rule0,agent0_rule1,agent0_rule2,agent1_rule0,agent1_rule1,agent1_rule2,agent2_rule0,agent2_rule1,agent2_rule2,agent0_order_variance,agent1_order_variance,agent2_order_variance,agent0_bullwhip,agent1_bullwhip,agent2_bullwhip
0,-282.5733333333334,0.0,0.03500000014901161,0.9350000023841858,0.029999999329447746,0.03500000014901161,0.9350000023841858,0.029999999329447746,0.9300000071525574,0.03500000014901161,0.03500000014901161,0.0,0.0,0.0,0.0,0.0,0.0
1,-70.96699999999997,0.0,0.03500000014901161,0.9350000023841858,0.029999999329447746,0.03500000014901161,0.925000011920929,0.03999999910593033,0.03500000014901161,0.9350000023841858,0.029999999329447746,0.0,0.0,0.0,0.0,0.0,0.0
2,-281.9333333333333,0.0,0.07999999821186066,0.8799999952316284,0.03999999910593033,0.06499999761581421,0.8799999952316284,0.054999999701976776,0.8849999904632568,0.07000000029802322,0.04500000178813934,0.0,0.0,0.0,0.0,0.0,0.0
3,-40.42666666666667,0.0,0.9399999976158142,0.029999999329447746,0.029999999329447746,0.9399999976158142,0.029999999329447746,0.029999999329447746,0.9399999976158142,0.029999999329447746,0.029999999329447746,0.0,0.0,0.0,0.0,0.0,0.0
4,-214.15066666666652,0.0,0.03500000014901161,0.9350000023841858,0.029999999329447746,0.03500000014901161,0.9350000023841858,0.029999999329447746,0.9399999976158142,0.029999999329447746,0.029999999329447746,0.0,0.0,0.0,0.0,0.0,0.0
5,-158.48466666666673,0.0,0.03500000014901161,0.9350000023841858,0.029999999329447746,0.03500000014901161,0.9300000071525574,0.03500000014901161,0.03500000014901161,0.9350000023841858,0.029999999329447746,0.0,0.0,0.0,0.0,0.0,0.0
6,-30.00266666666669,0.0,0.03500000014901161,0.9350000023841858,0.029999999329447746,0.03500000014901161,0.9350000023841858,0.029999999329447746,0.03500000014901161,0.9350000023841858,0.029999999329447746,0.0,0.0,0.0,0.0,0.0,0.0
7,-179.46833333333333,0.0,0.07500000298023224,0.8849999904632568,0.03999999910593033,0.05999999865889549,0.8799999952316284,0.05999999865889549,0.8849999904632568,0.04500000178813934,0.07000000029802322,0.0,0.0,0.0,0.0,0.0,0.0
8,-155.74566666666664,0.0,0.9399999976158142,0.029999999329447746,0.029999999329447746,0.9399999976158142,0.029999999329447746,0.029999999329447746,0.9399999976158142,0.029999999329447746,0.029999999329447746,0.0,0.0,0.0,0.0,0.0,0.0
9,-254.43899999999994,0.0,0.054999999701976776,0.9049999713897705,0.03999999910593033,0.05999999865889549,0.8899999856948853,0.05000000074505806,0.8949999809265137,0.03999999910593033,0.06499999761581421,0.0,0.0,0.0,0.0,0.0,0.0
10,-48.165333333333294,0.0,0.03500000014901161,0.9350000023841858,0.029999999329447746,0.03500000014901161,0.9300000071525574,0.03500000014901161,0.03500000014901161,0.9350000023841858,0.029999999329447746,0.0,0.0,0.0,0.0,0.0,0.0
11,-98.05066666666671,0.0,0.054999999701976776,0.8899999856948853,0.054999999701976776,0.8899999856948853,0.05999999865889549,0.05000000074505806,0.8949999809265137,0.04500000178813934,0.05999999865889549,0.0,0.0,0.0,0.0,0.0,0.0
12,-254.1066666666666,0.0,0.03500000014901161,0.9350000023841858,0.029999999329447746,0.03500000014901161,0.925000011920929,0.03999999910593033,0.03500000014901161,0.9350000023841858,0.029999999329447746,0.0,0.0,0.0,0.0,0.0,0.0
13,-235.6779999999999,0.0,0.03500000014901161,0.029999999329447746,0.9350000023841858,0.03500000014901161,0.9350000023841858,0.029999999329447746,0.9399999976158142,0.029999999329447746,0.029999999329447746,0.0,0.0,0.0,0.0,0.0,0.0
14,-50.925666666666636,0.0,0.03500000014901161,0.9350000023841858,0.029999999329447746,0.03999999910593033,0.9300000071525574,0.029999999329447746,0.03500000014901161,0.9350000023841858,0.029999999329447746,0.0,0.0,0.0,0.0,0.0,0.0
15,-81.47966666666669,0.0,0.03500000014901161,0.9350000023841858,0.029999999329447746,0.03500000014901161,0.9300000071525574,0.03500000014901161,0.03500000014901161,0.9350000023841858,0.029999999329447746,0.0,0.0,0.0,0.0,0.0,0.0
16,-44.61766666666664,0.0,0.03500000014901161,0.9350000023841858,0.029999999329447746,0.03500000014901161,0.9350000023841858,0.029999999329447746,0.03500000014901161,0.9350000023841858,0.029999999329447746,0.0,0.0,0.0,0.0,0.0,0.0
17,-94.02799999999999,0.0,0.03500000014901161,0.9350000023841858,0.029999999329447746,0.03500000014901161,0.9350000023841858,0.029999999329447746,0.03500000014901161,0.9350000023841858,0.029999999329447746,0.0,0.0,0.0,0.0,0.0,0.0
18,-64.39299999999999,0.0,0.03500000014901161,0.9350000023841858,0.029999999329447746,0.03500000014901161,0.9350000023841858,0.029999999329447746,0.03500000014901161,0.9350000023841858,0.029999999329447746,0.0,0.0,0.0,0.0,0.0,0.0
19,-167.5300000000001,0.0,0.05999999865889549,0.9049999713897705,0.03500000014901161,0.054999999701976776,0.8949999809265137,0.05000000074505806,0.8949999809265137,0.029999999329447746,0.07500000298023224,0.0,0.0,0.0,0.0,0.0,0.0
20,-121.36633333333334,0.0,0.06499999761581421,0.9049999713897705,0.029999999329447746,0.054999999701976776,0.8999999761581421,0.04500000178813934,0.8999999761581421,0.05000000074505806,0.05000000074505806,0.0,0.0,0.0,0.0,0.0,0.0
21,-108.28966666666668,0.0,0.03500000014901161,0.9350000023841858,0.029999999329447746,0.03500000014901161,0.9300000071525574,0.03500000014901161,0.03500000014901161,0.9350000023841858,0.029999999329447746,0.0,0.0,0.0,0.0,0.0,0.0
22,-176.534,0.0,0.03500000014901161,0.9350000023841858,0.029999999329447746,0.03999999910593033,0.925000011920929,0.03500000014901161,0.03500000014901161,0.9350000023841858,0.029999999329447746,0.0,0.0,0.0,0.0,0.0,0.0
23,-267.429,0.0,0.03500000014901161,0.9350000023841858,0.029999999329447746,0.03500000014901161,0.9350000023841858,0.029999999329447746,0.03500000014901161,0.9350000023841858,0.029999999329447746,0.0,0.0,0.0,0.0,0.0,0.0
24,-34.06300000000002,0.0,0.03500000014901161,0.9350000023841858,0.029999999329447746,0.05000000074505806,0.9200000166893005,0.029999999329447746,0.03500000014901161,0.9350000023841858,0.029999999329447746,0.0,0.0,0.0,0.0,0.0,0.0
25,-48.42199999999998,0.0,0.03500000014901161,0.9350000023841858,0.029999999329447746,0.04500000178813934,0.925000011920929,0.029999999329447746,0.9300000071525574,0.029999999329447746,0.03999999910593033,0.0,0.0,0.0,0.0,0.0,0.0
26,-57.664666666666655,0.0,0.03500000014901161,0.9350000023841858,0.029999999329447746,0.03500000014901161,0.9350000023841858,0.029999999329447746,0.9399999976158142,0.029999999329447746,0.029999999329447746,0.0,0.0,0.0,0.0,0.0,0.0
27,-253.03400000000013,0.0,0.07500000298023224,0.8899999856948853,0.03500000014901161,0.07500000298023224,0.8899999856948853,0.03500000014901161,0.8949999809265137,0.029999999329447746,0.07500000298023224,0.0,0.0,0.0,0.0,0.0,0.0
28,-41.124333333333354,0.0,0.03500000014901161,0.9350000023841858,0.029999999329447746,0.03500000014901161,0.9350000023841858,0.029999999329447746,0.9350000023841858,0.029999999329447746,0.03500000014901161,0.0,0.0,0.0,0.0,0.0,0.0
29,-349.1489999999999,0.0,0.03500000014901161,0.9350000023841858,0.029999999329447746,0.054999999701976776,0.9150000214576721,0.029999999329447746,0.03500000014901161,0.9350000023841858,0.029999999329447746,0.0,0.0,0.0,0.0,0.0,0.0
30,-41.773999999999994,0.0,0.03500000014901161,0.9350000023841858,0.029999999329447746,0.03500000014901161,0.9350000023841858,0.029999999329447746,0.03500000014901161,0.9350000023841858,0.029999999329447746,0.0,0.0,0.0,0.0,0.0,0.0
31,-191.06000000000003,0.0,0.06499999761581421,0.8949999809265137,0.03999999910593033,0.07999999821186066,0.8849999904632568,0.03500000014901161,0.8899999856948853,0.05000000074505806,0.05999999865889549,0.0,0.0,0.0,0.0,0.0,0.0
32,-241.3896666666668,0.0,0.07000000029802322,0.8999999761581421,0.029999999329447746,0.9049999713897705,0.04500000178813934,0.05000000074505806,0.9049999713897705,0.03500000014901161,0.05999999865889549,0.0,0.0,0.0,0.0,0.0,0.0
33,-311.05833333333334,0.0,0.03500000014901161,0.029999999329447746,0.9350000023841858,0.04500000178813934,0.925000011920929,0.029999999329447746,0.03500000014901161,0.9350000023841858,0.029999999329447746,0.0,0.0,0.0,0.0,0.0,0.0
34,-248.2366666666667,0.0,0.05999999865889549,0.8999999761581421,0.03999999910593033,0.05999999865889549,0.8999999761581421,0.03999999910593033,0.9049999713897705,0.03500000014901161,0.05999999865889549,0.0,0.0,0.0,0.0,0.0,0.0
35,-76.11933333333336,0.0,0.03500000014901161,0.9350000023841858,0.029999999329447746,0.9399999976158142,0.029999999329447746,0.029999999329447746,0.9399999976158142,0.029999999329447746,0.029999999329447746,0.0,0.0,0.0,0.0,0.0,0.0
36,-45.19866666666669,0.0,0.03500000014901161,0.9350000023841858,0.029999999329447746,0.04500000178813934,0.9200000166893005,0.03500000014901161,0.03500000014901161,0.9350000023841858,0.029999999329447746,0.0,0.0,0.0,0.0,0.0,0.0
37,-44.47200000000001,0.0,0.03500000014901161,0.9350000023841858,0.029999999329447746,0.05000000074505806,0.9200000166893005,0.029999999329447746,0.03500000014901161,0.9350000023841858,0.029999999329447746,0.0,0.0,0.0,0.0,0.0,0.0
38,-103.72400000000003,0.0,0.03500000014901161,0.9350000023841858,0.029999999329447746,0.03500000014901161,0.9350000023841858,0.029999999329447746,0.03500000014901161,0.9350000023841858,0.029999999329447746,0.0,0.0,0.0,0.0,0.0,0.0
39,-35.38766666666666,0.0,0.03500000014901161,0.9350000023841858,0.029999999329447746,0.03500000014901161,0.9350000023841858,0.029999999329447746,0.9350000023841858,0.029999999329447746,0.03500000014901161,0.0,0.0,0.0,0.0,0.0,0.0
40,-45.054,0.0,0.03500000014901161,0.9350000023841858,0.029999999329447746,0.04500000178813934,0.9200000166893005,0.03500000014901161,0.03500000014901161,0.9350000023841858,0.029999999329447746,0.0,0.0,0.0,0.0,0.0,0.0
41,-117.88599999999991,0.0,0.03500000014901161,0.029999999329447746,0.9350000023841858,0.03500000014901161,0.9350000023841858,0.029999999329447746,0.03500000014901161,0.9350000023841858,0.029999999329447746,0.0,0.0,0.0,0.0,0.0,0.0
42,-360.3413333333334,0.0,0.03500000014901161,0.9350000023841858,0.029999999329447746,0.03500000014901161,0.029999999329447746,0.9350000023841858,0.03500000014901161,0.9350000023841858,0.029999999329447746,0.0,0.0,0.0,0.0,0.0,0.0
43,-34.547999999999995,0.0,0.03500000014901161,0.9350000023841858,0.029999999329447746,0.03999999910593033,0.9300000071525574,0.029999999329447746,0.03500000014901161,0.9350000023841858,0.029999999329447746,0.0,0.0,0.0,0.0,0.0,0.0
44,-472.96533333333326,0.0,0.9399999976158142,0.029999999329447746,0.029999999329447746,0.9399999976158142,0.029999999329447746,0.029999999329447746,0.9399999976158142,0.029999999329447746,0.029999999329447746,0.0,0.0,0.0,0.0,0.0,0.0
45,-48.9456666666667,0.0,0.03500000014901161,0.9350000023841858,0.029999999329447746,0.03500000014901161,0.9350000023841858,0.029999999329447746,0.03500000014901161,0.9350000023841858,0.029999999329447746,0.0,0.0,0.0,0.0,0.0,0.0
46,-57.09000000000001,0.0,0.03500000014901161,0.9350000023841858,0.029999999329447746,0.03999999910593033,0.9300000071525574,0.029999999329447746,0.9399999976158142,0.029999999329447746,0.029999999329447746,0.0,0.0,0.0,0.0,0.0,0.0
47,-139.82133333333329,0.0,0.03500000014901161,0.9350000023841858,0.029999999329447746,0.9399999976158142,0.029999999329447746,0.029999999329447746,0.9399999976158142,0.029999999329447746,0.029999999329447746,0.0,0.0,0.0,0.0,0.0,0.0
48,-220.2256666666666,0.0,0.03500000014901161,0.9350000023841858,0.029999999329447746,0.03500000014901161,0.9350000023841858,0.029999999329447746,0.9399999976158142,0.029999999329447746,0.029999999329447746,0.0,0.0,0.0,0.0,0.0,0.0
49,-34.75633333333332,0.0,0.03500000014901161,0.029999999329447746,0.9350000023841858,0.04500000178813934,0.029999999329447746,0.925000011920929,0.03500000014901161,0.029999999329447746,0.9350000023841858,0.0,0.0,0.0,0.0,0.0,0.0
50,-326.97333333333324,0.0,0.03500000014901161,0.9350000023841858,0.029999999329447746,0.03500000014901161,0.029999999329447746,0.9350000023841858,0.03500000014901161,0.029999999329447746,0.9350000023841858,0.0,0.0,0.0,0.0,0.0,0.0
51,-35.573,0.0,0.03500000014901161,0.9350000023841858,0.029999999329447746,0.03999999910593033,0.9300000071525574,0.029999999329447746,0.03500000014901161,0.9350000023841858,0.029999999329447746,0.0,0.0,0.0,0.0,0.0,0.0
52,-334.7963333333334,0.0,0.03500000014901161,0.9350000023841858,0.029999999329447746,0.9399999976158142,0.029999999329447746,0.029999999329447746,0.9399999976158142,0.029999999329447746,0.029999999329447746,0.0,0.0,0.0,0.0,0.0,0.0
53,-468.85533333333325,0.0,0.03999999910593033,0.8849999904632568,0.07500000298023224,0.09000000357627869,0.8799999952316284,0.029999999329447746,0.8849999904632568,0.04500000178813934,0.07000000029802322,0.0,0.0,0.0,0.0,0.0,0.0
54,-66.42933333333337,0.0,0.03500000014901161,0.9350000023841858,0.029999999329447746,0.03500000014901161,0.9350000023841858,0.029999999329447746,0.03500000014901161,0.9350000023841858,0.029999999329447746,0.0,0.0,0.0,0.0,0.0,0.0
55,-80.14866666666667,0.0,0.03500000014901161,0.9350000023841858,0.029999999329447746,0.03999999910593033,0.9300000071525574,0.029999999329447746,0.03500000014901161,0.9350000023841858,0.029999999329447746,0.0,0.0,0.0,0.0,0.0,0.0
56,-227.19400000000005,0.0,0.03500000014901161,0.9350000023841858,0.029999999329447746,0.03500000014901161,0.9350000023841858,0.029999999329447746,0.03500000014901161,0.9350000023841858,0.029999999329447746,0.0,0.0,0.0,0.0,0.0,0.0
57,-421.307,0.0,0.03500000014901161,0.9350000023841858,0.029999999329447746,0.9399999976158142,0.029999999329447746,0.029999999329447746,0.9399999976158142,0.029999999329447746,0.029999999329447746,0.0,0.0,0.0,0.0,0.0,0.0
58,-122.68400000000003,0.0,0.9399999976158142,0.029999999329447746,0.029999999329447746,0.9399999976158142,0.029999999329447746,0.029999999329447746,0.9399999976158142,0.029999999329447746,0.029999999329447746,0.0,0.0,0.0,0.0,0.0,0.0
59,-309.83666666666676,0.0,0.03500000014901161,0.029999999329447746,0.9350000023841858,0.03500000014901161,0.029999999329447746,0.9350000023841858,0.03500000014901161,0.9350000023841858,0.029999999329447746,0.0,0.0,0.0,0.0,0.0,0.0
60,-244.13933333333335,0.0,0.03500000014901161,0.029999999329447746,0.9350000023841858,0.03500000014901161,0.9350000023841858,0.029999999329447746,0.03500000014901161,0.9350000023841858,0.029999999329447746,0.0,0.0,0.0,0.0,0.0,0.0
61,-121.83666666666666,0.0,0.03500000014901161,0.9350000023841858,0.029999999329447746,0.03500000014901161,0.9350000023841858,0.029999999329447746,0.03500000014901161,0.9350000023841858,0.029999999329447746,0.0,0.0,0.0,0.0,0.0,0.0
62,-163.72866666666675,0.0,0.03500000014901161,0.9350000023841858,0.029999999329447746,0.03999999910593033,0.925000011920929,0.03500000014901161,0.03500000014901161,0.9300000071525574,0.03500000014901161,0.0,0.0,0.0,0.0,0.0,0.0
63,-31.784666666666666,0.0,0.03500000014901161,0.9350000023841858,0.029999999329447746,0.03500000014901161,0.9350000023841858,0.029999999329447746,0.9399999976158142,0.029999999329447746,0.029999999329447746,0.0,0.0,0.0,0.0,0.0,0.0
64,-91.44066666666667,0.0,0.03500000014901161,0.9200000166893005,0.04500000178813934,0.054999999701976776,0.9150000214576721,0.029999999329447746,0.9100000262260437,0.03999999910593033,0.05000000074505806,0.0,0.0,0.0,0.0,0.0,0.0
65,-45.636999999999986,0.0,0.03500000014901161,0.9350000023841858,0.029999999329447746,0.04500000178813934,0.925000011920929,0.029999999329447746,0.9150000214576721,0.03999999910593033,0.04500000178813934,0.0,0.0,0.0,0.0,0.0,0.0
66,-82.71999999999998,0.0,0.03500000014901161,0.9350000023841858,0.029999999329447746,0.03500000014901161,0.9350000023841858,0.029999999329447746,0.9399999976158142,0.029999999329447746,0.029999999329447746,0.0,0.0,0.0,0.0,0.0,0.0
67,-216.65033333333332,0.0,0.03999999910593033,0.8949999809265137,0.06499999761581421,0.07999999821186066,0.8899999856948853,0.029999999329447746,0.8899999856948853,0.05999999865889549,0.05000000074505806,0.0,0.0,0.0,0.0,0.0,0.0
68,-180.10733333333334,0.0,0.03500000014901161,0.9350000023841858,0.029999999329447746,0.03999999910593033,0.925000011920929,0.03500000014901161,0.03500000014901161,0.9300000071525574,0.03500000014901161,0.0,0.0,0.0,0.0,0.0,0.0
69,-199.79433333333319,0.0,0.03500000014901161,0.9350000023841858,0.029999999329447746,0.9399999976158142,0.029999999329447746,0.029999999329447746,0.9399999976158142,0.029999999329447746,0.029999999329447746,0.0,0.0,0.0,0.0,0.0,0.0
70,-53.06799999999999,0.0,0.03500000014901161,0.9350000023841858,0.029999999329447746,0.03500000014901161,0.9350000023841858,0.029999999329447746,0.9399999976158142,0.029999999329447746,0.029999999329447746,0.0,0.0,0.0,0.0,0.0,0.0
71,-316.95000000000005,0.0,0.03500000014901161,0.9350000023841858,0.029999999329447746,0.03999999910593033,0.9300000071525574,0.029999999329447746,0.03500000014901161,0.9350000023841858,0.029999999329447746,0.0,0.0,0.0,0.0,0.0,0.0
72,-220.28333333333333,0.0,0.03500000014901161,0.9350000023841858,0.029999999329447746,0.03500000014901161,0.9350000023841858,0.029999999329447746,0.03500000014901161,0.9350000023841858,0.029999999329447746,0.0,0.0,0.0,0.0,0.0,0.0
73,-61.920666666666655,0.0,0.9399999976158142,0.029999999329447746,0.029999999329447746,0.9399999976158142,0.029999999329447746,0.029999999329447746,0.9399999976158142,0.029999999329447746,0.029999999329447746,0.0,0.0,0.0,0.0,0.0,0.0
74,-48.877999999999986,0.0,0.03500000014901161,0.9350000023841858,0.029999999329447746,0.04500000178813934,0.925000011920929,0.029999999329447746,0.03500000014901161,0.9350000023841858,0.029999999329447746,0.0,0.0,0.0,0.0,0.0,0.0
75,-155.75333333333327,0.0,0.03500000014901161,0.9200000166893005,0.04500000178813934,0.05999999865889549,0.9049999713897705,0.03500000014901161,0.9049999713897705,0.04500000178813934,0.05000000074505806,0.0,0.0,0.0,0.0,0.0,0.0
76,-122.03999999999996,0.0,0.03500000014901161,0.9350000023841858,0.029999999329447746,0.04500000178813934,0.9200000166893005,0.03500000014901161,0.03500000014901161,0.9350000023841858,0.029999999329447746,0.0,0.0,0.0,0.0,0.0,0.0
77,-93.43366666666667,0.0,0.03500000014901161,0.9350000023841858,0.029999999329447746,0.03500000014901161,0.9350000023841858,0.029999999329447746,0.9399999976158142,0.029999999329447746,0.029999999329447746,0.0,0.0,0.0,0.0,0.0,0.0
78,-184.59999999999994,0.0,0.9150000214576721,0.029999999329447746,0.054999999701976776,0.925000011920929,0.03999999910593033,0.03500000014901161,0.9300000071525574,0.03500000014901161,0.03500000014901161,0.0,0.0,0.0,0.0,0.0,0.0
79,-211.6939999999999,0.0,0.03500000014901161,0.9350000023841858,0.029999999329447746,0.03500000014901161,0.9350000023841858,0.029999999329447746,0.03500000014901161,0.9350000023841858,0.029999999329447746,0.0,0.0,0.0,0.0,0.0,0.0
80,-42.109999999999985,0.0,0.03500000014901161,0.9350000023841858,0.029999999329447746,0.03500000014901161,0.9350000023841858,0.029999999329447746,0.03500000014901161,0.9350000023841858,0.029999999329447746,0.0,0.0,0.0,0.0,0.0,0.0
81,-38.11966666666666,0.0,0.03500000014901161,0.9350000023841858,0.029999999329447746,0.03999999910593033,0.9300000071525574,0.029999999329447746,0.925000011920929,0.03999999910593033,0.03500000014901161,0.0,0.0,0.0,0.0,0.0,0.0
82,-41.62133333333336,0.0,0.03500000014901161,0.029999999329447746,0.9350000023841858,0.9300000071525574,0.03999999910593033,0.029999999329447746,0.9399999976158142,0.029999999329447746,0.029999999329447746,0.0,0.0,0.0,0.0,0.0,0.0
83,-90.21999999999998,0.0,0.03500000014901161,0.9350000023841858,0.029999999329447746,0.03500000014901161,0.9350000023841858,0.029999999329447746,0.03500000014901161,0.9350000023841858,0.029999999329447746,0.0,0.0,0.0,0.0,0.0,0.0
84,-40.217000000000006,0.0,0.9399999976158142,0.029999999329447746,0.029999999329447746,0.9399999976158142,0.029999999329447746,0.029999999329447746,0.9399999976158142,0.029999999329447746,0.029999999329447746,0.0,0.0,0.0,0.0,0.0,0.0
85,-73.02299999999995,0.0,0.9049999713897705,0.03999999910593033,0.054999999701976776,0.9200000166893005,0.05000000074505806,0.029999999329447746,0.925000011920929,0.03500000014901161,0.03999999910593033,0.0,0.0,0.0,0.0,0.0,0.0
86,-130.92233333333334,0.0,0.03999999910593033,0.8849999904632568,0.07500000298023224,0.8849999904632568,0.07999999821186066,0.03500000014901161,0.8899999856948853,0.05999999865889549,0.05000000074505806,0.0,0.0,0.0,0.0,0.0,0.0
87,-261.25133333333326,0.0,0.03500000014901161,0.9350000023841858,0.029999999329447746,0.03500000014901161,0.9350000023841858,0.029999999329447746,0.03500000014901161,0.9350000023841858,0.029999999329447746,0.0,0.0,0.0,0.0,0.0,0.0
88,-33.99566666666667,0.0,0.03500000014901161,0.029999999329447746,0.9350000023841858,0.03500000014901161,0.9350000023841858,0.029999999329447746,0.03500000014901161,0.9350000023841858,0.029999999329447746,0.0,0.0,0.0,0.0,0.0,0.0
89,-140.98566666666667,0.0,0.03500000014901161,0.9350000023841858,0.029999999329447746,0.03500000014901161,0.9350000023841858,0.029999999329447746,0.03500000014901161,0.9350000023841858,0.029999999329447746,0.0,0.0,0.0,0.0,0.0,0.0
90,-356.7869999999998,0.0,0.03500000014901161,0.9350000023841858,0.029999999329447746,0.03500000014901161,0.9350000023841858,0.029999999329447746,0.9399999976158142,0.029999999329447746,0.029999999329447746,0.0,0.0,0.0,0.0,0.0,0.0
91,-128.6143333333334,0.0,0.03500000014901161,0.9350000023841858,0.029999999329447746,0.03500000014901161,0.9350000023841858,0.029999999329447746,0.03500000014901161,0.9350000023841858,0.029999999329447746,0.0,0.0,0.0,0.0,0.0,0.0
92,-200.29833333333335,0.0,0.05000000074505806,0.8799999952316284,0.07000000029802322,0.07500000298023224,0.8949999809265137,0.029999999329447746,0.8849999904632568,0.04500000178813934,0.07000000029802322,0.0,0.0,0.0,0.0,0.0,0.0
93,-460.2389999999999,0.0,0.03999999910593033,0.8799999952316284,0.07999999821186066,0.06499999761581421,0.8899999856948853,0.04500000178813934,0.8849999904632568,0.04500000178813934,0.07000000029802322,0.0,0.0,0.0,0.0,0.0,0.0
94,-72.42533333333337,0.0,0.03500000014901161,0.9350000023841858,0.029999999329447746,0.03500000014901161,0.9350000023841858,0.029999999329447746,0.03500000014901161,0.9350000023841858,0.029999999329447746,0.0,0.0,0.0,0.0,0.0,0.0
95,-148.66233333333335,0.0,0.03999999910593033,0.8899999856948853,0.07000000029802322,0.054999999701976776,0.8949999809265137,0.05000000074505806,0.8949999809265137,0.05000000074505806,0.054999999701976776,0.0,0.0,0.0,0.0,0.0,0.0
96,-62.19633333333338,0.0,0.03500000014901161,0.9350000023841858,0.029999999329447746,0.03500000014901161,0.9350000023841858,0.029999999329447746,0.03500000014901161,0.9350000023841858,0.029999999329447746,0.0,0.0,0.0,0.0,0.0,0.0
97,-37.12733333333333,0.0,0.03500000014901161,0.9350000023841858,0.029999999329447746,0.03500000014901161,0.9350000023841858,0.029999999329447746,0.03500000014901161,0.9350000023841858,0.029999999329447746,0.0,0.0,0.0,0.0,0.0,0.0
98,-36.39466666666667,0.0,0.03500000014901161,0.9350000023841858,0.029999999329447746,0.03500000014901161,0.9350000023841858,0.029999999329447746,0.03500000014901161,0.9350000023841858,0.029999999329447746,0.0,0.0,0.0,0.0,0.0,0.0
99,-82.29066666666664,0.0,0.054999999701976776,0.8949999809265137,0.05000000074505806,0.04500000178813934,0.8899999856948853,0.06499999761581421,0.8899999856948853,0.03999999910593033,0.07000000029802322,0.0,0.0,0.0,0.0,0.0,0.0
100,-245.7896666666668,0.0,0.03500000014901161,0.8849999904632568,0.07999999821186066,0.07999999821186066,0.8849999904632568,0.03500000014901161,0.8799999952316284,0.07500000298023224,0.04500000178813934,0.0,0.0,0.0,0.0,0.0,0.0
101,-332.2196666666667,0.0,0.03999999910593033,0.9100000262260437,0.05000000074505806,0.07000000029802322,0.8999999761581421,0.029999999329447746,0.8999999761581421,0.05000000074505806,0.05000000074505806,0.0,0.0,0.0,0.0,0.0,0.0
102,-117.22599999999997,0.0,0.03500000014901161,0.9350000023841858,0.029999999329447746,0.03500000014901161,0.9350000023841858,0.029999999329447746,0.03500000014901161,0.9350000023841858,0.029999999329447746,0.0,0.0,0.0,0.0,0.0,0.0
103,-47.285666666666664,0.0,0.03500000014901161,0.9350000023841858,0.029999999329447746,0.03500000014901161,0.9350000023841858,0.029999999329447746,0.03500000014901161,0.9350000023841858,0.029999999329447746,0.0,0.0,0.0,0.0,0.0,0.0
104,-30.415000000000013,0.0,0.03500000014901161,0.9350000023841858,0.029999999329447746,0.03500000014901161,0.9350000023841858,0.029999999329447746,0.03500000014901161,0.9350000023841858,0.029999999329447746,0.0,0.0,0.0,0.0,0.0,0.0
105,-154.68133333333333,0.0,0.03500000014901161,0.9350000023841858,0.029999999329447746,0.03500000014901161,0.9350000023841858,0.029999999329447746,0.03500000014901161,0.9350000023841858,0.029999999329447746,0.0,0.0,0.0,0.0,0.0,0.0
106,-46.17899999999999,0.0,0.03500000014901161,0.029999999329447746,0.9350000023841858,0.9399999976158142,0.029999999329447746,0.029999999329447746,0.9399999976158142,0.029999999329447746,0.029999999329447746,0.0,0.0,0.0,0.0,0.0,0.0
107,-237.27833333333336,0.0,0.03500000014901161,0.9350000023841858,0.029999999329447746,0.03500000014901161,0.9350000023841858,0.029999999329447746,0.03500000014901161,0.9350000023841858,0.029999999329447746,0.0,0.0,0.0,0.0,0.0,0.0
108,-54.831333333333326,0.0,0.03500000014901161,0.9350000023841858,0.029999999329447746,0.03500000014901161,0.9350000023841858,0.029999999329447746,0.03500000014901161,0.9350000023841858,0.029999999329447746,0.0,0.0,0.0,0.0,0.0,0.0
109,-398.86533333333324,0.0,0.054999999701976776,0.8799999952316284,0.06499999761581421,0.09000000357627869,0.8799999952316284,0.029999999329447746,0.8849999904632568,0.05999999865889549,0.054999999701976776,0.0,0.0,0.0,0.0,0.0,0.0
110,-46.49799999999998,0.0,0.03500000014901161,0.9350000023841858,0.029999999329447746,0.04500000178813934,0.925000011920929,0.029999999329447746,0.03999999910593033,0.9300000071525574,0.029999999329447746,0.0,0.0,0.0,0.0,0.0,0.0
111,-98.40533333333333,0.0,0.03500000014901161,0.9350000023841858,0.029999999329447746,0.03500000014901161,0.9350000023841858,0.029999999329447746,0.03500000014901161,0.9350000023841858,0.029999999329447746,0.0,0.0,0.0,0.0,0.0,0.0
112,-118.64866666666668,0.0,0.03500000014901161,0.029999999329447746,0.9350000023841858,0.03500000014901161,0.9350000023841858,0.029999999329447746,0.03500000014901161,0.9350000023841858,0.029999999329447746,0.0,0.0,0.0,0.0,0.0,0.0
113,-38.69166666666668,0.0,0.03500000014901161,0.9350000023841858,0.029999999329447746,0.03500000014901161,0.9350000023841858,0.029999999329447746,0.9399999976158142,0.029999999329447746,0.029999999329447746,0.0,0.0,0.0,0.0,0.0,0.0
114,-39.45366666666667,0.0,0.03500000014901161,0.029999999329447746,0.9350000023841858,0.03999999910593033,0.03999999910593033,0.9200000166893005,0.03500000014901161,0.9300000071525574,0.03500000014901161,0.0,0.0,0.0,0.0,0.0,0.0
115,-47.89400000000001,0.0,0.03500000014901161,0.9350000023841858,0.029999999329447746,0.03500000014901161,0.9350000023841858,0.029999999329447746,0.03500000014901161,0.9350000023841858,0.029999999329447746,0.0,0.0,0.0,0.0,0.0,0.0
116,-52.58233333333335,0.0,0.03500000014901161,0.9350000023841858,0.029999999329447746,0.9399999976158142,0.029999999329447746,0.029999999329447746,0.9399999976158142,0.029999999329447746,0.029999999329447746,0.0,0.0,0.0,0.0,0.0,0.0
117,-382.7923333333333,0.0,0.03500000014901161,0.9350000023841858,0.029999999329447746,0.03500000014901161,0.9300000071525574,0.03500000014901161,0.03500000014901161,0.9350000023841858,0.029999999329447746,0.0,0.0,0.0,0.0,0.0,0.0
118,-100.35033333333332,0.0,0.03999999910593033,0.9200000166893005,0.03999999910593033,0.04500000178813934,0.9049999713897705,0.05000000074505806,0.9100000262260437,0.03500000014901161,0.054999999701976776,0.0,0.0,0.0,0.0,0.0,0.0
119,-36.64866666666666,0.0,0.03500000014901161,0.9350000023841858,0.029999999329447746,0.03500000014901161,0.9350000023841858,0.029999999329447746,0.03500000014901161,0.9350000023841858,0.029999999329447746,0.0,0.0,0.0,0.0,0.0,0.0
120,-47.94199999999994,0.0,0.03500000014901161,0.9350000023841858,0.029999999329447746,0.9399999976158142,0.029999999329447746,0.029999999329447746,0.9399999976158142,0.029999999329447746,0.029999999329447746,0.0,0.0,0.0,0.0,0.0,0.0
121,-394.86233333333314,0.0,0.03500000014901161,0.9350000023841858,0.029999999329447746,0.03500000014901161,0.9350000023841858,0.029999999329447746,0.9399999976158142,0.029999999329447746,0.029999999329447746,0.0,0.0,0.0,0.0,0.0,0.0
122,-73.90899999999999,0.0,0.03500000014901161,0.9350000023841858,0.029999999329447746,0.03999999910593033,0.9300000071525574,0.029999999329447746,0.03500000014901161,0.9350000023841858,0.029999999329447746,0.0,0.0,0.0,0.0,0.0,0.0
123,-237.25533333333328,0.0,0.03500000014901161,0.8799999952316284,0.08500000089406967,0.07500000298023224,0.8899999856948853,0.03500000014901161,0.8799999952316284,0.07500000298023224,0.04500000178813934,0.0,0.0,0.0,0.0,0.0,0.0
124,-44.78266666666666,0.0,0.03500000014901161,0.9350000023841858,0.029999999329447746,0.03500000014901161,0.9350000023841858,0.029999999329447746,0.03500000014901161,0.9350000023841858,0.029999999329447746,0.0,0.0,0.0,0.0,0.0,0.0
125,-120.2876666666667,0.0,0.03500000014901161,0.9200000166893005,0.04500000178813934,0.05999999865889549,0.8949999809265137,0.04500000178813934,0.8949999809265137,0.05999999865889549,0.04500000178813934,0.0,0.0,0.0,0.0,0.0,0.0
126,-135.80033333333333,0.0,0.03500000014901161,0.9350000023841858,0.029999999329447746,0.03999999910593033,0.925000011920929,0.03500000014901161,0.03500000014901161,0.9350000023841858,0.029999999329447746,0.0,0.0,0.0,0.0,0.0,0.0
127,-42.57233333333333,0.0,0.03500000014901161,0.9350000023841858,0.029999999329447746,0.03500000014901161,0.9350000023841858,0.029999999329447746,0.03500000014901161,0.029999999329447746,0.9350000023841858,0.0,0.0,0.0,0.0,0.0,0.0
128,-29.329666666666668,0.0,0.9399999976158142,0.029999999329447746,0.029999999329447746,0.9399999976158142,0.029999999329447746,0.029999999329447746,0.9399999976158142,0.029999999329447746,0.029999999329447746,0.0,0.0,0.0,0.0,0.0,0.0
129,-136.06500000000005,0.0,0.03500000014901161,0.9350000023841858,0.029999999329447746,0.03999999910593033,0.9300000071525574,0.029999999329447746,0.03500000014901161,0.9350000023841858,0.029999999329447746,0.0,0.0,0.0,0.0,0.0,0.0
130,-149.6713333333334,0.0,0.03500000014901161,0.029999999329447746,0.9350000023841858,0.03500000014901161,0.029999999329447746,0.9350000023841858,0.03500000014901161,0.9350000023841858,0.029999999329447746,0.0,0.0,0.0,0.0,0.0,0.0
131,-54.142999999999994,0.0,0.03500000014901161,0.9350000023841858,0.029999999329447746,0.03500000014901161,0.9350000023841858,0.029999999329447746,0.03500000014901161,0.9350000023841858,0.029999999329447746,0.0,0.0,0.0,0.0,0.0,0.0
132,-49.28866666666664,0.0,0.03500000014901161,0.9350000023841858,0.029999999329447746,0.03999999910593033,0.925000011920929,0.03500000014901161,0.03500000014901161,0.925000011920929,0.03999999910593033,0.0,0.0,0.0,0.0,0.0,0.0
133,-48.56099999999999,0.0,0.03500000014901161,0.9350000023841858,0.029999999329447746,0.04500000178813934,0.925000011920929,0.029999999329447746,0.03500000014901161,0.9350000023841858,0.029999999329447746,0.0,0.0,0.0,0.0,0.0,0.0
134,-209.95300000000006,0.0,0.03500000014901161,0.8799999952316284,0.08500000089406967,0.07000000029802322,0.8899999856948853,0.03999999910593033,0.8799999952316284,0.07999999821186066,0.03999999910593033,0.0,0.0,0.0,0.0,0.0,0.0
135,-383.4806666666668,0.0,0.9300000071525574,0.03999999910593033,0.029999999329447746,0.9399999976158142,0.029999999329447746,0.029999999329447746,0.9399999976158142,0.029999999329447746,0.029999999329447746,0.0,0.0,0.0,0.0,0.0,0.0
136,-47.38299999999997,0.0,0.03500000014901161,0.9350000023841858,0.029999999329447746,0.03500000014901161,0.9350000023841858,0.029999999329447746,0.03500000014901161,0.9350000023841858,0.029999999329447746,0.0,0.0,0.0,0.0,0.0,0.0
137,-185.65266666666662,0.0,0.03500000014901161,0.8899999856948853,0.07500000298023224,0.07000000029802322,0.8999999761581421,0.029999999329447746,0.8849999904632568,0.05999999865889549,0.054999999701976776,0.0,0.0,0.0,0.0,0.0,0.0
138,-53.50033333333337,0.0,0.03500000014901161,0.9350000023841858,0.029999999329447746,0.04500000178813934,0.925000011920929,0.029999999329447746,0.03500000014901161,0.9350000023841858,0.029999999329447746,0.0,0.0,0.0,0.0,0.0,0.0
139,-264.2143333333334,0.0,0.03500000014901161,0.9350000023841858,0.029999999329447746,0.03500000014901161,0.9350000023841858,0.029999999329447746,0.03500000014901161,0.9350000023841858,0.029999999329447746,0.0,0.0,0.0,0.0,0.0,0.0
140,-195.47800000000007,0.0,0.03500000014901161,0.029999999329447746,0.9350000023841858,0.03500000014901161,0.029999999329447746,0.9350000023841858,0.03500000014901161,0.029999999329447746,0.9350000023841858,0.0,0.0,0.0,0.0,0.0,0.0
141,-72.99899999999997,0.0,0.03500000014901161,0.9350000023841858,0.029999999329447746,0.04500000178813934,0.9200000166893005,0.03500000014901161,0.03500000014901161,0.9300000071525574,0.03500000014901161,0.0,0.0,0.0,0.0,0.0,0.0
142,-43.68499999999999,0.0,0.03500000014901161,0.9350000023841858,0.029999999329447746,0.03999999910593033,0.9300000071525574,0.029999999329447746,0.03500000014901161,0.9350000023841858,0.029999999329447746,0.0,0.0,0.0,0.0,0.0,0.0
143,-27.44966666666668,0.0,0.03500000014901161,0.9350000023841858,0.029999999329447746,0.03500000014901161,0.9350000023841858,0.029999999329447746,0.03500000014901161,0.9350000023841858,0.029999999329447746,0.0,0.0,0.0,0.0,0.0,0.0
144,-90.34666666666662,0.0,0.03500000014901161,0.029999999329447746,0.9350000023841858,0.03500000014901161,0.9350000023841858,0.029999999329447746,0.03500000014901161,0.9350000023841858,0.029999999329447746,0.0,0.0,0.0,0.0,0.0,0.0
145,-155.95833333333337,0.0,0.03500000014901161,0.029999999329447746,0.9350000023841858,0.9399999976158142,0.029999999329447746,0.029999999329447746,0.9399999976158142,0.029999999329447746,0.029999999329447746,0.0,0.0,0.0,0.0,0.0,0.0
146,-293.6560000000001,0.0,0.03500000014901161,0.8849999904632568,0.07999999821186066,0.8849999904632568,0.08500000089406967,0.029999999329447746,0.8849999904632568,0.06499999761581421,0.05000000074505806,0.0,0.0,0.0,0.0,0.0,0.0
147,-283.97200000000004,0.0,0.03500000014901161,0.8799999952316284,0.08500000089406967,0.07999999821186066,0.8899999856948853,0.029999999329447746,0.8849999904632568,0.05999999865889549,0.054999999701976776,0.0,0.0,0.0,0.0,0.0,0.0
148,-291.41599999999994,0.0,0.03500000014901161,0.9350000023841858,0.029999999329447746,0.04500000178813934,0.925000011920929,0.029999999329447746,0.03500000014901161,0.9350000023841858,0.029999999329447746,0.0,0.0,0.0,0.0,0.0,0.0
149,-51.492666666666665,0.0,0.03500000014901161,0.029999999329447746,0.9350000023841858,0.03500000014901161,0.9350000023841858,0.029999999329447746,0.03500000014901161,0.9350000023841858,0.029999999329447746,0.0,0.0,0.0,0.0,0.0,0.0
150,-273.7346666666666,0.0,0.03500000014901161,0.9049999713897705,0.05999999865889549,0.05000000074505806,0.9100000262260437,0.03999999910593033,0.9100000262260437,0.05000000074505806,0.03999999910593033,0.0,0.0,0.0,0.0,0.0,0.0
151,-191.73933333333346,0.0,0.03500000014901161,0.9350000023841858,0.029999999329447746,0.03500000014901161,0.9350000023841858,0.029999999329447746,0.03500000014901161,0.9350000023841858,0.029999999329447746,0.0,0.0,0.0,0.0,0.0,0.0
152,-96.43800000000002,0.0,0.03500000014901161,0.8949999809265137,0.07000000029802322,0.054999999701976776,0.9049999713897705,0.03999999910593033,0.8949999809265137,0.05999999865889549,0.04500000178813934,0.0,0.0,0.0,0.0,0.0,0.0
153,-33.49900000000001,0.0,0.03500000014901161,0.9350000023841858,0.029999999329447746,0.03999999910593033,0.9300000071525574,0.029999999329447746,0.03500000014901161,0.9350000023841858,0.029999999329447746,0.0,0.0,0.0,0.0,0.0,0.0
154,-284.19266666666664,0.0,0.03500000014901161,0.03999999910593033,0.925000011920929,0.9150000214576721,0.054999999701976776,0.029999999329447746,0.9200000166893005,0.03999999910593033,0.03999999910593033,0.0,0.0,0.0,0.0,0.0,0.0
155,-67.71600000000001,0.0,0.03500000014901161,0.9350000023841858,0.029999999329447746,0.03500000014901161,0.9350000023841858,0.029999999329447746,0.03500000014901161,0.9350000023841858,0.029999999329447746,0.0,0.0,0.0,0.0,0.0,0.0
156,-91.00266666666667,0.0,0.03500000014901161,0.029999999329447746,0.9350000023841858,0.03500000014901161,0.9350000023841858,0.029999999329447746,0.03500000014901161,0.9350000023841858,0.029999999329447746,0.0,0.0,0.0,0.0,0.0,0.0
157,-59.512999999999984,0.0,0.03500000014901161,0.9350000023841858,0.029999999329447746,0.9399999976158142,0.029999999329447746,0.029999999329447746,0.9399999976158142,0.029999999329447746,0.029999999329447746,0.0,0.0,0.0,0.0,0.0,0.0
158,-432.6193333333333,0.0,0.03500000014901161,0.8799999952316284,0.08500000089406967,0.05999999865889549,0.9049999713897705,0.03500000014901161,0.8849999904632568,0.07000000029802322,0.04500000178813934,0.0,0.0,0.0,0.0,0.0,0.0
159,-20.317000000000004,0.0,0.03500000014901161,0.029999999329447746,0.9350000023841858,0.03500000014901161,0.029999999329447746,0.9350000023841858,0.9399999976158142,0.029999999329447746,0.029999999329447746,0.0,0.0,0.0,0.0,0.0,0.0
160,-112.48166666666665,0.0,0.03500000014901161,0.9350000023841858,0.029999999329447746,0.03500000014901161,0.9350000023841858,0.029999999329447746,0.03500000014901161,0.9350000023841858,0.029999999329447746,0.0,0.0,0.0,0.0,0.0,0.0
161,-299.43966666666654,0.0,0.9399999976158142,0.029999999329447746,0.029999999329447746,0.9399999976158142,0.029999999329447746,0.029999999329447746,0.9399999976158142,0.029999999329447746,0.029999999329447746,0.0,0.0,0.0,0.0,0.0,0.0
162,-33.64266666666667,0.0,0.03500000014901161,0.9350000023841858,0.029999999329447746,0.03500000014901161,0.9350000023841858,0.029999999329447746,0.03500000014901161,0.9350000023841858,0.029999999329447746,0.0,0.0,0.0,0.0,0.0,0.0
163,-191.9543333333333,0.0,0.03500000014901161,0.8899999856948853,0.07500000298023224,0.04500000178813934,0.925000011920929,0.029999999329447746,0.8899999856948853,0.05999999865889549,0.05000000074505806,0.0,0.0,0.0,0.0,0.0,0.0
164,-31.676000000000002,0.0,0.03500000014901161,0.9350000023841858,0.029999999329447746,0.03500000014901161,0.9350000023841858,0.029999999329447746,0.03500000014901161,0.9350000023841858,0.029999999329447746,0.0,0.0,0.0,0.0,0.0,0.0
165,-109.11599999999999,0.0,0.03500000014901161,0.9350000023841858,0.029999999329447746,0.03999999910593033,0.9300000071525574,0.029999999329447746,0.9300000071525574,0.03999999910593033,0.029999999329447746,0.0,0.0,0.0,0.0,0.0,0.0
166,-115.15666666666671,0.0,0.03500000014901161,0.029999999329447746,0.9350000023841858,0.03500000014901161,0.9350000023841858,0.029999999329447746,0.03500000014901161,0.9350000023841858,0.029999999329447746,0.0,0.0,0.0,0.0,0.0,0.0
167,-25.879000000000005,0.0,0.03500000014901161,0.029999999329447746,0.9350000023841858,0.9399999976158142,0.029999999329447746,0.029999999329447746,0.9399999976158142,0.029999999329447746,0.029999999329447746,0.0,0.0,0.0,0.0,0.0,0.0
168,-338.35100000000006,0.0,0.03500000014901161,0.8849999904632568,0.07999999821186066,0.04500000178813934,0.8949999809265137,0.05999999865889549,0.8899999856948853,0.04500000178813934,0.06499999761581421,0.0,0.0,0.0,0.0,0.0,0.0
169,-214.71866666666673,0.0,0.03500000014901161,0.8799999952316284,0.08500000089406967,0.054999999701976776,0.8949999809265137,0.05000000074505806,0.8849999904632568,0.03999999910593033,0.07500000298023224,0.0,0.0,0.0,0.0,0.0,0.0
170,-274.3806666666666,0.0,0.03500000014901161,0.9350000023841858,0.029999999329447746,0.03500000014901161,0.9350000023841858,0.029999999329447746,0.03500000014901161,0.9350000023841858,0.029999999329447746,0.0,0.0,0.0,0.0,0.0,0.0
171,-152.11299999999994,0.0,0.03500000014901161,0.9300000071525574,0.03500000014901161,0.03999999910593033,0.9300000071525574,0.029999999329447746,0.03500000014901161,0.9300000071525574,0.03500000014901161,0.0,0.0,0.0,0.0,0.0,0.0
172,-45.97699999999998,0.0,0.03500000014901161,0.9350000023841858,0.029999999329447746,0.03500000014901161,0.9350000023841858,0.029999999329447746,0.03500000014901161,0.9350000023841858,0.029999999329447746,0.0,0.0,0.0,0.0,0.0,0.0
173,-72.47866666666668,0.0,0.03500000014901161,0.9350000023841858,0.029999999329447746,0.03500000014901161,0.9350000023841858,0.029999999329447746,0.9399999976158142,0.029999999329447746,0.029999999329447746,0.0,0.0,0.0,0.0,0.0,0.0
174,-342.7356666666667,0.0,0.03500000014901161,0.8849999904632568,0.07999999821186066,0.04500000178813934,0.925000011920929,0.029999999329447746,0.8849999904632568,0.054999999701976776,0.05999999865889549,0.0,0.0,0.0,0.0,0.0,0.0
175,-531.2646666666665,0.0,0.03500000014901161,0.8799999952316284,0.08500000089406967,0.05999999865889549,0.9100000262260437,0.029999999329447746,0.8849999904632568,0.04500000178813934,0.07000000029802322,0.0,0.0,0.0,0.0,0.0,0.0
176,-65.19133333333333,0.0,0.03500000014901161,0.9350000023841858,0.029999999329447746,0.03500000014901161,0.04500000178813934,0.9200000166893005,0.03500000014901161,0.925000011920929,0.03999999910593033,0.0,0.0,0.0,0.0,0.0,0.0
177,-101.71300000000001,0.0,0.03500000014901161,0.9049999713897705,0.05999999865889549,0.05000000074505806,0.9200000166893005,0.029999999329447746,0.9100000262260437,0.03500000014901161,0.054999999701976776,0.0,0.0,0.0,0.0,0.0,0.0
178,-240.50100000000012,0.0,0.03500000014901161,0.04500000178813934,0.9200000166893005,0.04500000178813934,0.925000011920929,0.029999999329447746,0.9200000166893005,0.05000000074505806,0.029999999329447746,0.0,0.0,0.0,0.0,0.0,0.0
179,-183.3293333333333,0.0,0.03500000014901161,0.9350000023841858,0.029999999329447746,0.03500000014901161,0.9350000023841858,0.029999999329447746,0.9399999976158142,0.029999999329447746,0.029999999329447746,0.0,0.0,0.0,0.0,0.0,0.0
180,-38.222,0.0,0.03500000014901161,0.9350000023841858,0.029999999329447746,0.03999999910593033,0.925000011920929,0.03500000014901161,0.03500000014901161,0.9300000071525574,0.03500000014901161,0.0,0.0,0.0,0.0,0.0,0.0
181,-80.37833333333333,0.0,0.03500000014901161,0.8899999856948853,0.07500000298023224,0.05000000074505806,0.8999999761581421,0.05000000074505806,0.9049999713897705,0.03999999910593033,0.054999999701976776,0.0,0.0,0.0,0.0,0.0,0.0
182,-69.91233333333331,0.0,0.03500000014901161,0.9350000023841858,0.029999999329447746,0.03500000014901161,0.9350000023841858,0.029999999329447746,0.03500000014901161,0.9350000023841858,0.029999999329447746,0.0,0.0,0.0,0.0,0.0,0.0
183,-302.81533333333334,0.0,0.03500000014901161,0.9350000023841858,0.029999999329447746,0.03500000014901161,0.9300000071525574,0.03500000014901161,0.03500000014901161,0.9350000023841858,0.029999999329447746,0.0,0.0,0.0,0.0,0.0,0.0
184,-205.68933333333337,0.0,0.03500000014901161,0.9350000023841858,0.029999999329447746,0.03500000014901161,0.9350000023841858,0.029999999329447746,0.03500000014901161,0.9350000023841858,0.029999999329447746,0.0,0.0,0.0,0.0,0.0,0.0
185,-51.69333333333333,0.0,0.03500000014901161,0.9350000023841858,0.029999999329447746,0.03999999910593033,0.9300000071525574,0.029999999329447746,0.03500000014901161,0.9300000071525574,0.03500000014901161,0.0,0.0,0.0,0.0,0.0,0.0
186,-285.4073333333333,0.0,0.03500000014901161,0.9350000023841858,0.029999999329447746,0.03500000014901161,0.9350000023841858,0.029999999329447746,0.03500000014901161,0.9350000023841858,0.029999999329447746,0.0,0.0,0.0,0.0,0.0,0.0
187,-308.0423333333333,0.0,0.03500000014901161,0.029999999329447746,0.9350000023841858,0.03500000014901161,0.03500000014901161,0.9300000071525574,0.03500000014901161,0.9350000023841858,0.029999999329447746,0.0,0.0,0.0,0.0,0.0,0.0
188,-103.85899999999992,0.0,0.03500000014901161,0.9350000023841858,0.029999999329447746,0.05000000074505806,0.9150000214576721,0.03500000014901161,0.9150000214576721,0.03500000014901161,0.05000000074505806,0.0,0.0,0.0,0.0,0.0,0.0
189,-53.45600000000004,0.0,0.03500000014901161,0.9350000023841858,0.029999999329447746,0.03500000014901161,0.9350000023841858,0.029999999329447746,0.03500000014901161,0.9350000023841858,0.029999999329447746,0.0,0.0,0.0,0.0,0.0,0.0
190,-210.98333333333332,0.0,0.03500000014901161,0.9350000023841858,0.029999999329447746,0.03500000014901161,0.9350000023841858,0.029999999329447746,0.03500000014901161,0.9350000023841858,0.029999999329447746,0.0,0.0,0.0,0.0,0.0,0.0
191,-26.247666666666667,0.0,0.03500000014901161,0.9350000023841858,0.029999999329447746,0.03999999910593033,0.9300000071525574,0.029999999329447746,0.03500000014901161,0.9300000071525574,0.03500000014901161,0.0,0.0,0.0,0.0,0.0,0.0
192,-34.05,0.0,0.03500000014901161,0.9350000023841858,0.029999999329447746,0.03500000014901161,0.9350000023841858,0.029999999329447746,0.03500000014901161,0.9350000023841858,0.029999999329447746,0.0,0.0,0.0,0.0,0.0,0.0
193,-368.94366666666684,0.0,0.03999999910593033,0.8949999809265137,0.06499999761581421,0.05999999865889549,0.9100000262260437,0.029999999329447746,0.8999999761581421,0.05000000074505806,0.05000000074505806,0.0,0.0,0.0,0.0,0.0,0.0
194,-41.67566666666665,0.0,0.03500000014901161,0.9350000023841858,0.029999999329447746,0.03999999910593033,0.9300000071525574,0.029999999329447746,0.9350000023841858,0.03500000014901161,0.029999999329447746,0.0,0.0,0.0,0.0,0.0,0.0
195,-28.50766666666668,0.0,0.03500000014901161,0.9350000023841858,0.029999999329447746,0.03500000014901161,0.9350000023841858,0.029999999329447746,0.9399999976158142,0.029999999329447746,0.029999999329447746,0.0,0.0,0.0,0.0,0.0,0.0
196,-164.855,0.0,0.03500000014901161,0.05999999865889549,0.9049999713897705,0.8899999856948853,0.07999999821186066,0.029999999329447746,0.8899999856948853,0.03999999910593033,0.07000000029802322,0.0,0.0,0.0,0.0,0.0,0.0
197,-291.63199999999995,0.0,0.03500000014901161,0.8799999952316284,0.08500000089406967,0.06499999761581421,0.9049999713897705,0.029999999329447746,0.8849999904632568,0.06499999761581421,0.05000000074505806,0.0,0.0,0.0,0.0,0.0,0.0
198,-138.45066666666668,0.0,0.03500000014901161,0.029999999329447746,0.9350000023841858,0.9399999976158142,0.029999999329447746,0.029999999329447746,0.9399999976158142,0.029999999329447746,0.029999999329447746,0.0,0.0,0.0,0.0,0.0,0.0
199,-523.0043333333331,0.0,0.04500000178813934,0.8799999952316284,0.07500000298023224,0.07500000298023224,0.8949999809265137,0.029999999329447746,0.8849999904632568,0.06499999761581421,0.05000000074505806,0.0,0.0,0.0,0.0,0.0,0.0
200,-168.71733333333339,0.0,0.03500000014901161,0.9350000023841858,0.029999999329447746,0.03500000014901161,0.9350000023841858,0.029999999329447746,0.03500000014901161,0.9350000023841858,0.029999999329447746,0.0,0.0,0.0,0.0,0.0,0.0
201,-216.25699999999998,0.0,0.03500000014901161,0.8999999761581421,0.06499999761581421,0.05000000074505806,0.9100000262260437,0.03999999910593033,0.8849999904632568,0.07500000298023224,0.03999999910593033,0.0,0.0,0.0,0.0,0.0,0.0
202,-231.48433333333327,0.0,0.03999999910593033,0.8899999856948853,0.07000000029802322,0.07000000029802322,0.8949999809265137,0.03500000014901161,0.8849999904632568,0.07999999821186066,0.03500000014901161,0.0,0.0,0.0,0.0,0.0,0.0
203,-34.348000000000006,0.0,0.03500000014901161,0.029999999329447746,0.9350000023841858,0.03500000014901161,0.029999999329447746,0.9350000023841858,0.03500000014901161,0.029999999329447746,0.9350000023841858,0.0,0.0,0.0,0.0,0.0,0.0
204,-115.22099999999999,0.0,0.03500000014901161,0.9350000023841858,0.029999999329447746,0.03500000014901161,0.9350000023841858,0.029999999329447746,0.03500000014901161,0.9350000023841858,0.029999999329447746,0.0,0.0,0.0,0.0,0.0,0.0
205,-57.17500000000002,0.0,0.03500000014901161,0.925000011920929,0.03999999910593033,0.925000011920929,0.04500000178813934,0.029999999329447746,0.03999999910593033,0.9300000071525574,0.029999999329447746,0.0,0.0,0.0,0.0,0.0,0.0
206,-52.84066666666668,0.0,0.03500000014901161,0.9350000023841858,0.029999999329447746,0.03500000014901161,0.9350000023841858,0.029999999329447746,0.03500000014901161,0.9350000023841858,0.029999999329447746,0.0,0.0,0.0,0.0,0.0,0.0
207,-71.862,0.0,0.03500000014901161,0.9150000214576721,0.05000000074505806,0.06499999761581421,0.8999999761581421,0.03500000014901161,0.9049999713897705,0.03999999910593033,0.054999999701976776,0.0,0.0,0.0,0.0,0.0,0.0
208,-54.18833333333334,0.0,0.03500000014901161,0.9350000023841858,0.029999999329447746,0.03500000014901161,0.9350000023841858,0.029999999329447746,0.03500000014901161,0.9350000023841858,0.029999999329447746,0.0,0.0,0.0,0.0,0.0,0.0
209,-24.591666666666665,0.0,0.03500000014901161,0.9350000023841858,0.029999999329447746,0.03500000014901161,0.9350000023841858,0.029999999329447746,0.03500000014901161,0.9350000023841858,0.029999999329447746,0.0,0.0,0.0,0.0,0.0,0.0
210,-175.73366666666664,0.0,0.03500000014901161,0.9350000023841858,0.029999999329447746,0.03500000014901161,0.9350000023841858,0.029999999329447746,0.03500000014901161,0.9350000023841858,0.029999999329447746,0.0,0.0,0.0,0.0,0.0,0.0
211,-348.94966666666676,0.0,0.04500000178813934,0.8799999952316284,0.07500000298023224,0.07000000029802322,0.8949999809265137,0.03500000014901161,0.8849999904632568,0.04500000178813934,0.07000000029802322,0.0,0.0,0.0,0.0,0.0,0.0
212,-97.12199999999997,0.0,0.03500000014901161,0.9350000023841858,0.029999999329447746,0.03500000014901161,0.9350000023841858,0.029999999329447746,0.03500000014901161,0.9350000023841858,0.029999999329447746,0.0,0.0,0.0,0.0,0.0,0.0
213,-226.19566666666674,0.0,0.05000000074505806,0.8949999809265137,0.054999999701976776,0.05999999865889549,0.9100000262260437,0.029999999329447746,0.8949999809265137,0.03500000014901161,0.07000000029802322,0.0,0.0,0.0,0.0,0.0,0.0
214,-48.31866666666669,0.0,0.03500000014901161,0.9350000023841858,0.029999999329447746,0.03500000014901161,0.029999999329447746,0.9350000023841858,0.9399999976158142,0.029999999329447746,0.029999999329447746,0.0,0.0,0.0,0.0,0.0,0.0
215,-40.61166666666667,0.0,0.03500000014901161,0.9350000023841858,0.029999999329447746,0.03500000014901161,0.9350000023841858,0.029999999329447746,0.03500000014901161,0.9350000023841858,0.029999999329447746,0.0,0.0,0.0,0.0,0.0,0.0
216,-263.29699999999997,0.0,0.03500000014901161,0.029999999329447746,0.9350000023841858,0.03500000014901161,0.03500000014901161,0.9300000071525574,0.03500000014901161,0.9350000023841858,0.029999999329447746,0.0,0.0,0.0,0.0,0.0,0.0
217,-59.82933333333333,0.0,0.03500000014901161,0.9350000023841858,0.029999999329447746,0.054999999701976776,0.9100000262260437,0.03500000014901161,0.925000011920929,0.03500000014901161,0.03999999910593033,0.0,0.0,0.0,0.0,0.0,0.0
218,-266.84733333333327,0.0,0.03500000014901161,0.9350000023841858,0.029999999329447746,0.03500000014901161,0.9350000023841858,0.029999999329447746,0.03500000014901161,0.9350000023841858,0.029999999329447746,0.0,0.0,0.0,0.0,0.0,0.0
219,-44.12999999999999,0.0,0.03500000014901161,0.9350000023841858,0.029999999329447746,0.03500000014901161,0.9350000023841858,0.029999999329447746,0.03500000014901161,0.9350000023841858,0.029999999329447746,0.0,0.0,0.0,0.0,0.0,0.0
220,-42.68666666666667,0.0,0.03500000014901161,0.9350000023841858,0.029999999329447746,0.03999999910593033,0.925000011920929,0.03500000014901161,0.03500000014901161,0.029999999329447746,0.9350000023841858,0.0,0.0,0.0,0.0,0.0,0.0
221,-314.357,0.0,0.03500000014901161,0.029999999329447746,0.9350000023841858,0.03500000014901161,0.9350000023841858,0.029999999329447746,0.03500000014901161,0.9350000023841858,0.029999999329447746,0.0,0.0,0.0,0.0,0.0,0.0
222,-28.958666666666673,0.0,0.03500000014901161,0.9350000023841858,0.029999999329447746,0.03500000014901161,0.9350000023841858,0.029999999329447746,0.9399999976158142,0.029999999329447746,0.029999999329447746,0.0,0.0,0.0,0.0,0.0,0.0
223,-138.97166666666666,0.0,0.03500000014901161,0.029999999329447746,0.9350000023841858,0.03500000014901161,0.029999999329447746,0.9350000023841858,0.03500000014901161,0.9350000023841858,0.029999999329447746,0.0,0.0,0.0,0.0,0.0,0.0
224,-33.06266666666668,0.0,0.9399999976158142,0.029999999329447746,0.029999999329447746,0.9399999976158142,0.029999999329447746,0.029999999329447746,0.9399999976158142,0.029999999329447746,0.029999999329447746,0.0,0.0,0.0,0.0,0.0,0.0
225,-36.75266666666665,0.0,0.03500000014901161,0.9350000023841858,0.029999999329447746,0.03500000014901161,0.9350000023841858,0.029999999329447746,0.03500000014901161,0.9350000023841858,0.029999999329447746,0.0,0.0,0.0,0.0,0.0,0.0
226,-428.2876666666666,0.0,0.03500000014901161,0.9350000023841858,0.029999999329447746,0.03500000014901161,0.9350000023841858,0.029999999329447746,0.03500000014901161,0.9350000023841858,0.029999999329447746,0.0,0.0,0.0,0.0,0.0,0.0
227,-235.89833333333337,0.0,0.05000000074505806,0.8899999856948853,0.05999999865889549,0.8849999904632568,0.08500000089406967,0.029999999329447746,0.8949999809265137,0.04500000178813934,0.05999999865889549,0.0,0.0,0.0,0.0,0.0,0.0
228,-46.30433333333335,0.0,0.03500000014901161,0.029999999329447746,0.9350000023841858,0.9399999976158142,0.029999999329447746,0.029999999329447746,0.9399999976158142,0.029999999329447746,0.029999999329447746,0.0,0.0,0.0,0.0,0.0,0.0
229,-171.62066666666672,0.0,0.05000000074505806,0.8849999904632568,0.06499999761581421,0.04500000178813934,0.9150000214576721,0.03999999910593033,0.8849999904632568,0.03500000014901161,0.07999999821186066,0.0,0.0,0.0,0.0,0.0,0.0
230,-338.8193333333334,0.0,0.05000000074505806,0.8949999809265137,0.054999999701976776,0.8949999809265137,0.07500000298023224,0.029999999329447746,0.8999999761581421,0.04500000178813934,0.054999999701976776,0.0,0.0,0.0,0.0,0.0,0.0
231,-173.00433333333328,0.0,0.9350000023841858,0.029999999329447746,0.03500000014901161,0.9399999976158142,0.029999999329447746,0.029999999329447746,0.9399999976158142,0.029999999329447746,0.029999999329447746,0.0,0.0,0.0,0.0,0.0,0.0
232,-202.40833333333333,0.0,0.03500000014901161,0.9350000023841858,0.029999999329447746,0.03500000014901161,0.9350000023841858,0.029999999329447746,0.03500000014901161,0.9350000023841858,0.029999999329447746,0.0,0.0,0.0,0.0,0.0,0.0
233,-65.21166666666667,0.0,0.03999999910593033,0.054999999701976776,0.9049999713897705,0.8999999761581421,0.07000000029802322,0.029999999329447746,0.925000011920929,0.03999999910593033,0.03500000014901161,0.0,0.0,0.0,0.0,0.0,0.0
234,-46.335333333333345,0.0,0.03500000014901161,0.029999999329447746,0.9350000023841858,0.03500000014901161,0.9350000023841858,0.029999999329447746,0.03500000014901161,0.9350000023841858,0.029999999329447746,0.0,0.0,0.0,0.0,0.0,0.0
235,-83.92233333333334,0.0,0.03999999910593033,0.9300000071525574,0.029999999329447746,0.03999999910593033,0.9300000071525574,0.029999999329447746,0.9200000166893005,0.03500000014901161,0.04500000178813934,0.0,0.0,0.0,0.0,0.0,0.0
236,-296.94633333333337,0.0,0.03500000014901161,0.9350000023841858,0.029999999329447746,0.03500000014901161,0.9350000023841858,0.029999999329447746,0.03500000014901161,0.9300000071525574,0.03500000014901161,0.0,0.0,0.0,0.0,0.0,0.0
237,-89.43733333333337,0.0,0.03500000014901161,0.9350000023841858,0.029999999329447746,0.9399999976158142,0.029999999329447746,0.029999999329447746,0.9399999976158142,0.029999999329447746,0.029999999329447746,0.0,0.0,0.0,0.0,0.0,0.0
238,-522.3686666666666,0.0,0.03500000014901161,0.9350000023841858,0.029999999329447746,0.03500000014901161,0.9300000071525574,0.03500000014901161,0.9049999713897705,0.03999999910593033,0.054999999701976776,0.0,0.0,0.0,0.0,0.0,0.0
239,-64.88066666666663,0.0,0.03500000014901161,0.9350000023841858,0.029999999329447746,0.03500000014901161,0.9350000023841858,0.029999999329447746,0.9100000262260437,0.03500000014901161,0.054999999701976776,0.0,0.0,0.0,0.0,0.0,0.0
240,-44.47900000000002,0.0,0.03500000014901161,0.9350000023841858,0.029999999329447746,0.03500000014901161,0.9350000023841858,0.029999999329447746,0.03500000014901161,0.9350000023841858,0.029999999329447746,0.0,0.0,0.0,0.0,0.0,0.0
241,-140.42899999999995,0.0,0.04500000178813934,0.9100000262260437,0.04500000178813934,0.03999999910593033,0.9300000071525574,0.029999999329447746,0.9049999713897705,0.03500000014901161,0.05999999865889549,0.0,0.0,0.0,0.0,0.0,0.0
242,-36.40766666666667,0.0,0.03500000014901161,0.9350000023841858,0.029999999329447746,0.03500000014901161,0.9350000023841858,0.029999999329447746,0.03500000014901161,0.9350000023841858,0.029999999329447746,0.0,0.0,0.0,0.0,0.0,0.0
243,-281.9026666666666,0.0,0.03500000014901161,0.9300000071525574,0.03500000014901161,0.03500000014901161,0.9300000071525574,0.03500000014901161,0.03500000014901161,0.9300000071525574,0.03500000014901161,0.0,0.0,0.0,0.0,0.0,0.0
244,-65.61333333333333,0.0,0.03500000014901161,0.9350000023841858,0.029999999329447746,0.03500000014901161,0.9350000023841858,0.029999999329447746,0.03500000014901161,0.9300000071525574,0.03500000014901161,0.0,0.0,0.0,0.0,0.0,0.0
245,-100.55866666666667,0.0,0.03500000014901161,0.9350000023841858,0.029999999329447746,0.03500000014901161,0.9350000023841858,0.029999999329447746,0.03500000014901161,0.9350000023841858,0.029999999329447746,0.0,0.0,0.0,0.0,0.0,0.0
246,-97.87266666666666,0.0,0.03500000014901161,0.9350000023841858,0.029999999329447746,0.03500000014901161,0.9350000023841858,0.029999999329447746,0.03500000014901161,0.9350000023841858,0.029999999329447746,0.0,0.0,0.0,0.0,0.0,0.0
247,-143.74800000000002,0.0,0.03500000014901161,0.9350000023841858,0.029999999329447746,0.03500000014901161,0.9350000023841858,0.029999999329447746,0.03500000014901161,0.9350000023841858,0.029999999329447746,0.0,0.0,0.0,0.0,0.0,0.0
248,-283.72899999999976,0.0,0.03500000014901161,0.9350000023841858,0.029999999329447746,0.03999999910593033,0.9300000071525574,0.029999999329447746,0.03500000014901161,0.9350000023841858,0.029999999329447746,0.0,0.0,0.0,0.0,0.0,0.0
249,-460.80799999999977,0.0,0.03999999910593033,0.8799999952316284,0.07999999821186066,0.05999999865889549,0.8999999761581421,0.03999999910593033,0.8849999904632568,0.04500000178813934,0.07000000029802322,0.0,0.0,0.0,0.0,0.0,0.0
250,-162.1906666666666,0.0,0.03500000014901161,0.9350000023841858,0.029999999329447746,0.03999999910593033,0.925000011920929,0.03500000014901161,0.03500000014901161,0.9350000023841858,0.029999999329447746,0.0,0.0,0.0,0.0,0.0,0.0
251,-333.9443333333332,0.0,0.03500000014901161,0.029999999329447746,0.9350000023841858,0.03500000014901161,0.029999999329447746,0.9350000023841858,0.03500000014901161,0.9350000023841858,0.029999999329447746,0.0,0.0,0.0,0.0,0.0,0.0
252,-226.09599999999995,0.0,0.03500000014901161,0.9350000023841858,0.029999999329447746,0.03500000014901161,0.9350000023841858,0.029999999329447746,0.03500000014901161,0.9350000023841858,0.029999999329447746,0.0,0.0,0.0,0.0,0.0,0.0
253,-41.53866666666666,0.0,0.03500000014901161,0.029999999329447746,0.9350000023841858,0.03500000014901161,0.029999999329447746,0.9350000023841858,0.03500000014901161,0.9350000023841858,0.029999999329447746,0.0,0.0,0.0,0.0,0.0,0.0
254,-39.85866666666668,0.0,0.9399999976158142,0.029999999329447746,0.029999999329447746,0.9399999976158142,0.029999999329447746,0.029999999329447746,0.9399999976158142,0.029999999329447746,0.029999999329447746,0.0,0.0,0.0,0.0,0.0,0.0
255,-72.35300000000005,0.0,0.03500000014901161,0.9350000023841858,0.029999999329447746,0.03500000014901161,0.9350000023841858,0.029999999329447746,0.03500000014901161,0.9350000023841858,0.029999999329447746,0.0,0.0,0.0,0.0,0.0,0.0
256,-151.8516666666667,0.0,0.03500000014901161,0.9350000023841858,0.029999999329447746,0.03500000014901161,0.9350000023841858,0.029999999329447746,0.03500000014901161,0.9350000023841858,0.029999999329447746,0.0,0.0,0.0,0.0,0.0,0.0
257,-300.8150000000001,0.0,0.03500000014901161,0.05000000074505806,0.9150000214576721,0.03999999910593033,0.054999999701976776,0.9049999713897705,0.9100000262260437,0.03500000014901161,0.054999999701976776,0.0,0.0,0.0,0.0,0.0,0.0
258,-379.55833333333345,0.0,0.03500000014901161,0.8899999856948853,0.07500000298023224,0.04500000178813934,0.9150000214576721,0.03999999910593033,0.8949999809265137,0.03500000014901161,0.07000000029802322,0.0,0.0,0.0,0.0,0.0,0.0
259,-90.87133333333328,0.0,0.03500000014901161,0.9100000262260437,0.054999999701976776,0.05000000074505806,0.9200000166893005,0.029999999329447746,0.8949999809265137,0.03500000014901161,0.07000000029802322,0.0,0.0,0.0,0.0,0.0,0.0
260,-44.47933333333334,0.0,0.03500000014901161,0.9150000214576721,0.05000000074505806,0.04500000178813934,0.925000011920929,0.029999999329447746,0.9200000166893005,0.029999999329447746,0.05000000074505806,0.0,0.0,0.0,0.0,0.0,0.0
261,-39.260333333333335,0.0,0.03500000014901161,0.9350000023841858,0.029999999329447746,0.05000000074505806,0.9150000214576721,0.03500000014901161,0.9150000214576721,0.029999999329447746,0.054999999701976776,0.0,0.0,0.0,0.0,0.0,0.0
262,-204.58366666666677,0.0,0.03500000014901161,0.9350000023841858,0.029999999329447746,0.03999999910593033,0.9300000071525574,0.029999999329447746,0.03500000014901161,0.9350000023841858,0.029999999329447746,0.0,0.0,0.0,0.0,0.0,0.0
263,-233.84866666666662,0.0,0.03500000014901161,0.9350000023841858,0.029999999329447746,0.03999999910593033,0.925000011920929,0.03500000014901161,0.03999999910593033,0.925000011920929,0.03500000014901161,0.0,0.0,0.0,0.0,0.0,0.0
264,-35.769333333333336,0.0,0.9399999976158142,0.029999999329447746,0.029999999329447746,0.9399999976158142,0.029999999329447746,0.029999999329447746,0.9399999976158142,0.029999999329447746,0.029999999329447746,0.0,0.0,0.0,0.0,0.0,0.0
265,-619.0219999999997,0.0,0.03500000014901161,0.9200000166893005,0.04500000178813934,0.03999999910593033,0.8949999809265137,0.06499999761581421,0.9049999713897705,0.029999999329447746,0.06499999761581421,0.0,0.0,0.0,0.0,0.0,0.0
266,-660.0776666666665,0.0,0.04500000178813934,0.9049999713897705,0.05000000074505806,0.9049999713897705,0.06499999761581421,0.029999999329447746,0.9100000262260437,0.03500000014901161,0.054999999701976776,0.0,0.0,0.0,0.0,0.0,0.0
267,-23.277666666666683,0.0,0.03500000014901161,0.9350000023841858,0.029999999329447746,0.03500000014901161,0.9350000023841858,0.029999999329447746,0.03500000014901161,0.9350000023841858,0.029999999329447746,0.0,0.0,0.0,0.0,0.0,0.0
268,-161.20233333333334,0.0,0.03500000014901161,0.9350000023841858,0.029999999329447746,0.9399999976158142,0.029999999329447746,0.029999999329447746,0.9399999976158142,0.029999999329447746,0.029999999329447746,0.0,0.0,0.0,0.0,0.0,0.0
269,-140.69699999999997,0.0,0.04500000178813934,0.9100000262260437,0.04500000178813934,0.05999999865889549,0.8999999761581421,0.03999999910593033,0.8849999904632568,0.029999999329447746,0.08500000089406967,0.0,0.0,0.0,0.0,0.0,0.0
270,-32.99000000000001,0.0,0.03500000014901161,0.029999999329447746,0.9350000023841858,0.03500000014901161,0.029999999329447746,0.9350000023841858,0.03500000014901161,0.9350000023841858,0.029999999329447746,0.0,0.0,0.0,0.0,0.0,0.0
271,-50.016333333333314,0.0,0.03500000014901161,0.9350000023841858,0.029999999329447746,0.03500000014901161,0.9350000023841858,0.029999999329447746,0.9399999976158142,0.029999999329447746,0.029999999329447746,0.0,0.0,0.0,0.0,0.0,0.0
272,-157.97499999999994,0.0,0.03500000014901161,0.9350000023841858,0.029999999329447746,0.03500000014901161,0.9350000023841858,0.029999999329447746,0.03500000014901161,0.9350000023841858,0.029999999329447746,0.0,0.0,0.0,0.0,0.0,0.0
273,-24.623666666666644,0.0,0.03500000014901161,0.9350000023841858,0.029999999329447746,0.03500000014901161,0.9300000071525574,0.03500000014901161,0.03500000014901161,0.9300000071525574,0.03500000014901161,0.0,0.0,0.0,0.0,0.0,0.0
274,-70.64533333333333,0.0,0.03500000014901161,0.029999999329447746,0.9350000023841858,0.03999999910593033,0.9300000071525574,0.029999999329447746,0.03500000014901161,0.9300000071525574,0.03500000014901161,0.0,0.0,0.0,0.0,0.0,0.0
275,-83.81700000000001,0.0,0.04500000178813934,0.05000000074505806,0.9049999713897705,0.04500000178813934,0.925000011920929,0.029999999329447746,0.8999999761581421,0.029999999329447746,0.07000000029802322,0.0,0.0,0.0,0.0,0.0,0.0
276,-76.46400000000001,0.0,0.03500000014901161,0.9350000023841858,0.029999999329447746,0.03500000014901161,0.9350000023841858,0.029999999329447746,0.03500000014901161,0.9350000023841858,0.029999999329447746,0.0,0.0,0.0,0.0,0.0,0.0
277,-269.5020000000001,0.0,0.03500000014901161,0.9350000023841858,0.029999999329447746,0.03500000014901161,0.9350000023841858,0.029999999329447746,0.05000000074505806,0.9200000166893005,0.029999999329447746,0.0,0.0,0.0,0.0,0.0,0.0
278,-64.0316666666667,0.0,0.03500000014901161,0.9350000023841858,0.029999999329447746,0.03500000014901161,0.9350000023841858,0.029999999329447746,0.03500000014901161,0.9350000023841858,0.029999999329447746,0.0,0.0,0.0,0.0,0.0,0.0
279,-101.79966666666667,0.0,0.04500000178813934,0.054999999701976776,0.8999999761581421,0.8899999856948853,0.07999999821186066,0.029999999329447746,0.8999999761581421,0.029999999329447746,0.07000000029802322,0.0,0.0,0.0,0.0,0.0,0.0
280,-206.32699999999997,0.0,0.03999999910593033,0.9150000214576721,0.04500000178813934,0.03500000014901161,0.9350000023841858,0.029999999329447746,0.9100000262260437,0.029999999329447746,0.05999999865889549,0.0,0.0,0.0,0.0,0.0,0.0
281,-36.990666666666655,0.0,0.03500000014901161,0.029999999329447746,0.9350000023841858,0.03500000014901161,0.03500000014901161,0.9300000071525574,0.9350000023841858,0.029999999329447746,0.03500000014901161,0.0,0.0,0.0,0.0,0.0,0.0
282,-123.43099999999997,0.0,0.03500000014901161,0.9049999713897705,0.05999999865889549,0.03500000014901161,0.9350000023841858,0.029999999329447746,0.9100000262260437,0.029999999329447746,0.05999999865889549,0.0,0.0,0.0,0.0,0.0,0.0
283,-284.70199999999994,0.0,0.03500000014901161,0.9350000023841858,0.029999999329447746,0.03500000014901161,0.9350000023841858,0.029999999329447746,0.9399999976158142,0.029999999329447746,0.029999999329447746,0.0,0.0,0.0,0.0,0.0,0.0
284,-266.27533333333326,0.0,0.03999999910593033,0.8799999952316284,0.07999999821186066,0.03999999910593033,0.9200000166893005,0.03999999910593033,0.8849999904632568,0.029999999329447746,0.08500000089406967,0.0,0.0,0.0,0.0,0.0,0.0
285,-242.19600000000003,0.0,0.05999999865889549,0.8849999904632568,0.054999999701976776,0.05000000074505806,0.9049999713897705,0.04500000178813934,0.8849999904632568,0.029999999329447746,0.08500000089406967,0.0,0.0,0.0,0.0,0.0,0.0
286,-376.6046666666667,0.0,0.03500000014901161,0.9150000214576721,0.05000000074505806,0.03999999910593033,0.9200000166893005,0.03999999910593033,0.8899999856948853,0.029999999329447746,0.07999999821186066,0.0,0.0,0.0,0.0,0.0,0.0
287,-272.8423333333334,0.0,0.03500000014901161,0.9350000023841858,0.029999999329447746,0.03999999910593033,0.9300000071525574,0.029999999329447746,0.03500000014901161,0.9350000023841858,0.029999999329447746,0.0,0.0,0.0,0.0,0.0,0.0
288,-132.7086666666666,0.0,0.03500000014901161,0.029999999329447746,0.9350000023841858,0.9399999976158142,0.029999999329447746,0.029999999329447746,0.9399999976158142,0.029999999329447746,0.029999999329447746,0.0,0.0,0.0,0.0,0.0,0.0
289,-51.62333333333332,0.0,0.03500000014901161,0.9350000023841858,0.029999999329447746,0.03500000014901161,0.9350000023841858,0.029999999329447746,0.03500000014901161,0.9350000023841858,0.029999999329447746,0.0,0.0,0.0,0.0,0.0,0.0
290,-39.772333333333336,0.0,0.03500000014901161,0.9350000023841858,0.029999999329447746,0.03500000014901161,0.9300000071525574,0.03500000014901161,0.9300000071525574,0.029999999329447746,0.03999999910593033,0.0,0.0,0.0,0.0,0.0,0.0
291,-608.5363333333338,0.0,0.03999999910593033,0.8899999856948853,0.07000000029802322,0.8899999856948853,0.07999999821186066,0.029999999329447746,0.9049999713897705,0.03999999910593033,0.054999999701976776,0.0,0.0,0.0,0.0,0.0,0.0
292,-212.73399999999995,0.0,0.9399999976158142,0.029999999329447746,0.029999999329447746,0.9399999976158142,0.029999999329447746,0.029999999329447746,0.9399999976158142,0.029999999329447746,0.029999999329447746,0.0,0.0,0.0,0.0,0.0,0.0
293,-66.70866666666669,0.0,0.03500000014901161,0.9350000023841858,0.029999999329447746,0.03500000014901161,0.9350000023841858,0.029999999329447746,0.03500000014901161,0.9350000023841858,0.029999999329447746,0.0,0.0,0.0,0.0,0.0,0.0
294,-299.7010000000001,0.0,0.03500000014901161,0.8799999952316284,0.08500000089406967,0.03999999910593033,0.9300000071525574,0.029999999329447746,0.8849999904632568,0.029999999329447746,0.08500000089406967,0.0,0.0,0.0,0.0,0.0,0.0
295,-126.025,0.0,0.03500000014901161,0.9049999713897705,0.05999999865889549,0.03500000014901161,0.9200000166893005,0.04500000178813934,0.8949999809265137,0.029999999329447746,0.07500000298023224,0.0,0.0,0.0,0.0,0.0,0.0
296,-27.49233333333333,0.0,0.03500000014901161,0.029999999329447746,0.9350000023841858,0.03500000014901161,0.029999999329447746,0.9350000023841858,0.03500000014901161,0.029999999329447746,0.9350000023841858,0.0,0.0,0.0,0.0,0.0,0.0
297,-39.666999999999994,0.0,0.03500000014901161,0.029999999329447746,0.9350000023841858,0.03500000014901161,0.9350000023841858,0.029999999329447746,0.03500000014901161,0.9350000023841858,0.029999999329447746,0.0,0.0,0.0,0.0,0.0,0.0
298,-251.46599999999987,0.0,0.03500000014901161,0.8849999904632568,0.07999999821186066,0.03500000014901161,0.9100000262260437,0.054999999701976776,0.8899999856948853,0.029999999329447746,0.07999999821186066,0.0,0.0,0.0,0.0,0.0,0.0
299,-30.897999999999964,0.0,0.03500000014901161,0.9350000023841858,0.029999999329447746,0.03500000014901161,0.9350000023841858,0.029999999329447746,0.03500000014901161,0.9350000023841858,0.029999999329447746,0.0,0.0,0.0,0.0,0.0,0.0
300,-199.54166666666654,0.0,0.03500000014901161,0.029999999329447746,0.9350000023841858,0.03500000014901161,0.9350000023841858,0.029999999329447746,0.03500000014901161,0.9350000023841858,0.029999999329447746,0.0,0.0,0.0,0.0,0.0,0.0
301,-278.84799999999996,0.0,0.04500000178813934,0.9200000166893005,0.03500000014901161,0.9100000262260437,0.054999999701976776,0.03500000014901161,0.9350000023841858,0.029999999329447746,0.03500000014901161,0.0,0.0,0.0,0.0,0.0,0.0
302,-48.237999999999985,0.0,0.03500000014901161,0.9350000023841858,0.029999999329447746,0.03500000014901161,0.9350000023841858,0.029999999329447746,0.03500000014901161,0.9350000023841858,0.029999999329447746,0.0,0.0,0.0,0.0,0.0,0.0
303,-145.72600000000003,0.0,0.03999999910593033,0.8949999809265137,0.06499999761581421,0.03999999910593033,0.9049999713897705,0.054999999701976776,0.8899999856948853,0.029999999329447746,0.07999999821186066,0.0,0.0,0.0,0.0,0.0,0.0
304,-89.24133333333333,0.0,0.03500000014901161,0.9350000023841858,0.029999999329447746,0.03999999910593033,0.9300000071525574,0.029999999329447746,0.03500000014901161,0.9350000023841858,0.029999999329447746,0.0,0.0,0.0,0.0,0.0,0.0
305,-44.77066666666669,0.0,0.03500000014901161,0.9350000023841858,0.029999999329447746,0.03500000014901161,0.9350000023841858,0.029999999329447746,0.03500000014901161,0.9350000023841858,0.029999999329447746,0.0,0.0,0.0,0.0,0.0,0.0
306,-85.7026666666667,0.0,0.9399999976158142,0.029999999329447746,0.029999999329447746,0.9399999976158142,0.029999999329447746,0.029999999329447746,0.9399999976158142,0.029999999329447746,0.029999999329447746,0.0,0.0,0.0,0.0,0.0,0.0
307,-95.87633333333329,0.0,0.04500000178813934,0.9049999713897705,0.05000000074505806,0.03500000014901161,0.9049999713897705,0.05999999865889549,0.8849999904632568,0.03999999910593033,0.07500000298023224,0.0,0.0,0.0,0.0,0.0,0.0
308,-107.81499999999997,0.0,0.04500000178813934,0.9100000262260437,0.04500000178813934,0.054999999701976776,0.8999999761581421,0.04500000178813934,0.9049999713897705,0.029999999329447746,0.06499999761581421,0.0,0.0,0.0,0.0,0.0,0.0
309,-313.17999999999995,0.0,0.03500000014901161,0.9350000023841858,0.029999999329447746,0.03500000014901161,0.9350000023841858,0.029999999329447746,0.03500000014901161,0.9350000023841858,0.029999999329447746,0.0,0.0,0.0,0.0,0.0,0.0
310,-29.494999999999994,0.0,0.03500000014901161,0.9350000023841858,0.029999999329447746,0.03500000014901161,0.9350000023841858,0.029999999329447746,0.03500000014901161,0.9350000023841858,0.029999999329447746,0.0,0.0,0.0,0.0,0.0,0.0
311,-232.72600000000006,0.0,0.03500000014901161,0.9350000023841858,0.029999999329447746,0.03500000014901161,0.9350000023841858,0.029999999329447746,0.03500000014901161,0.9350000023841858,0.029999999329447746,0.0,0.0,0.0,0.0,0.0,0.0
312,-100.66733333333332,0.0,0.03500000014901161,0.9350000023841858,0.029999999329447746,0.03500000014901161,0.9350000023841858,0.029999999329447746,0.03500000014901161,0.9350000023841858,0.029999999329447746,0.0,0.0,0.0,0.0,0.0,0.0
313,-41.97666666666666,0.0,0.03500000014901161,0.9350000023841858,0.029999999329447746,0.03500000014901161,0.9150000214576721,0.05000000074505806,0.9150000214576721,0.029999999329447746,0.054999999701976776,0.0,0.0,0.0,0.0,0.0,0.0
314,-36.425666666666686,0.0,0.03500000014901161,0.029999999329447746,0.9350000023841858,0.03500000014901161,0.03999999910593033,0.925000011920929,0.03500000014901161,0.029999999329447746,0.9350000023841858,0.0,0.0,0.0,0.0,0.0,0.0
315,-65.49599999999994,0.0,0.03500000014901161,0.9350000023841858,0.029999999329447746,0.03500000014901161,0.9350000023841858,0.029999999329447746,0.03500000014901161,0.9350000023841858,0.029999999329447746,0.0,0.0,0.0,0.0,0.0,0.0
316,-175.2753333333333,0.0,0.03500000014901161,0.9350000023841858,0.029999999329447746,0.03500000014901161,0.9300000071525574,0.03500000014901161,0.03500000014901161,0.9350000023841858,0.029999999329447746,0.0,0.0,0.0,0.0,0.0,0.0
317,-18.235,0.0,0.03500000014901161,0.9350000023841858,0.029999999329447746,0.03500000014901161,0.9350000023841858,0.029999999329447746,0.03500000014901161,0.9350000023841858,0.029999999329447746,0.0,0.0,0.0,0.0,0.0,0.0
318,-43.47333333333332,0.0,0.03500000014901161,0.9350000023841858,0.029999999329447746,0.03500000014901161,0.9350000023841858,0.029999999329447746,0.03500000014901161,0.9350000023841858,0.029999999329447746,0.0,0.0,0.0,0.0,0.0,0.0
319,-304.0529999999998,0.0,0.03500000014901161,0.8799999952316284,0.08500000089406967,0.03999999910593033,0.8799999952316284,0.07999999821186066,0.8799999952316284,0.029999999329447746,0.09000000357627869,0.0,0.0,0.0,0.0,0.0,0.0
320,-172.32299999999995,0.0,0.03500000014901161,0.029999999329447746,0.9350000023841858,0.03500000014901161,0.9350000023841858,0.029999999329447746,0.03500000014901161,0.9350000023841858,0.029999999329447746,0.0,0.0,0.0,0.0,0.0,0.0
321,-500.42766666666665,0.0,0.03500000014901161,0.8799999952316284,0.08500000089406967,0.03500000014901161,0.8849999904632568,0.07999999821186066,0.8799999952316284,0.029999999329447746,0.09000000357627869,0.0,0.0,0.0,0.0,0.0,0.0
322,-358.77966666666657,0.0,0.03500000014901161,0.9350000023841858,0.029999999329447746,0.03500000014901161,0.9350000023841858,0.029999999329447746,0.03500000014901161,0.9350000023841858,0.029999999329447746,0.0,0.0,0.0,0.0,0.0,0.0
323,-117.87899999999998,0.0,0.03500000014901161,0.029999999329447746,0.9350000023841858,0.9399999976158142,0.029999999329447746,0.029999999329447746,0.9399999976158142,0.029999999329447746,0.029999999329447746,0.0,0.0,0.0,0.0,0.0,0.0
324,-56.90366666666666,0.0,0.03500000014901161,0.925000011920929,0.03999999910593033,0.03500000014901161,0.05999999865889549,0.9049999713897705,0.9100000262260437,0.029999999329447746,0.05999999865889549,0.0,0.0,0.0,0.0,0.0,0.0
325,-243.34466666666663,0.0,0.03500000014901161,0.029999999329447746,0.9350000023841858,0.03500000014901161,0.029999999329447746,0.9350000023841858,0.03500000014901161,0.9350000023841858,0.029999999329447746,0.0,0.0,0.0,0.0,0.0,0.0
326,-63.190666666666694,0.0,0.03500000014901161,0.9350000023841858,0.029999999329447746,0.03999999910593033,0.9200000166893005,0.03999999910593033,0.9300000071525574,0.029999999329447746,0.03999999910593033,0.0,0.0,0.0,0.0,0.0,0.0
327,-461.7916666666671,0.0,0.05000000074505806,0.8799999952316284,0.07000000029802322,0.03999999910593033,0.8849999904632568,0.07500000298023224,0.8849999904632568,0.029999999329447746,0.08500000089406967,0.0,0.0,0.0,0.0,0.0,0.0
328,-34.443333333333314,0.0,0.03500000014901161,0.9350000023841858,0.029999999329447746,0.03500000014901161,0.9350000023841858,0.029999999329447746,0.03500000014901161,0.9350000023841858,0.029999999329447746,0.0,0.0,0.0,0.0,0.0,0.0
329,-38.113666666666674,0.0,0.03500000014901161,0.9350000023841858,0.029999999329447746,0.03500000014901161,0.9350000023841858,0.029999999329447746,0.03500000014901161,0.9350000023841858,0.029999999329447746,0.0,0.0,0.0,0.0,0.0,0.0
330,-48.5703333333333,0.0,0.03500000014901161,0.9350000023841858,0.029999999329447746,0.03500000014901161,0.9350000023841858,0.029999999329447746,0.9399999976158142,0.029999999329447746,0.029999999329447746,0.0,0.0,0.0,0.0,0.0,0.0
331,-52.438666666666656,0.0,0.03500000014901161,0.9350000023841858,0.029999999329447746,0.03500000014901161,0.9350000023841858,0.029999999329447746,0.03500000014901161,0.9350000023841858,0.029999999329447746,0.0,0.0,0.0,0.0,0.0,0.0
332,-48.55433333333332,0.0,0.03500000014901161,0.9350000023841858,0.029999999329447746,0.03500000014901161,0.9350000023841858,0.029999999329447746,0.03500000014901161,0.9350000023841858,0.029999999329447746,0.0,0.0,0.0,0.0,0.0,0.0
333,-250.597,0.0,0.04500000178813934,0.8849999904632568,0.07000000029802322,0.8899999856948853,0.03999999910593033,0.07000000029802322,0.8949999809265137,0.029999999329447746,0.07500000298023224,0.0,0.0,0.0,0.0,0.0,0.0
334,-186.5966666666666,0.0,0.03999999910593033,0.9100000262260437,0.05000000074505806,0.03500000014901161,0.8799999952316284,0.08500000089406967,0.8999999761581421,0.029999999329447746,0.07000000029802322,0.0,0.0,0.0,0.0,0.0,0.0
335,-144.673,0.0,0.03999999910593033,0.8899999856948853,0.07000000029802322,0.03999999910593033,0.8849999904632568,0.07500000298023224,0.8899999856948853,0.029999999329447746,0.07999999821186066,0.0,0.0,0.0,0.0,0.0,0.0
336,-252.35800000000003,0.0,0.03500000014901161,0.9350000023841858,0.029999999329447746,0.03500000014901161,0.9350000023841858,0.029999999329447746,0.9399999976158142,0.029999999329447746,0.029999999329447746,0.0,0.0,0.0,0.0,0.0,0.0
337,-104.62233333333332,0.0,0.03500000014901161,0.9049999713897705,0.05999999865889549,0.03500000014901161,0.9049999713897705,0.05999999865889549,0.9100000262260437,0.029999999329447746,0.05999999865889549,0.0,0.0,0.0,0.0,0.0,0.0
338,-132.96266666666665,0.0,0.03500000014901161,0.9350000023841858,0.029999999329447746,0.03500000014901161,0.9200000166893005,0.04500000178813934,0.03999999910593033,0.925000011920929,0.03500000014901161,0.0,0.0,0.0,0.0,0.0,0.0
339,-49.45333333333332,0.0,0.03500000014901161,0.9350000023841858,0.029999999329447746,0.03500000014901161,0.925000011920929,0.03999999910593033,0.03500000014901161,0.9300000071525574,0.03500000014901161,0.0,0.0,0.0,0.0,0.0,0.0
340,-291.41233333333327,0.0,0.04500000178813934,0.8999999761581421,0.054999999701976776,0.03500000014901161,0.8999999761581421,0.06499999761581421,0.9049999713897705,0.029999999329447746,0.06499999761581421,0.0,0.0,0.0,0.0,0.0,0.0
341,-232.48666666666668,0.0,0.03500000014901161,0.8849999904632568,0.07999999821186066,0.03500000014901161,0.8799999952316284,0.08500000089406967,0.8849999904632568,0.029999999329447746,0.08500000089406967,0.0,0.0,0.0,0.0,0.0,0.0
342,-54.32966666666669,0.0,0.03500000014901161,0.029999999329447746,0.9350000023841858,0.03500000014901161,0.03500000014901161,0.9300000071525574,0.03500000014901161,0.029999999329447746,0.9350000023841858,0.0,0.0,0.0,0.0,0.0,0.0
343,-47.90600000000001,0.0,0.03500000014901161,0.9350000023841858,0.029999999329447746,0.03500000014901161,0.9300000071525574,0.03500000014901161,0.03500000014901161,0.9350000023841858,0.029999999329447746,0.0,0.0,0.0,0.0,0.0,0.0
344,-201.56599999999995,0.0,0.05000000074505806,0.8849999904632568,0.06499999761581421,0.03500000014901161,0.8849999904632568,0.07999999821186066,0.8899999856948853,0.029999999329447746,0.07999999821186066,0.0,0.0,0.0,0.0,0.0,0.0
345,-514.2993333333329,0.0,0.03500000014901161,0.9350000023841858,0.029999999329447746,0.03500000014901161,0.9350000023841858,0.029999999329447746,0.03500000014901161,0.9350000023841858,0.029999999329447746,0.0,0.0,0.0,0.0,0.0,0.0
346,-36.65299999999999,0.0,0.03500000014901161,0.9350000023841858,0.029999999329447746,0.03500000014901161,0.9350000023841858,0.029999999329447746,0.03500000014901161,0.9350000023841858,0.029999999329447746,0.0,0.0,0.0,0.0,0.0,0.0
347,-124.81899999999997,0.0,0.03500000014901161,0.9300000071525574,0.03500000014901161,0.03500000014901161,0.9200000166893005,0.04500000178813934,0.925000011920929,0.029999999329447746,0.04500000178813934,0.0,0.0,0.0,0.0,0.0,0.0
348,-82.68166666666666,0.0,0.03500000014901161,0.9350000023841858,0.029999999329447746,0.03999999910593033,0.9100000262260437,0.05000000074505806,0.03999999910593033,0.9300000071525574,0.029999999329447746,0.0,0.0,0.0,0.0,0.0,0.0
349,-42.02733333333331,0.0,0.03500000014901161,0.9350000023841858,0.029999999329447746,0.03500000014901161,0.9350000023841858,0.029999999329447746,0.03500000014901161,0.9350000023841858,0.029999999329447746,0.0,0.0,0.0,0.0,0.0,0.0
350,-707.2419999999997,0.0,0.05999999865889549,0.875,0.06499999761581421,0.03500000014901161,0.8799999952316284,0.08500000089406967,0.8849999904632568,0.029999999329447746,0.08500000089406967,0.0,0.0,0.0,0.0,0.0,0.0
351,-243.61899999999991,0.0,0.054999999701976776,0.8799999952316284,0.06499999761581421,0.03500000014901161,0.8799999952316284,0.08500000089406967,0.8849999904632568,0.029999999329447746,0.08500000089406967,0.0,0.0,0.0,0.0,0.0,0.0
352,-88.47233333333332,0.0,0.03500000014901161,0.9350000023841858,0.029999999329447746,0.03500000014901161,0.9300000071525574,0.03500000014901161,0.03500000014901161,0.9350000023841858,0.029999999329447746,0.0,0.0,0.0,0.0,0.0,0.0
353,-51.739666666666665,0.0,0.03500000014901161,0.9350000023841858,0.029999999329447746,0.03500000014901161,0.9350000023841858,0.029999999329447746,0.03500000014901161,0.9350000023841858,0.029999999329447746,0.0,0.0,0.0,0.0,0.0,0.0
354,-227.17033333333345,0.0,0.03500000014901161,0.9350000023841858,0.029999999329447746,0.03500000014901161,0.9350000023841858,0.029999999329447746,0.9399999976158142,0.029999999329447746,0.029999999329447746,0.0,0.0,0.0,0.0,0.0,0.0
355,-390.846,0.0,0.03500000014901161,0.9350000023841858,0.029999999329447746,0.03500000014901161,0.9350000023841858,0.029999999329447746,0.03500000014901161,0.9350000023841858,0.029999999329447746,0.0,0.0,0.0,0.0,0.0,0.0
356,-96.20800000000001,0.0,0.03500000014901161,0.029999999329447746,0.9350000023841858,0.03500000014901161,0.9350000023841858,0.029999999329447746,0.03500000014901161,0.9350000023841858,0.029999999329447746,0.0,0.0,0.0,0.0,0.0,0.0
357,-352.64366666666655,0.0,0.03500000014901161,0.9350000023841858,0.029999999329447746,0.03500000014901161,0.9300000071525574,0.03500000014901161,0.03500000014901161,0.9350000023841858,0.029999999329447746,0.0,0.0,0.0,0.0,0.0,0.0
358,-144.7590000000001,0.0,0.03500000014901161,0.9350000023841858,0.029999999329447746,0.03500000014901161,0.925000011920929,0.03999999910593033,0.03500000014901161,0.9350000023841858,0.029999999329447746,0.0,0.0,0.0,0.0,0.0,0.0
359,-268.8959999999999,0.0,0.03500000014901161,0.9350000023841858,0.029999999329447746,0.03500000014901161,0.9350000023841858,0.029999999329447746,0.03500000014901161,0.9350000023841858,0.029999999329447746,0.0,0.0,0.0,0.0,0.0,0.0
360,-333.26633333333325,0.0,0.03999999910593033,0.8799999952316284,0.07999999821186066,0.03500000014901161,0.8799999952316284,0.08500000089406967,0.8849999904632568,0.029999999329447746,0.08500000089406967,0.0,0.0,0.0,0.0,0.0,0.0
361,-36.18366666666666,0.0,0.03500000014901161,0.9350000023841858,0.029999999329447746,0.03500000014901161,0.9350000023841858,0.029999999329447746,0.03500000014901161,0.9350000023841858,0.029999999329447746,0.0,0.0,0.0,0.0,0.0,0.0
362,-134.7779999999999,0.0,0.03500000014901161,0.9350000023841858,0.029999999329447746,0.03500000014901161,0.9350000023841858,0.029999999329447746,0.03500000014901161,0.9350000023841858,0.029999999329447746,0.0,0.0,0.0,0.0,0.0,0.0
363,-541.1773333333332,0.0,0.03500000014901161,0.8799999952316284,0.08500000089406967,0.03999999910593033,0.8849999904632568,0.07500000298023224,0.8799999952316284,0.029999999329447746,0.09000000357627869,0.0,0.0,0.0,0.0,0.0,0.0
364,-93.55200000000005,0.0,0.03500000014901161,0.029999999329447746,0.9350000023841858,0.03500000014901161,0.9350000023841858,0.029999999329447746,0.9399999976158142,0.029999999329447746,0.029999999329447746,0.0,0.0,0.0,0.0,0.0,0.0
365,-75.39466666666664,0.0,0.04500000178813934,0.8899999856948853,0.06499999761581421,0.8899999856948853,0.07000000029802322,0.03999999910593033,0.8999999761581421,0.029999999329447746,0.07000000029802322,0.0,0.0,0.0,0.0,0.0,0.0
366,-353.3333333333336,0.0,0.03500000014901161,0.029999999329447746,0.9350000023841858,0.03500000014901161,0.029999999329447746,0.9350000023841858,0.03500000014901161,0.9350000023841858,0.029999999329447746,0.0,0.0,0.0,0.0,0.0,0.0
367,-224.26600000000005,0.0,0.03500000014901161,0.8799999952316284,0.08500000089406967,0.03999999910593033,0.8849999904632568,0.07500000298023224,0.8799999952316284,0.029999999329447746,0.09000000357627869,0.0,0.0,0.0,0.0,0.0,0.0
368,-64.86599999999994,0.0,0.03500000014901161,0.9350000023841858,0.029999999329447746,0.03500000014901161,0.9350000023841858,0.029999999329447746,0.9399999976158142,0.029999999329447746,0.029999999329447746,0.0,0.0,0.0,0.0,0.0,0.0
369,-108.08600000000006,0.0,0.9399999976158142,0.029999999329447746,0.029999999329447746,0.9399999976158142,0.029999999329447746,0.029999999329447746,0.9399999976158142,0.029999999329447746,0.029999999329447746,0.0,0.0,0.0,0.0,0.0,0.0
370,-34.442666666666675,0.0,0.03500000014901161,0.9350000023841858,0.029999999329447746,0.03500000014901161,0.029999999329447746,0.9350000023841858,0.03500000014901161,0.9350000023841858,0.029999999329447746,0.0,0.0,0.0,0.0,0.0,0.0
371,-116.72966666666674,0.0,0.05999999865889549,0.8949999809265137,0.04500000178813934,0.8999999761581421,0.07000000029802322,0.029999999329447746,0.9200000166893005,0.029999999329447746,0.05000000074505806,0.0,0.0,0.0,0.0,0.0,0.0
372,-130.53833333333327,0.0,0.05999999865889549,0.8799999952316284,0.05999999865889549,0.03999999910593033,0.8899999856948853,0.07000000029802322,0.8799999952316284,0.029999999329447746,0.09000000357627869,0.0,0.0,0.0,0.0,0.0,0.0
373,-244.87166666666667,0.0,0.03500000014901161,0.9350000023841858,0.029999999329447746,0.03500000014901161,0.9350000023841858,0.029999999329447746,0.03500000014901161,0.9350000023841858,0.029999999329447746,0.0,0.0,0.0,0.0,0.0,0.0
374,-40.15566666666666,0.0,0.03500000014901161,0.9350000023841858,0.029999999329447746,0.03500000014901161,0.9350000023841858,0.029999999329447746,0.03500000014901161,0.9350000023841858,0.029999999329447746,0.0,0.0,0.0,0.0,0.0,0.0
375,-36.81166666666664,0.0,0.03500000014901161,0.9350000023841858,0.029999999329447746,0.03500000014901161,0.9350000023841858,0.029999999329447746,0.03500000014901161,0.9350000023841858,0.029999999329447746,0.0,0.0,0.0,0.0,0.0,0.0
376,-21.676,0.0,0.03500000014901161,0.9350000023841858,0.029999999329447746,0.03500000014901161,0.9350000023841858,0.029999999329447746,0.03500000014901161,0.9350000023841858,0.029999999329447746,0.0,0.0,0.0,0.0,0.0,0.0
377,-144.16299999999998,0.0,0.03500000014901161,0.9350000023841858,0.029999999329447746,0.04500000178813934,0.925000011920929,0.029999999329447746,0.03999999910593033,0.9300000071525574,0.029999999329447746,0.0,0.0,0.0,0.0,0.0,0.0
378,-46.175999999999995,0.0,0.03500000014901161,0.029999999329447746,0.9350000023841858,0.03500000014901161,0.9350000023841858,0.029999999329447746,0.03500000014901161,0.9350000023841858,0.029999999329447746,0.0,0.0,0.0,0.0,0.0,0.0
379,-257.65633333333324,0.0,0.03500000014901161,0.9350000023841858,0.029999999329447746,0.03500000014901161,0.9300000071525574,0.03500000014901161,0.03500000014901161,0.9300000071525574,0.03500000014901161,0.0,0.0,0.0,0.0,0.0,0.0
380,-35.69666666666669,0.0,0.03500000014901161,0.029999999329447746,0.9350000023841858,0.03500000014901161,0.029999999329447746,0.9350000023841858,0.03500000014901161,0.029999999329447746,0.9350000023841858,0.0,0.0,0.0,0.0,0.0,0.0
381,-144.2026666666667,0.0,0.05000000074505806,0.8899999856948853,0.05999999865889549,0.04500000178813934,0.9049999713897705,0.05000000074505806,0.8949999809265137,0.029999999329447746,0.07500000298023224,0.0,0.0,0.0,0.0,0.0,0.0
382,-278.2630000000001,0.0,0.03500000014901161,0.029999999329447746,0.9350000023841858,0.03999999910593033,0.029999999329447746,0.9300000071525574,0.03500000014901161,0.029999999329447746,0.9350000023841858,0.0,0.0,0.0,0.0,0.0,0.0
383,-278.16666666666674,0.0,0.05000000074505806,0.8949999809265137,0.054999999701976776,0.05999999865889549,0.8949999809265137,0.04500000178813934,0.8799999952316284,0.029999999329447746,0.09000000357627869,0.0,0.0,0.0,0.0,0.0,0.0
384,-41.51800000000002,0.0,0.03500000014901161,0.03500000014901161,0.9300000071525574,0.03500000014901161,0.9300000071525574,0.03500000014901161,0.9300000071525574,0.029999999329447746,0.03999999910593033,0.0,0.0,0.0,0.0,0.0,0.0
385,-170.93966666666662,0.0,0.03500000014901161,0.9350000023841858,0.029999999329447746,0.03500000014901161,0.9350000023841858,0.029999999329447746,0.03500000014901161,0.9350000023841858,0.029999999329447746,0.0,0.0,0.0,0.0,0.0,0.0
386,-104.55633333333331,0.0,0.03999999910593033,0.9100000262260437,0.05000000074505806,0.05000000074505806,0.9100000262260437,0.03999999910593033,0.9100000262260437,0.029999999329447746,0.05999999865889549,0.0,0.0,0.0,0.0,0.0,0.0
387,-58.04199999999999,0.0,0.03500000014901161,0.9350000023841858,0.029999999329447746,0.03500000014901161,0.925000011920929,0.03999999910593033,0.9300000071525574,0.029999999329447746,0.03999999910593033,0.0,0.0,0.0,0.0,0.0,0.0
388,-65.61699999999998,0.0,0.03500000014901161,0.9350000023841858,0.029999999329447746,0.03500000014901161,0.9350000023841858,0.029999999329447746,0.9399999976158142,0.029999999329447746,0.029999999329447746,0.0,0.0,0.0,0.0,0.0,0.0
389,-47.535,0.0,0.03500000014901161,0.9350000023841858,0.029999999329447746,0.03500000014901161,0.9300000071525574,0.03500000014901161,0.03999999910593033,0.9300000071525574,0.029999999329447746,0.0,0.0,0.0,0.0,0.0,0.0
390,-410.847,0.0,0.03500000014901161,0.8949999809265137,0.07000000029802322,0.054999999701976776,0.9049999713897705,0.03999999910593033,0.8999999761581421,0.029999999329447746,0.07000000029802322,0.0,0.0,0.0,0.0,0.0,0.0
391,-40.09066666666668,0.0,0.03500000014901161,0.9350000023841858,0.029999999329447746,0.03500000014901161,0.9350000023841858,0.029999999329447746,0.03500000014901161,0.9350000023841858,0.029999999329447746,0.0,0.0,0.0,0.0,0.0,0.0
392,-42.733999999999995,0.0,0.03500000014901161,0.9350000023841858,0.029999999329447746,0.03500000014901161,0.9350000023841858,0.029999999329447746,0.03500000014901161,0.9350000023841858,0.029999999329447746,0.0,0.0,0.0,0.0,0.0,0.0
393,-269.6666666666667,0.0,0.03500000014901161,0.9100000262260437,0.054999999701976776,0.03999999910593033,0.9100000262260437,0.05000000074505806,0.8899999856948853,0.029999999329447746,0.07999999821186066,0.0,0.0,0.0,0.0,0.0,0.0
394,-290.2386666666667,0.0,0.03500000014901161,0.9350000023841858,0.029999999329447746,0.03500000014901161,0.9350000023841858,0.029999999329447746,0.03500000014901161,0.9350000023841858,0.029999999329447746,0.0,0.0,0.0,0.0,0.0,0.0
395,-227.63100000000009,0.0,0.03500000014901161,0.9350000023841858,0.029999999329447746,0.03500000014901161,0.9350000023841858,0.029999999329447746,0.03500000014901161,0.9350000023841858,0.029999999329447746,0.0,0.0,0.0,0.0,0.0,0.0
396,-235.0360000000001,0.0,0.03500000014901161,0.9350000023841858,0.029999999329447746,0.9399999976158142,0.029999999329447746,0.029999999329447746,0.9399999976158142,0.029999999329447746,0.029999999329447746,0.0,0.0,0.0,0.0,0.0,0.0
397,-87.4183333333334,0.0,0.03500000014901161,0.9350000023841858,0.029999999329447746,0.03999999910593033,0.9200000166893005,0.03999999910593033,0.04500000178813934,0.925000011920929,0.029999999329447746,0.0,0.0,0.0,0.0,0.0,0.0
398,-57.15066666666662,0.0,0.04500000178813934,0.9150000214576721,0.03999999910593033,0.05000000074505806,0.9100000262260437,0.03999999910593033,0.9049999713897705,0.029999999329447746,0.06499999761581421,0.0,0.0,0.0,0.0,0.0,0.0
399,-60.647,0.0,0.03500000014901161,0.9350000023841858,0.029999999329447746,0.03500000014901161,0.9350000023841858,0.029999999329447746,0.03500000014901161,0.9350000023841858,0.029999999329447746,0.0,0.0,0.0,0.0,0.0,0.0
400,-47.34833333333335,0.0,0.03500000014901161,0.9350000023841858,0.029999999329447746,0.03500000014901161,0.925000011920929,0.03999999910593033,0.03500000014901161,0.9350000023841858,0.029999999329447746,0.0,0.0,0.0,0.0,0.0,0.0
401,-246.1113333333333,0.0,0.03500000014901161,0.9350000023841858,0.029999999329447746,0.03500000014901161,0.9350000023841858,0.029999999329447746,0.03500000014901161,0.9350000023841858,0.029999999329447746,0.0,0.0,0.0,0.0,0.0,0.0
402,-200.80966666666666,0.0,0.03500000014901161,0.9350000023841858,0.029999999329447746,0.9399999976158142,0.029999999329447746,0.029999999329447746,0.9399999976158142,0.029999999329447746,0.029999999329447746,0.0,0.0,0.0,0.0,0.0,0.0
403,-133.2403333333333,0.0,0.03500000014901161,0.9350000023841858,0.029999999329447746,0.03500000014901161,0.9350000023841858,0.029999999329447746,0.03500000014901161,0.9350000023841858,0.029999999329447746,0.0,0.0,0.0,0.0,0.0,0.0
404,-26.206666666666678,0.0,0.03500000014901161,0.9350000023841858,0.029999999329447746,0.03500000014901161,0.9350000023841858,0.029999999329447746,0.03500000014901161,0.9350000023841858,0.029999999329447746,0.0,0.0,0.0,0.0,0.0,0.0
405,-84.95633333333333,0.0,0.03500000014901161,0.9350000023841858,0.029999999329447746,0.03999999910593033,0.9150000214576721,0.04500000178813934,0.9100000262260437,0.029999999329447746,0.05999999865889549,0.0,0.0,0.0,0.0,0.0,0.0
406,-44.173666666666676,0.0,0.03500000014901161,0.9350000023841858,0.029999999329447746,0.03500000014901161,0.9300000071525574,0.03500000014901161,0.03999999910593033,0.9300000071525574,0.029999999329447746,0.0,0.0,0.0,0.0,0.0,0.0
407,-83.70966666666668,0.0,0.05000000074505806,0.9049999713897705,0.04500000178813934,0.9049999713897705,0.06499999761581421,0.029999999329447746,0.9150000214576721,0.03999999910593033,0.04500000178813934,0.0,0.0,0.0,0.0,0.0,0.0
408,-311.5826666666667,0.0,0.04500000178813934,0.925000011920929,0.029999999329447746,0.03500000014901161,0.925000011920929,0.03999999910593033,0.9300000071525574,0.029999999329447746,0.03999999910593033,0.0,0.0,0.0,0.0,0.0,0.0
409,-54.050666666666636,0.0,0.03500000014901161,0.9350000023841858,0.029999999329447746,0.03500000014901161,0.9350000023841858,0.029999999329447746,0.9399999976158142,0.029999999329447746,0.029999999329447746,0.0,0.0,0.0,0.0,0.0,0.0
410,-433.64566666666656,0.0,0.03999999910593033,0.9200000166893005,0.03999999910593033,0.03999999910593033,0.925000011920929,0.03500000014901161,0.9200000166893005,0.029999999329447746,0.05000000074505806,0.0,0.0,0.0,0.0,0.0,0.0
411,-560.5679999999999,0.0,0.06499999761581421,0.8799999952316284,0.054999999701976776,0.03999999910593033,0.8999999761581421,0.05999999865889549,0.8849999904632568,0.029999999329447746,0.08500000089406967,0.0,0.0,0.0,0.0,0.0,0.0
412,-230.13433333333333,0.0,0.03999999910593033,0.9049999713897705,0.054999999701976776,0.054999999701976776,0.9150000214576721,0.029999999329447746,0.8999999761581421,0.029999999329447746,0.07000000029802322,0.0,0.0,0.0,0.0,0.0,0.0
413,-94.391,0.0,0.03500000014901161,0.9350000023841858,0.029999999329447746,0.03500000014901161,0.9350000023841858,0.029999999329447746,0.03500000014901161,0.9350000023841858,0.029999999329447746,0.0,0.0,0.0,0.0,0.0,0.0
414,-74.004,0.0,0.03500000014901161,0.9350000023841858,0.029999999329447746,0.03500000014901161,0.9350000023841858,0.029999999329447746,0.03500000014901161,0.9350000023841858,0.029999999329447746,0.0,0.0,0.0,0.0,0.0,0.0
415,-90.50466666666662,0.0,0.03500000014901161,0.9350000023841858,0.029999999329447746,0.03500000014901161,0.9350000023841858,0.029999999329447746,0.03500000014901161,0.9350000023841858,0.029999999329447746,0.0,0.0,0.0,0.0,0.0,0.0
416,-57.724333333333334,0.0,0.03500000014901161,0.9350000023841858,0.029999999329447746,0.03500000014901161,0.9350000023841858,0.029999999329447746,0.9399999976158142,0.029999999329447746,0.029999999329447746,0.0,0.0,0.0,0.0,0.0,0.0
417,-263.63266666666675,0.0,0.03500000014901161,0.029999999329447746,0.9350000023841858,0.03500000014901161,0.029999999329447746,0.9350000023841858,0.9399999976158142,0.029999999329447746,0.029999999329447746,0.0,0.0,0.0,0.0,0.0,0.0
418,-34.63033333333333,0.0,0.03500000014901161,0.9350000023841858,0.029999999329447746,0.03500000014901161,0.9350000023841858,0.029999999329447746,0.03500000014901161,0.9350000023841858,0.029999999329447746,0.0,0.0,0.0,0.0,0.0,0.0
419,-524.9486666666667,0.0,0.03500000014901161,0.9350000023841858,0.029999999329447746,0.03500000014901161,0.9350000023841858,0.029999999329447746,0.03500000014901161,0.9350000023841858,0.029999999329447746,0.0,0.0,0.0,0.0,0.0,0.0
420,-56.318000000000005,0.0,0.03500000014901161,0.9350000023841858,0.029999999329447746,0.03500000014901161,0.9350000023841858,0.029999999329447746,0.03500000014901161,0.9350000023841858,0.029999999329447746,0.0,0.0,0.0,0.0,0.0,0.0
421,-25.80066666666668,0.0,0.03500000014901161,0.9350000023841858,0.029999999329447746,0.03500000014901161,0.03500000014901161,0.9300000071525574,0.03500000014901161,0.9350000023841858,0.029999999329447746,0.0,0.0,0.0,0.0,0.0,0.0
422,-54.26233333333334,0.0,0.03500000014901161,0.9350000023841858,0.029999999329447746,0.03500000014901161,0.9350000023841858,0.029999999329447746,0.03500000014901161,0.9350000023841858,0.029999999329447746,0.0,0.0,0.0,0.0,0.0,0.0
423,-33.40099999999999,0.0,0.03500000014901161,0.9350000023841858,0.029999999329447746,0.03500000014901161,0.9350000023841858,0.029999999329447746,0.03500000014901161,0.9350000023841858,0.029999999329447746,0.0,0.0,0.0,0.0,0.0,0.0
424,-55.93233333333335,0.0,0.03999999910593033,0.9200000166893005,0.03999999910593033,0.9200000166893005,0.05000000074505806,0.029999999329447746,0.9300000071525574,0.03500000014901161,0.03500000014901161,0.0,0.0,0.0,0.0,0.0,0.0
425,-172.46600000000007,0.0,0.03500000014901161,0.9350000023841858,0.029999999329447746,0.03500000014901161,0.9350000023841858,0.029999999329447746,0.03500000014901161,0.9350000023841858,0.029999999329447746,0.0,0.0,0.0,0.0,0.0,0.0
426,-210.74200000000008,0.0,0.03500000014901161,0.9350000023841858,0.029999999329447746,0.03500000014901161,0.9350000023841858,0.029999999329447746,0.03500000014901161,0.9350000023841858,0.029999999329447746,0.0,0.0,0.0,0.0,0.0,0.0
427,-261.23500000000007,0.0,0.9399999976158142,0.029999999329447746,0.029999999329447746,0.9399999976158142,0.029999999329447746,0.029999999329447746,0.9399999976158142,0.029999999329447746,0.029999999329447746,0.0,0.0,0.0,0.0,0.0,0.0
428,-315.135,0.0,0.03500000014901161,0.9350000023841858,0.029999999329447746,0.03500000014901161,0.9350000023841858,0.029999999329447746,0.03500000014901161,0.9350000023841858,0.029999999329447746,0.0,0.0,0.0,0.0,0.0,0.0
429,-101.48433333333331,0.0,0.03500000014901161,0.9350000023841858,0.029999999329447746,0.03500000014901161,0.9350000023841858,0.029999999329447746,0.03500000014901161,0.9350000023841858,0.029999999329447746,0.0,0.0,0.0,0.0,0.0,0.0
430,-82.44866666666672,0.0,0.9399999976158142,0.029999999329447746,0.029999999329447746,0.9399999976158142,0.029999999329447746,0.029999999329447746,0.9399999976158142,0.029999999329447746,0.029999999329447746,0.0,0.0,0.0,0.0,0.0,0.0
431,-160.31833333333336,0.0,0.05999999865889549,0.8849999904632568,0.054999999701976776,0.04500000178813934,0.9200000166893005,0.03500000014901161,0.8849999904632568,0.029999999329447746,0.08500000089406967,0.0,0.0,0.0,0.0,0.0,0.0
432,-279.1206666666665,0.0,0.03500000014901161,0.9350000023841858,0.029999999329447746,0.03500000014901161,0.9350000023841858,0.029999999329447746,0.03500000014901161,0.9350000023841858,0.029999999329447746,0.0,0.0,0.0,0.0,0.0,0.0
433,-259.89733333333345,0.0,0.04500000178813934,0.8799999952316284,0.07500000298023224,0.06499999761581421,0.8949999809265137,0.03999999910593033,0.8849999904632568,0.029999999329447746,0.08500000089406967,0.0,0.0,0.0,0.0,0.0,0.0
434,-37.963999999999984,0.0,0.03500000014901161,0.9350000023841858,0.029999999329447746,0.03500000014901161,0.9350000023841858,0.029999999329447746,0.03500000014901161,0.9350000023841858,0.029999999329447746,0.0,0.0,0.0,0.0,0.0,0.0
435,-240.83333333333331,0.0,0.03999999910593033,0.8799999952316284,0.07999999821186066,0.054999999701976776,0.9150000214576721,0.029999999329447746,0.8849999904632568,0.029999999329447746,0.08500000089406967,0.0,0.0,0.0,0.0,0.0,0.0
436,-53.07366666666666,0.0,0.03500000014901161,0.9350000023841858,0.029999999329447746,0.03500000014901161,0.9300000071525574,0.03500000014901161,0.03999999910593033,0.9300000071525574,0.029999999329447746,0.0,0.0,0.0,0.0,0.0,0.0
437,-400.78633333333323,0.0,0.04500000178813934,0.8799999952316284,0.07500000298023224,0.05000000074505806,0.9049999713897705,0.04500000178813934,0.8849999904632568,0.029999999329447746,0.08500000089406967,0.0,0.0,0.0,0.0,0.0,0.0
438,-107.06033333333329,0.0,0.03500000014901161,0.9350000023841858,0.029999999329447746,0.9399999976158142,0.029999999329447746,0.029999999329447746,0.9399999976158142,0.029999999329447746,0.029999999329447746,0.0,0.0,0.0,0.0,0.0,0.0
439,-178.86,0.0,0.9399999976158142,0.029999999329447746,0.029999999329447746,0.9399999976158142,0.029999999329447746,0.029999999329447746,0.9399999976158142,0.029999999329447746,0.029999999329447746,0.0,0.0,0.0,0.0,0.0,0.0
440,-45.45866666666664,0.0,0.03500000014901161,0.9350000023841858,0.029999999329447746,0.03500000014901161,0.9350000023841858,0.029999999329447746,0.9350000023841858,0.029999999329447746,0.03500000014901161,0.0,0.0,0.0,0.0,0.0,0.0
441,-181.97766666666666,0.0,0.03500000014901161,0.9350000023841858,0.029999999329447746,0.03500000014901161,0.9350000023841858,0.029999999329447746,0.03999999910593033,0.9300000071525574,0.029999999329447746,0.0,0.0,0.0,0.0,0.0,0.0
442,-28.10166666666666,0.0,0.03500000014901161,0.9350000023841858,0.029999999329447746,0.03500000014901161,0.9350000023841858,0.029999999329447746,0.03500000014901161,0.9350000023841858,0.029999999329447746,0.0,0.0,0.0,0.0,0.0,0.0
443,-80.74400000000001,0.0,0.03500000014901161,0.9350000023841858,0.029999999329447746,0.03500000014901161,0.029999999329447746,0.9350000023841858,0.9399999976158142,0.029999999329447746,0.029999999329447746,0.0,0.0,0.0,0.0,0.0,0.0
444,-250.3323333333332,0.0,0.03500000014901161,0.9350000023841858,0.029999999329447746,0.03500000014901161,0.9350000023841858,0.029999999329447746,0.03500000014901161,0.9350000023841858,0.029999999329447746,0.0,0.0,0.0,0.0,0.0,0.0
445,-55.12666666666667,0.0,0.03500000014901161,0.9350000023841858,0.029999999329447746,0.03500000014901161,0.9350000023841858,0.029999999329447746,0.03500000014901161,0.9350000023841858,0.029999999329447746,0.0,0.0,0.0,0.0,0.0,0.0
446,-35.098,0.0,0.03500000014901161,0.029999999329447746,0.9350000023841858,0.03500000014901161,0.029999999329447746,0.9350000023841858,0.03500000014901161,0.9350000023841858,0.029999999329447746,0.0,0.0,0.0,0.0,0.0,0.0
447,-275.49,0.0,0.03500000014901161,0.9350000023841858,0.029999999329447746,0.03500000014901161,0.9350000023841858,0.029999999329447746,0.03500000014901161,0.9350000023841858,0.029999999329447746,0.0,0.0,0.0,0.0,0.0,0.0
448,-124.31566666666667,0.0,0.03500000014901161,0.029999999329447746,0.9350000023841858,0.03500000014901161,0.029999999329447746,0.9350000023841858,0.03500000014901161,0.029999999329447746,0.9350000023841858,0.0,0.0,0.0,0.0,0.0,0.0
449,-28.057666666666673,0.0,0.03500000014901161,0.9350000023841858,0.029999999329447746,0.03500000014901161,0.9350000023841858,0.029999999329447746,0.9399999976158142,0.029999999329447746,0.029999999329447746,0.0,0.0,0.0,0.0,0.0,0.0
450,-94.44766666666666,0.0,0.05999999865889549,0.9100000262260437,0.029999999329447746,0.04500000178813934,0.925000011920929,0.029999999329447746,0.9150000214576721,0.054999999701976776,0.029999999329447746,0.0,0.0,0.0,0.0,0.0,0.0
451,-69.51799999999997,0.0,0.03500000014901161,0.9350000023841858,0.029999999329447746,0.03500000014901161,0.9350000023841858,0.029999999329447746,0.03500000014901161,0.9350000023841858,0.029999999329447746,0.0,0.0,0.0,0.0,0.0,0.0
452,-224.83199999999997,0.0,0.03500000014901161,0.9350000023841858,0.029999999329447746,0.03999999910593033,0.9300000071525574,0.029999999329447746,0.03500000014901161,0.9350000023841858,0.029999999329447746,0.0,0.0,0.0,0.0,0.0,0.0
453,-86.25133333333332,0.0,0.03500000014901161,0.9350000023841858,0.029999999329447746,0.03500000014901161,0.9350000023841858,0.029999999329447746,0.9399999976158142,0.029999999329447746,0.029999999329447746,0.0,0.0,0.0,0.0,0.0,0.0
454,-64.38166666666667,0.0,0.03500000014901161,0.9350000023841858,0.029999999329447746,0.03500000014901161,0.9350000023841858,0.029999999329447746,0.03500000014901161,0.9350000023841858,0.029999999329447746,0.0,0.0,0.0,0.0,0.0,0.0
455,-235.07600000000016,0.0,0.03500000014901161,0.9350000023841858,0.029999999329447746,0.03500000014901161,0.9350000023841858,0.029999999329447746,0.03500000014901161,0.9350000023841858,0.029999999329447746,0.0,0.0,0.0,0.0,0.0,0.0
456,-41.573666666666675,0.0,0.03500000014901161,0.9350000023841858,0.029999999329447746,0.03500000014901161,0.9350000023841858,0.029999999329447746,0.03500000014901161,0.9350000023841858,0.029999999329447746,0.0,0.0,0.0,0.0,0.0,0.0
457,-374.18966666666654,0.0,0.03500000014901161,0.9350000023841858,0.029999999329447746,0.03500000014901161,0.9350000023841858,0.029999999329447746,0.03500000014901161,0.9350000023841858,0.029999999329447746,0.0,0.0,0.0,0.0,0.0,0.0
458,-467.67466666666667,0.0,0.07999999821186066,0.8849999904632568,0.03500000014901161,0.03500000014901161,0.9350000023841858,0.029999999329447746,0.8949999809265137,0.06499999761581421,0.03999999910593033,0.0,0.0,0.0,0.0,0.0,0.0
459,-243.2563333333333,0.0,0.03500000014901161,0.9350000023841858,0.029999999329447746,0.03500000014901161,0.9350000023841858,0.029999999329447746,0.03500000014901161,0.9350000023841858,0.029999999329447746,0.0,0.0,0.0,0.0,0.0,0.0
460,-306.80300000000005,0.0,0.07000000029802322,0.8899999856948853,0.03999999910593033,0.04500000178813934,0.9150000214576721,0.03999999910593033,0.8849999904632568,0.07500000298023224,0.03999999910593033,0.0,0.0,0.0,0.0,0.0,0.0
461,-386.66266666666655,0.0,0.03500000014901161,0.9350000023841858,0.029999999329447746,0.04500000178813934,0.925000011920929,0.029999999329447746,0.03500000014901161,0.9350000023841858,0.029999999329447746,0.0,0.0,0.0,0.0,0.0,0.0
462,-370.85266666666644,0.0,0.03500000014901161,0.9350000023841858,0.029999999329447746,0.03500000014901161,0.9350000023841858,0.029999999329447746,0.03999999910593033,0.9300000071525574,0.029999999329447746,0.0,0.0,0.0,0.0,0.0,0.0
463,-254.28333333333342,0.0,0.03500000014901161,0.9350000023841858,0.029999999329447746,0.03500000014901161,0.9350000023841858,0.029999999329447746,0.03500000014901161,0.9350000023841858,0.029999999329447746,0.0,0.0,0.0,0.0,0.0,0.0
464,-340.45799999999997,0.0,0.06499999761581421,0.8799999952316284,0.054999999701976776,0.05000000074505806,0.9150000214576721,0.03500000014901161,0.8849999904632568,0.07000000029802322,0.04500000178813934,0.0,0.0,0.0,0.0,0.0,0.0
465,-65.76266666666668,0.0,0.04500000178813934,0.9200000166893005,0.03500000014901161,0.9150000214576721,0.054999999701976776,0.029999999329447746,0.03999999910593033,0.9300000071525574,0.029999999329447746,0.0,0.0,0.0,0.0,0.0,0.0
466,-63.778666666666695,0.0,0.03500000014901161,0.9350000023841858,0.029999999329447746,0.03500000014901161,0.029999999329447746,0.9350000023841858,0.9399999976158142,0.029999999329447746,0.029999999329447746,0.0,0.0,0.0,0.0,0.0,0.0
467,-32.47666666666666,0.0,0.03500000014901161,0.029999999329447746,0.9350000023841858,0.03500000014901161,0.9350000023841858,0.029999999329447746,0.03500000014901161,0.9350000023841858,0.029999999329447746,0.0,0.0,0.0,0.0,0.0,0.0
468,-190.69233333333338,0.0,0.03500000014901161,0.029999999329447746,0.9350000023841858,0.03500000014901161,0.029999999329447746,0.9350000023841858,0.9399999976158142,0.029999999329447746,0.029999999329447746,0.0,0.0,0.0,0.0,0.0,0.0
469,-48.14533333333332,0.0,0.03500000014901161,0.9350000023841858,0.029999999329447746,0.03500000014901161,0.9350000023841858,0.029999999329447746,0.03500000014901161,0.9350000023841858,0.029999999329447746,0.0,0.0,0.0,0.0,0.0,0.0
470,-312.2313333333333,0.0,0.07500000298023224,0.875,0.05000000074505806,0.04500000178813934,0.9200000166893005,0.03500000014901161,0.8849999904632568,0.07500000298023224,0.03999999910593033,0.0,0.0,0.0,0.0,0.0,0.0
471,-87.09800000000003,0.0,0.03500000014901161,0.9350000023841858,0.029999999329447746,0.03500000014901161,0.9350000023841858,0.029999999329447746,0.03999999910593033,0.9300000071525574,0.029999999329447746,0.0,0.0,0.0,0.0,0.0,0.0
472,-77.82800000000003,0.0,0.04500000178813934,0.9049999713897705,0.05000000074505806,0.8899999856948853,0.07999999821186066,0.029999999329447746,0.9100000262260437,0.05000000074505806,0.03999999910593033,0.0,0.0,0.0,0.0,0.0,0.0
473,-146.34333333333333,0.0,0.06499999761581421,0.8999999761581421,0.03500000014901161,0.03999999910593033,0.9300000071525574,0.029999999329447746,0.8949999809265137,0.07500000298023224,0.029999999329447746,0.0,0.0,0.0,0.0,0.0,0.0
474,-117.58033333333333,0.0,0.06499999761581421,0.9049999713897705,0.029999999329447746,0.03500000014901161,0.9350000023841858,0.029999999329447746,0.9100000262260437,0.054999999701976776,0.03500000014901161,0.0,0.0,0.0,0.0,0.0,0.0
475,-51.25499999999999,0.0,0.03500000014901161,0.9350000023841858,0.029999999329447746,0.9399999976158142,0.029999999329447746,0.029999999329447746,0.9399999976158142,0.029999999329447746,0.029999999329447746,0.0,0.0,0.0,0.0,0.0,0.0
476,-95.57266666666668,0.0,0.03500000014901161,0.9350000023841858,0.029999999329447746,0.03500000014901161,0.9350000023841858,0.029999999329447746,0.03500000014901161,0.9350000023841858,0.029999999329447746,0.0,0.0,0.0,0.0,0.0,0.0
477,-86.3293333333334,0.0,0.03500000014901161,0.9350000023841858,0.029999999329447746,0.03500000014901161,0.9350000023841858,0.029999999329447746,0.03999999910593033,0.9300000071525574,0.029999999329447746,0.0,0.0,0.0,0.0,0.0,0.0
478,-109.83033333333331,0.0,0.9399999976158142,0.029999999329447746,0.029999999329447746,0.9399999976158142,0.029999999329447746,0.029999999329447746,0.9399999976158142,0.029999999329447746,0.029999999329447746,0.0,0.0,0.0,0.0,0.0,0.0
479,-50.036666666666704,0.0,0.03500000014901161,0.9300000071525574,0.03500000014901161,0.03500000014901161,0.9350000023841858,0.029999999329447746,0.03999999910593033,0.9300000071525574,0.029999999329447746,0.0,0.0,0.0,0.0,0.0,0.0
480,-109.1463333333333,0.0,0.03500000014901161,0.9350000023841858,0.029999999329447746,0.03500000014901161,0.9350000023841858,0.029999999329447746,0.03500000014901161,0.9350000023841858,0.029999999329447746,0.0,0.0,0.0,0.0,0.0,0.0
481,-497.8606666666667,0.0,0.03500000014901161,0.9350000023841858,0.029999999329447746,0.03999999910593033,0.9300000071525574,0.029999999329447746,0.03500000014901161,0.9350000023841858,0.029999999329447746,0.0,0.0,0.0,0.0,0.0,0.0
482,-42.77733333333334,0.0,0.03500000014901161,0.9350000023841858,0.029999999329447746,0.03500000014901161,0.9350000023841858,0.029999999329447746,0.03500000014901161,0.9350000023841858,0.029999999329447746,0.0,0.0,0.0,0.0,0.0,0.0
483,-33.39599999999999,0.0,0.03500000014901161,0.9350000023841858,0.029999999329447746,0.03500000014901161,0.9350000023841858,0.029999999329447746,0.03999999910593033,0.9300000071525574,0.029999999329447746,0.0,0.0,0.0,0.0,0.0,0.0
484,-110.5533333333333,0.0,0.9399999976158142,0.029999999329447746,0.029999999329447746,0.9399999976158142,0.029999999329447746,0.029999999329447746,0.9399999976158142,0.029999999329447746,0.029999999329447746,0.0,0.0,0.0,0.0,0.0,0.0
485,-48.147666666666694,0.0,0.03500000014901161,0.9350000023841858,0.029999999329447746,0.03500000014901161,0.9350000023841858,0.029999999329447746,0.03999999910593033,0.9300000071525574,0.029999999329447746,0.0,0.0,0.0,0.0,0.0,0.0
486,-38.343333333333334,0.0,0.03500000014901161,0.9350000023841858,0.029999999329447746,0.03500000014901161,0.9350000023841858,0.029999999329447746,0.03500000014901161,0.9350000023841858,0.029999999329447746,0.0,0.0,0.0,0.0,0.0,0.0
487,-40.31466666666667,0.0,0.03500000014901161,0.029999999329447746,0.9350000023841858,0.03999999910593033,0.03999999910593033,0.9200000166893005,0.04500000178813934,0.029999999329447746,0.925000011920929,0.0,0.0,0.0,0.0,0.0,0.0
488,-50.082000000000015,0.0,0.03500000014901161,0.9350000023841858,0.029999999329447746,0.03500000014901161,0.9300000071525574,0.03500000014901161,0.03999999910593033,0.9300000071525574,0.029999999329447746,0.0,0.0,0.0,0.0,0.0,0.0
489,-65.73633333333332,0.0,0.03500000014901161,0.9350000023841858,0.029999999329447746,0.03500000014901161,0.9350000023841858,0.029999999329447746,0.9399999976158142,0.029999999329447746,0.029999999329447746,0.0,0.0,0.0,0.0,0.0,0.0
490,-259.37333333333333,0.0,0.07500000298023224,0.8799999952316284,0.04500000178813934,0.03500000014901161,0.9350000023841858,0.029999999329447746,0.8899999856948853,0.07999999821186066,0.029999999329447746,0.0,0.0,0.0,0.0,0.0,0.0
491,-215.2566666666667,0.0,0.03500000014901161,0.9350000023841858,0.029999999329447746,0.03500000014901161,0.9350000023841858,0.029999999329447746,0.03500000014901161,0.9350000023841858,0.029999999329447746,0.0,0.0,0.0,0.0,0.0,0.0
492,-32.30933333333332,0.0,0.03500000014901161,0.029999999329447746,0.9350000023841858,0.03500000014901161,0.029999999329447746,0.9350000023841858,0.03500000014901161,0.9350000023841858,0.029999999329447746,0.0,0.0,0.0,0.0,0.0,0.0
493,-175.06699999999992,0.0,0.07999999821186066,0.8849999904632568,0.03500000014901161,0.03500000014901161,0.9350000023841858,0.029999999329447746,0.8899999856948853,0.07999999821186066,0.029999999329447746,0.0,0.0,0.0,0.0,0.0,0.0
494,-50.62166666666666,0.0,0.03500000014901161,0.9350000023841858,0.029999999329447746,0.03500000014901161,0.9350000023841858,0.029999999329447746,0.03500000014901161,0.9350000023841858,0.029999999329447746,0.0,0.0,0.0,0.0,0.0,0.0
495,-268.0793333333332,0.0,0.03500000014901161,0.9350000023841858,0.029999999329447746,0.03500000014901161,0.9350000023841858,0.029999999329447746,0.03500000014901161,0.9350000023841858,0.029999999329447746,0.0,0.0,0.0,0.0,0.0,0.0
496,-229.51733333333323,0.0,0.03500000014901161,0.9350000023841858,0.029999999329447746,0.03500000014901161,0.9350000023841858,0.029999999329447746,0.03500000014901161,0.9350000023841858,0.029999999329447746,0.0,0.0,0.0,0.0,0.0,0.0
497,-118.53566666666671,0.0,0.03500000014901161,0.9350000023841858,0.029999999329447746,0.03500000014901161,0.9350000023841858,0.029999999329447746,0.03500000014901161,0.9350000023841858,0.029999999329447746,0.0,0.0,0.0,0.0,0.0,0.0
498,-98.96099999999998,0.0,0.05999999865889549,0.9049999713897705,0.03500000014901161,0.05999999865889549,0.9100000262260437,0.029999999329447746,0.8899999856948853,0.07000000029802322,0.03999999910593033,0.0,0.0,0.0,0.0,0.0,0.0
499,-24.741,0.0,0.03500000014901161,0.9350000023841858,0.029999999329447746,0.03500000014901161,0.9350000023841858,0.029999999329447746,0.9399999976158142,0.029999999329447746,0.029999999329447746,0.0,0.0,0.0,0.0,0.0,0.0
500,-360.3313333333332,0.0,0.054999999701976776,0.8949999809265137,0.05000000074505806,0.03500000014901161,0.9350000023841858,0.029999999329447746,0.8999999761581421,0.07000000029802322,0.029999999329447746,0.0,0.0,0.0,0.0,0.0,0.0
501,-81.78533333333334,0.0,0.03500000014901161,0.9350000023841858,0.029999999329447746,0.03500000014901161,0.9350000023841858,0.029999999329447746,0.03500000014901161,0.9350000023841858,0.029999999329447746,0.0,0.0,0.0,0.0,0.0,0.0
502,-33.66033333333335,0.0,0.03500000014901161,0.029999999329447746,0.9350000023841858,0.03500000014901161,0.9350000023841858,0.029999999329447746,0.03500000014901161,0.9350000023841858,0.029999999329447746,0.0,0.0,0.0,0.0,0.0,0.0
503,-308.484,0.0,0.03500000014901161,0.9350000023841858,0.029999999329447746,0.03500000014901161,0.9350000023841858,0.029999999329447746,0.9399999976158142,0.029999999329447746,0.029999999329447746,0.0,0.0,0.0,0.0,0.0,0.0
504,-145.39900000000011,0.0,0.03500000014901161,0.9350000023841858,0.029999999329447746,0.03500000014901161,0.9350000023841858,0.029999999329447746,0.03500000014901161,0.9350000023841858,0.029999999329447746,0.0,0.0,0.0,0.0,0.0,0.0
505,-321.95766666666685,0.0,0.06499999761581421,0.8799999952316284,0.054999999701976776,0.03500000014901161,0.925000011920929,0.03999999910593033,0.8849999904632568,0.08500000089406967,0.029999999329447746,0.0,0.0,0.0,0.0,0.0,0.0
506,-111.23166666666658,0.0,0.04500000178813934,0.9150000214576721,0.03999999910593033,0.05000000074505806,0.9150000214576721,0.03500000014901161,0.8849999904632568,0.08500000089406967,0.029999999329447746,0.0,0.0,0.0,0.0,0.0,0.0
507,-195.6100000000001,0.0,0.03500000014901161,0.9350000023841858,0.029999999329447746,0.03500000014901161,0.9350000023841858,0.029999999329447746,0.03500000014901161,0.9350000023841858,0.029999999329447746,0.0,0.0,0.0,0.0,0.0,0.0
508,-56.933000000000014,0.0,0.03500000014901161,0.9350000023841858,0.029999999329447746,0.03500000014901161,0.9350000023841858,0.029999999329447746,0.9399999976158142,0.029999999329447746,0.029999999329447746,0.0,0.0,0.0,0.0,0.0,0.0
509,-80.81999999999998,0.0,0.03500000014901161,0.9350000023841858,0.029999999329447746,0.03999999910593033,0.9300000071525574,0.029999999329447746,0.03999999910593033,0.9300000071525574,0.029999999329447746,0.0,0.0,0.0,0.0,0.0,0.0
510,-104.66466666666668,0.0,0.03500000014901161,0.9350000023841858,0.029999999329447746,0.03500000014901161,0.9300000071525574,0.03500000014901161,0.03999999910593033,0.9300000071525574,0.029999999329447746,0.0,0.0,0.0,0.0,0.0,0.0
511,-48.23933333333333,0.0,0.03500000014901161,0.9350000023841858,0.029999999329447746,0.03500000014901161,0.9350000023841858,0.029999999329447746,0.03500000014901161,0.9350000023841858,0.029999999329447746,0.0,0.0,0.0,0.0,0.0,0.0
512,-109.20999999999997,0.0,0.03500000014901161,0.029999999329447746,0.9350000023841858,0.03500000014901161,0.9350000023841858,0.029999999329447746,0.03500000014901161,0.9350000023841858,0.029999999329447746,0.0,0.0,0.0,0.0,0.0,0.0
513,-42.024333333333345,0.0,0.03500000014901161,0.9350000023841858,0.029999999329447746,0.03500000014901161,0.9350000023841858,0.029999999329447746,0.03500000014901161,0.9350000023841858,0.029999999329447746,0.0,0.0,0.0,0.0,0.0,0.0
514,-139.48666666666668,0.0,0.03500000014901161,0.9350000023841858,0.029999999329447746,0.03500000014901161,0.9350000023841858,0.029999999329447746,0.9399999976158142,0.029999999329447746,0.029999999329447746,0.0,0.0,0.0,0.0,0.0,0.0
515,-34.94233333333332,0.0,0.03500000014901161,0.9350000023841858,0.029999999329447746,0.03500000014901161,0.9350000023841858,0.029999999329447746,0.03500000014901161,0.9350000023841858,0.029999999329447746,0.0,0.0,0.0,0.0,0.0,0.0
516,-228.12266666666653,0.0,0.03500000014901161,0.9350000023841858,0.029999999329447746,0.03500000014901161,0.9350000023841858,0.029999999329447746,0.03500000014901161,0.9350000023841858,0.029999999329447746,0.0,0.0,0.0,0.0,0.0,0.0
517,-254.4176666666666,0.0,0.03500000014901161,0.9350000023841858,0.029999999329447746,0.03500000014901161,0.9350000023841858,0.029999999329447746,0.03500000014901161,0.9350000023841858,0.029999999329447746,0.0,0.0,0.0,0.0,0.0,0.0
518,-67.27833333333331,0.0,0.03500000014901161,0.029999999329447746,0.9350000023841858,0.03500000014901161,0.029999999329447746,0.9350000023841858,0.03500000014901161,0.9350000023841858,0.029999999329447746,0.0,0.0,0.0,0.0,0.0,0.0
519,-511.0266666666666,0.0,0.05999999865889549,0.8849999904632568,0.054999999701976776,0.05999999865889549,0.9100000262260437,0.029999999329447746,0.8849999904632568,0.08500000089406967,0.029999999329447746,0.0,0.0,0.0,0.0,0.0,0.0
520,-136.6343333333334,0.0,0.03500000014901161,0.9350000023841858,0.029999999329447746,0.03500000014901161,0.9350000023841858,0.029999999329447746,0.03500000014901161,0.9350000023841858,0.029999999329447746,0.0,0.0,0.0,0.0,0.0,0.0
521,-100.03033333333333,0.0,0.9399999976158142,0.029999999329447746,0.029999999329447746,0.9399999976158142,0.029999999329447746,0.029999999329447746,0.9399999976158142,0.029999999329447746,0.029999999329447746,0.0,0.0,0.0,0.0,0.0,0.0
522,-39.40833333333333,0.0,0.03500000014901161,0.9350000023841858,0.029999999329447746,0.03500000014901161,0.9350000023841858,0.029999999329447746,0.03500000014901161,0.9350000023841858,0.029999999329447746,0.0,0.0,0.0,0.0,0.0,0.0
523,-43.50966666666666,0.0,0.03500000014901161,0.9350000023841858,0.029999999329447746,0.03500000014901161,0.9350000023841858,0.029999999329447746,0.9399999976158142,0.029999999329447746,0.029999999329447746,0.0,0.0,0.0,0.0,0.0,0.0
524,-328.87666666666655,0.0,0.03500000014901161,0.9350000023841858,0.029999999329447746,0.03500000014901161,0.9350000023841858,0.029999999329447746,0.03500000014901161,0.9350000023841858,0.029999999329447746,0.0,0.0,0.0,0.0,0.0,0.0
