episode,reward,service_level,agent0_rule0,agent0_rule1,agent0_rule2,agent1_rule0,agent1_rule1,agent1_rule2,agent2_rule0,agent2_rule1,agent2_rule2,agent0_order_variance,agent1_order_variance,agent2_order_variance,agent0_bullwhip,agent1_bullwhip,agent2_bullwhip
0,-282.10999999999996,0.0,0.03500000014901161,0.9350000023841858,0.029999999329447746,0.03500000014901161,0.9350000023841858,0.029999999329447746,0.9300000071525574,0.03500000014901161,0.03500000014901161,0.0,0.0,0.0,0.0,0.0,0.0
1,-76.46066666666664,0.0,0.03500000014901161,0.9350000023841858,0.029999999329447746,0.03999999910593033,0.925000011920929,0.03500000014901161,0.03500000014901161,0.9350000023841858,0.029999999329447746,0.0,0.0,0.0,0.0,0.0,0.0
2,-278.9243333333333,0.0,0.06499999761581421,0.8799999952316284,0.054999999701976776,0.08500000089406967,0.8799999952316284,0.03500000014901161,0.8849999904632568,0.054999999701976776,0.05999999865889549,0.0,0.0,0.0,0.0,0.0,0.0
3,-40.59366666666666,0.0,0.9399999976158142,0.029999999329447746,0.029999999329447746,0.9399999976158142,0.029999999329447746,0.029999999329447746,0.9399999976158142,0.029999999329447746,0.029999999329447746,0.0,0.0,0.0,0.0,0.0,0.0
4,-216.5323333333334,0.0,0.03500000014901161,0.9350000023841858,0.029999999329447746,0.03500000014901161,0.9350000023841858,0.029999999329447746,0.9399999976158142,0.029999999329447746,0.029999999329447746,0.0,0.0,0.0,0.0,0.0,0.0
5,-157.7526666666666,0.0,0.03500000014901161,0.9350000023841858,0.029999999329447746,0.03500000014901161,0.9300000071525574,0.03500000014901161,0.03500000014901161,0.9350000023841858,0.029999999329447746,0.0,0.0,0.0,0.0,0.0,0.0
6,-30.132,0.0,0.03500000014901161,0.9350000023841858,0.029999999329447746,0.03500000014901161,0.9350000023841858,0.029999999329447746,0.03500000014901161,0.9350000023841858,0.029999999329447746,0.0,0.0,0.0,0.0,0.0,0.0
7,-180.32266666666663,0.0,0.07000000029802322,0.8849999904632568,0.04500000178813934,0.07500000298023224,0.8799999952316284,0.04500000178813934,0.8899999856948853,0.03500000014901161,0.07500000298023224,0.0,0.0,0.0,0.0,0.0,0.0
8,-156.4726666666666,0.0,0.9399999976158142,0.029999999329447746,0.029999999329447746,0.9399999976158142,0.029999999329447746,0.029999999329447746,0.9399999976158142,0.029999999329447746,0.029999999329447746,0.0,0.0,0.0,0.0,0.0,0.0
9,-265.7786666666667,0.0,0.03999999910593033,0.9100000262260437,0.05000000074505806,0.05999999865889549,0.8899999856948853,0.05000000074505806,0.8949999809265137,0.03999999910593033,0.06499999761581421,0.0,0.0,0.0,0.0,0.0,0.0
10,-48.15366666666666,0.0,0.03500000014901161,0.9350000023841858,0.029999999329447746,0.03999999910593033,0.9300000071525574,0.029999999329447746,0.03500000014901161,0.9350000023841858,0.029999999329447746,0.0,0.0,0.0,0.0,0.0,0.0
11,-95.35099999999998,0.0,0.05999999865889549,0.8899999856948853,0.05000000074505806,0.8899999856948853,0.07500000298023224,0.03500000014901161,0.8999999761581421,0.029999999329447746,0.07000000029802322,0.0,0.0,0.0,0.0,0.0,0.0
12,-250.59533333333326,0.0,0.03500000014901161,0.9350000023841858,0.029999999329447746,0.04500000178813934,0.925000011920929,0.029999999329447746,0.03500000014901161,0.9350000023841858,0.029999999329447746,0.0,0.0,0.0,0.0,0.0,0.0
13,-231.3270000000001,0.0,0.03500000014901161,0.029999999329447746,0.9350000023841858,0.03500000014901161,0.9350000023841858,0.029999999329447746,0.9399999976158142,0.029999999329447746,0.029999999329447746,0.0,0.0,0.0,0.0,0.0,0.0
14,-48.9083333333333,0.0,0.03500000014901161,0.9350000023841858,0.029999999329447746,0.03500000014901161,0.9300000071525574,0.03500000014901161,0.03500000014901161,0.9350000023841858,0.029999999329447746,0.0,0.0,0.0,0.0,0.0,0.0
15,-80.78166666666667,0.0,0.03500000014901161,0.9350000023841858,0.029999999329447746,0.03999999910593033,0.9300000071525574,0.029999999329447746,0.03500000014901161,0.9350000023841858,0.029999999329447746,0.0,0.0,0.0,0.0,0.0,0.0
16,-44.126999999999995,0.0,0.03500000014901161,0.9350000023841858,0.029999999329447746,0.03500000014901161,0.9350000023841858,0.029999999329447746,0.03500000014901161,0.9350000023841858,0.029999999329447746,0.0,0.0,0.0,0.0,0.0,0.0
17,-97.24366666666667,0.0,0.03500000014901161,0.9350000023841858,0.029999999329447746,0.03500000014901161,0.9350000023841858,0.029999999329447746,0.03500000014901161,0.9350000023841858,0.029999999329447746,0.0,0.0,0.0,0.0,0.0,0.0
18,-65.677,0.0,0.03500000014901161,0.9350000023841858,0.029999999329447746,0.03500000014901161,0.9350000023841858,0.029999999329447746,0.03500000014901161,0.9350000023841858,0.029999999329447746,0.0,0.0,0.0,0.0,0.0,0.0
19,-165.81166666666664,0.0,0.054999999701976776,0.8999999761581421,0.04500000178813934,0.05999999865889549,0.8949999809265137,0.04500000178813934,0.8949999809265137,0.03500000014901161,0.07000000029802322,0.0,0.0,0.0,0.0,0.0,0.0
20,-122.46633333333331,0.0,0.05000000074505806,0.9049999713897705,0.04500000178813934,0.06499999761581421,0.9049999713897705,0.029999999329447746,0.8999999761581421,0.04500000178813934,0.054999999701976776,0.0,0.0,0.0,0.0,0.0,0.0
21,-107.23433333333331,0.0,0.03500000014901161,0.9350000023841858,0.029999999329447746,0.03999999910593033,0.9300000071525574,0.029999999329447746,0.03500000014901161,0.9350000023841858,0.029999999329447746,0.0,0.0,0.0,0.0,0.0,0.0
22,-180.2376666666667,0.0,0.03500000014901161,0.9350000023841858,0.029999999329447746,0.04500000178813934,0.925000011920929,0.029999999329447746,0.03500000014901161,0.9350000023841858,0.029999999329447746,0.0,0.0,0.0,0.0,0.0,0.0
23,-273.9426666666666,0.0,0.03500000014901161,0.9350000023841858,0.029999999329447746,0.03500000014901161,0.9350000023841858,0.029999999329447746,0.03500000014901161,0.9350000023841858,0.029999999329447746,0.0,0.0,0.0,0.0,0.0,0.0
24,-34.191000000000024,0.0,0.03500000014901161,0.9350000023841858,0.029999999329447746,0.03999999910593033,0.9200000166893005,0.03999999910593033,0.04500000178813934,0.925000011920929,0.029999999329447746,0.0,0.0,0.0,0.0,0.0,0.0
25,-48.53833333333334,0.0,0.03500000014901161,0.9350000023841858,0.029999999329447746,0.03999999910593033,0.925000011920929,0.03500000014901161,0.9300000071525574,0.029999999329447746,0.03999999910593033,0.0,0.0,0.0,0.0,0.0,0.0
26,-58.32833333333333,0.0,0.03500000014901161,0.9350000023841858,0.029999999329447746,0.03500000014901161,0.9350000023841858,0.029999999329447746,0.9399999976158142,0.029999999329447746,0.029999999329447746,0.0,0.0,0.0,0.0,0.0,0.0
27,-260.4293333333333,0.0,0.05999999865889549,0.8899999856948853,0.05000000074505806,0.05000000074505806,0.8999999761581421,0.05000000074505806,0.8949999809265137,0.04500000178813934,0.05999999865889549,0.0,0.0,0.0,0.0,0.0,0.0
28,-41.52233333333333,0.0,0.03500000014901161,0.9350000023841858,0.029999999329447746,0.03500000014901161,0.9350000023841858,0.029999999329447746,0.9350000023841858,0.03500000014901161,0.029999999329447746,0.0,0.0,0.0,0.0,0.0,0.0
29,-350.03899999999993,0.0,0.03500000014901161,0.9350000023841858,0.029999999329447746,0.03500000014901161,0.9150000214576721,0.05000000074505806,0.04500000178813934,0.925000011920929,0.029999999329447746,0.0,0.0,0.0,0.0,0.0,0.0
30,-42.02600000000001,0.0,0.03500000014901161,0.9350000023841858,0.029999999329447746,0.03500000014901161,0.9350000023841858,0.029999999329447746,0.03500000014901161,0.9350000023841858,0.029999999329447746,0.0,0.0,0.0,0.0,0.0,0.0
31,-195.3080000000001,0.0,0.05999999865889549,0.8949999809265137,0.04500000178813934,0.04500000178813934,0.8999999761581421,0.054999999701976776,0.8949999809265137,0.04500000178813934,0.05999999865889549,0.0,0.0,0.0,0.0,0.0,0.0
32,-247.295,0.0,0.06499999761581421,0.9049999713897705,0.029999999329447746,0.8999999761581421,0.06499999761581421,0.03500000014901161,0.9049999713897705,0.03999999910593033,0.054999999701976776,0.0,0.0,0.0,0.0,0.0,0.0
33,-317.8616666666668,0.0,0.03500000014901161,0.029999999329447746,0.9350000023841858,0.03999999910593033,0.925000011920929,0.03500000014901161,0.03500000014901161,0.9350000023841858,0.029999999329447746,0.0,0.0,0.0,0.0,0.0,0.0
34,-249.00966666666673,0.0,0.06499999761581421,0.8999999761581421,0.03500000014901161,0.054999999701976776,0.9049999713897705,0.03999999910593033,0.9049999713897705,0.029999999329447746,0.06499999761581421,0.0,0.0,0.0,0.0,0.0,0.0
35,-76.26599999999993,0.0,0.03500000014901161,0.9350000023841858,0.029999999329447746,0.9399999976158142,0.029999999329447746,0.029999999329447746,0.9399999976158142,0.029999999329447746,0.029999999329447746,0.0,0.0,0.0,0.0,0.0,0.0
36,-45.21799999999998,0.0,0.03500000014901161,0.9350000023841858,0.029999999329447746,0.04500000178813934,0.9200000166893005,0.03500000014901161,0.03500000014901161,0.9350000023841858,0.029999999329447746,0.0,0.0,0.0,0.0,0.0,0.0
37,-44.83700000000001,0.0,0.03500000014901161,0.9350000023841858,0.029999999329447746,0.03999999910593033,0.9200000166893005,0.03999999910593033,0.04500000178813934,0.925000011920929,0.029999999329447746,0.0,0.0,0.0,0.0,0.0,0.0
38,-106.4883333333333,0.0,0.03500000014901161,0.9350000023841858,0.029999999329447746,0.03500000014901161,0.9350000023841858,0.029999999329447746,0.03500000014901161,0.9350000023841858,0.029999999329447746,0.0,0.0,0.0,0.0,0.0,0.0
39,-35.67733333333333,0.0,0.03500000014901161,0.9350000023841858,0.029999999329447746,0.03500000014901161,0.9350000023841858,0.029999999329447746,0.9350000023841858,0.03500000014901161,0.029999999329447746,0.0,0.0,0.0,0.0,0.0,0.0
40,-45.22699999999999,0.0,0.03500000014901161,0.9350000023841858,0.029999999329447746,0.03500000014901161,0.9200000166893005,0.04500000178813934,0.03500000014901161,0.9300000071525574,0.03500000014901161,0.0,0.0,0.0,0.0,0.0,0.0
41,-125.0500000000001,0.0,0.03500000014901161,0.029999999329447746,0.9350000023841858,0.03500000014901161,0.9350000023841858,0.029999999329447746,0.03500000014901161,0.9350000023841858,0.029999999329447746,0.0,0.0,0.0,0.0,0.0,0.0
42,-371.9499999999999,0.0,0.03500000014901161,0.9350000023841858,0.029999999329447746,0.03500000014901161,0.029999999329447746,0.9350000023841858,0.03500000014901161,0.9350000023841858,0.029999999329447746,0.0,0.0,0.0,0.0,0.0,0.0
43,-34.87766666666668,0.0,0.03500000014901161,0.9350000023841858,0.029999999329447746,0.03500000014901161,0.9300000071525574,0.03500000014901161,0.03500000014901161,0.9350000023841858,0.029999999329447746,0.0,0.0,0.0,0.0,0.0,0.0
44,-485.4499999999999,0.0,0.9399999976158142,0.029999999329447746,0.029999999329447746,0.9399999976158142,0.029999999329447746,0.029999999329447746,0.9399999976158142,0.029999999329447746,0.029999999329447746,0.0,0.0,0.0,0.0,0.0,0.0
45,-48.79033333333332,0.0,0.03500000014901161,0.9350000023841858,0.029999999329447746,0.03500000014901161,0.9350000023841858,0.029999999329447746,0.03500000014901161,0.9350000023841858,0.029999999329447746,0.0,0.0,0.0,0.0,0.0,0.0
46,-63.318000000000005,0.0,0.03500000014901161,0.9350000023841858,0.029999999329447746,0.03500000014901161,0.9300000071525574,0.03500000014901161,0.9399999976158142,0.029999999329447746,0.029999999329447746,0.0,0.0,0.0,0.0,0.0,0.0
47,-148.80699999999996,0.0,0.03500000014901161,0.9350000023841858,0.029999999329447746,0.9399999976158142,0.029999999329447746,0.029999999329447746,0.9399999976158142,0.029999999329447746,0.029999999329447746,0.0,0.0,0.0,0.0,0.0,0.0
48,-233.02433333333326,0.0,0.03500000014901161,0.9350000023841858,0.029999999329447746,0.03500000014901161,0.9350000023841858,0.029999999329447746,0.9399999976158142,0.029999999329447746,0.029999999329447746,0.0,0.0,0.0,0.0,0.0,0.0
49,-34.92166666666665,0.0,0.03500000014901161,0.029999999329447746,0.9350000023841858,0.03500000014901161,0.03999999910593033,0.925000011920929,0.03999999910593033,0.029999999329447746,0.9300000071525574,0.0,0.0,0.0,0.0,0.0,0.0
50,-349.7783333333333,0.0,0.03500000014901161,0.9350000023841858,0.029999999329447746,0.03500000014901161,0.029999999329447746,0.9350000023841858,0.03500000014901161,0.029999999329447746,0.9350000023841858,0.0,0.0,0.0,0.0,0.0,0.0
51,-36.20133333333332,0.0,0.03500000014901161,0.9350000023841858,0.029999999329447746,0.03500000014901161,0.9300000071525574,0.03500000014901161,0.03500000014901161,0.9350000023841858,0.029999999329447746,0.0,0.0,0.0,0.0,0.0,0.0
52,-363.42833333333306,0.0,0.03500000014901161,0.9350000023841858,0.029999999329447746,0.9399999976158142,0.029999999329447746,0.029999999329447746,0.9399999976158142,0.029999999329447746,0.029999999329447746,0.0,0.0,0.0,0.0,0.0,0.0
53,-491.24499999999995,0.0,0.09000000357627869,0.8799999952316284,0.029999999329447746,0.03500000014901161,0.8899999856948853,0.07500000298023224,0.9100000262260437,0.03500000014901161,0.054999999701976776,0.0,0.0,0.0,0.0,0.0,0.0
54,-70.31533333333334,0.0,0.03500000014901161,0.9350000023841858,0.029999999329447746,0.03500000014901161,0.9350000023841858,0.029999999329447746,0.03500000014901161,0.9350000023841858,0.029999999329447746,0.0,0.0,0.0,0.0,0.0,0.0
55,-82.54433333333333,0.0,0.03500000014901161,0.9350000023841858,0.029999999329447746,0.03500000014901161,0.9300000071525574,0.03500000014901161,0.03500000014901161,0.9350000023841858,0.029999999329447746,0.0,0.0,0.0,0.0,0.0,0.0
56,-234.11866666666666,0.0,0.03500000014901161,0.9350000023841858,0.029999999329447746,0.03500000014901161,0.9300000071525574,0.03500000014901161,0.03500000014901161,0.9350000023841858,0.029999999329447746,0.0,0.0,0.0,0.0,0.0,0.0
57,-450.60966666666684,0.0,0.03500000014901161,0.9350000023841858,0.029999999329447746,0.9399999976158142,0.029999999329447746,0.029999999329447746,0.9399999976158142,0.029999999329447746,0.029999999329447746,0.0,0.0,0.0,0.0,0.0,0.0
58,-124.98933333333336,0.0,0.9399999976158142,0.029999999329447746,0.029999999329447746,0.9399999976158142,0.029999999329447746,0.029999999329447746,0.9399999976158142,0.029999999329447746,0.029999999329447746,0.0,0.0,0.0,0.0,0.0,0.0
59,-320.24300000000005,0.0,0.03500000014901161,0.029999999329447746,0.9350000023841858,0.03500000014901161,0.029999999329447746,0.9350000023841858,0.03500000014901161,0.9350000023841858,0.029999999329447746,0.0,0.0,0.0,0.0,0.0,0.0
60,-252.67866666666666,0.0,0.03500000014901161,0.029999999329447746,0.9350000023841858,0.03500000014901161,0.9350000023841858,0.029999999329447746,0.03500000014901161,0.9350000023841858,0.029999999329447746,0.0,0.0,0.0,0.0,0.0,0.0
61,-124.50200000000002,0.0,0.03500000014901161,0.9350000023841858,0.029999999329447746,0.03500000014901161,0.9350000023841858,0.029999999329447746,0.03500000014901161,0.9350000023841858,0.029999999329447746,0.0,0.0,0.0,0.0,0.0,0.0
62,-164.26466666666667,0.0,0.03500000014901161,0.9350000023841858,0.029999999329447746,0.04500000178813934,0.9200000166893005,0.03500000014901161,0.03999999910593033,0.9300000071525574,0.029999999329447746,0.0,0.0,0.0,0.0,0.0,0.0
63,-31.85333333333331,0.0,0.03500000014901161,0.9350000023841858,0.029999999329447746,0.03500000014901161,0.9350000023841858,0.029999999329447746,0.9399999976158142,0.029999999329447746,0.029999999329447746,0.0,0.0,0.0,0.0,0.0,0.0
64,-91.37333333333332,0.0,0.05000000074505806,0.9200000166893005,0.029999999329447746,0.03500000014901161,0.9200000166893005,0.04500000178813934,0.9200000166893005,0.04500000178813934,0.03500000014901161,0.0,0.0,0.0,0.0,0.0,0.0
65,-47.91466666666669,0.0,0.03500000014901161,0.9350000023841858,0.029999999329447746,0.03500000014901161,0.925000011920929,0.03999999910593033,0.9200000166893005,0.03999999910593033,0.03999999910593033,0.0,0.0,0.0,0.0,0.0,0.0
66,-83.42566666666664,0.0,0.03500000014901161,0.9350000023841858,0.029999999329447746,0.03500000014901161,0.9350000023841858,0.029999999329447746,0.9399999976158142,0.029999999329447746,0.029999999329447746,0.0,0.0,0.0,0.0,0.0,0.0
67,-224.73333333333335,0.0,0.07500000298023224,0.8949999809265137,0.029999999329447746,0.03500000014901161,0.8999999761581421,0.06499999761581421,0.9150000214576721,0.05000000074505806,0.03500000014901161,0.0,0.0,0.0,0.0,0.0,0.0
68,-189.61599999999987,0.0,0.03500000014901161,0.9350000023841858,0.029999999329447746,0.03999999910593033,0.925000011920929,0.03500000014901161,0.04500000178813934,0.925000011920929,0.029999999329447746,0.0,0.0,0.0,0.0,0.0,0.0
69,-205.3226666666667,0.0,0.03500000014901161,0.9350000023841858,0.029999999329447746,0.9399999976158142,0.029999999329447746,0.029999999329447746,0.9399999976158142,0.029999999329447746,0.029999999329447746,0.0,0.0,0.0,0.0,0.0,0.0
70,-57.962999999999994,0.0,0.03500000014901161,0.9350000023841858,0.029999999329447746,0.03500000014901161,0.9350000023841858,0.029999999329447746,0.9399999976158142,0.029999999329447746,0.029999999329447746,0.0,0.0,0.0,0.0,0.0,0.0
71,-340.6606666666667,0.0,0.03500000014901161,0.9350000023841858,0.029999999329447746,0.03500000014901161,0.9300000071525574,0.03500000014901161,0.03500000014901161,0.9350000023841858,0.029999999329447746,0.0,0.0,0.0,0.0,0.0,0.0
72,-226.12266666666673,0.0,0.03500000014901161,0.9350000023841858,0.029999999329447746,0.03500000014901161,0.9350000023841858,0.029999999329447746,0.03500000014901161,0.9350000023841858,0.029999999329447746,0.0,0.0,0.0,0.0,0.0,0.0
73,-62.59033333333333,0.0,0.9399999976158142,0.029999999329447746,0.029999999329447746,0.9399999976158142,0.029999999329447746,0.029999999329447746,0.9399999976158142,0.029999999329447746,0.029999999329447746,0.0,0.0,0.0,0.0,0.0,0.0
74,-49.07033333333336,0.0,0.03500000014901161,0.9350000023841858,0.029999999329447746,0.03999999910593033,0.925000011920929,0.03500000014901161,0.03500000014901161,0.9350000023841858,0.029999999329447746,0.0,0.0,0.0,0.0,0.0,0.0
75,-159.97533333333334,0.0,0.05000000074505806,0.9200000166893005,0.029999999329447746,0.054999999701976776,0.8999999761581421,0.04500000178813934,0.9150000214576721,0.054999999701976776,0.029999999329447746,0.0,0.0,0.0,0.0,0.0,0.0
76,-124.69166666666669,0.0,0.03500000014901161,0.9350000023841858,0.029999999329447746,0.03999999910593033,0.9200000166893005,0.03999999910593033,0.03999999910593033,0.9300000071525574,0.029999999329447746,0.0,0.0,0.0,0.0,0.0,0.0
77,-93.8576666666667,0.0,0.03500000014901161,0.9350000023841858,0.029999999329447746,0.03500000014901161,0.9350000023841858,0.029999999329447746,0.9399999976158142,0.029999999329447746,0.029999999329447746,0.0,0.0,0.0,0.0,0.0,0.0
78,-186.65966666666668,0.0,0.9150000214576721,0.054999999701976776,0.029999999329447746,0.9300000071525574,0.03999999910593033,0.029999999329447746,0.9300000071525574,0.03999999910593033,0.029999999329447746,0.0,0.0,0.0,0.0,0.0,0.0
79,-238.10633333333334,0.0,0.03500000014901161,0.9350000023841858,0.029999999329447746,0.03500000014901161,0.9350000023841858,0.029999999329447746,0.03500000014901161,0.9350000023841858,0.029999999329447746,0.0,0.0,0.0,0.0,0.0,0.0
80,-42.03133333333336,0.0,0.03500000014901161,0.9350000023841858,0.029999999329447746,0.03500000014901161,0.9350000023841858,0.029999999329447746,0.03500000014901161,0.9350000023841858,0.029999999329447746,0.0,0.0,0.0,0.0,0.0,0.0
81,-38.26966666666666,0.0,0.03500000014901161,0.9350000023841858,0.029999999329447746,0.03999999910593033,0.9300000071525574,0.029999999329447746,0.9300000071525574,0.03500000014901161,0.03500000014901161,0.0,0.0,0.0,0.0,0.0,0.0
82,-41.69266666666668,0.0,0.03500000014901161,0.029999999329447746,0.9350000023841858,0.9300000071525574,0.03500000014901161,0.03500000014901161,0.9399999976158142,0.029999999329447746,0.029999999329447746,0.0,0.0,0.0,0.0,0.0,0.0
83,-91.69666666666657,0.0,0.03500000014901161,0.9350000023841858,0.029999999329447746,0.03500000014901161,0.9350000023841858,0.029999999329447746,0.03500000014901161,0.9350000023841858,0.029999999329447746,0.0,0.0,0.0,0.0,0.0,0.0
84,-41.075,0.0,0.9399999976158142,0.029999999329447746,0.029999999329447746,0.9399999976158142,0.029999999329447746,0.029999999329447746,0.9399999976158142,0.029999999329447746,0.029999999329447746,0.0,0.0,0.0,0.0,0.0,0.0
85,-73.68366666666668,0.0,0.9049999713897705,0.06499999761581421,0.029999999329447746,0.9200000166893005,0.04500000178813934,0.03500000014901161,0.9350000023841858,0.03500000014901161,0.029999999329447746,0.0,0.0,0.0,0.0,0.0,0.0
86,-133.04233333333332,0.0,0.05000000074505806,0.9150000214576721,0.03500000014901161,0.8849999904632568,0.07999999821186066,0.03500000014901161,0.9049999713897705,0.06499999761581421,0.029999999329447746,0.0,0.0,0.0,0.0,0.0,0.0
87,-265.7389999999999,0.0,0.03500000014901161,0.9350000023841858,0.029999999329447746,0.03500000014901161,0.9350000023841858,0.029999999329447746,0.03500000014901161,0.9350000023841858,0.029999999329447746,0.0,0.0,0.0,0.0,0.0,0.0
88,-33.99566666666667,0.0,0.03500000014901161,0.029999999329447746,0.9350000023841858,0.03500000014901161,0.9350000023841858,0.029999999329447746,0.03500000014901161,0.9350000023841858,0.029999999329447746,0.0,0.0,0.0,0.0,0.0,0.0
89,-142.39966666666666,0.0,0.03500000014901161,0.9350000023841858,0.029999999329447746,0.03500000014901161,0.9350000023841858,0.029999999329447746,0.03500000014901161,0.9350000023841858,0.029999999329447746,0.0,0.0,0.0,0.0,0.0,0.0
90,-361.32100000000014,0.0,0.03500000014901161,0.9350000023841858,0.029999999329447746,0.03500000014901161,0.9350000023841858,0.029999999329447746,0.9399999976158142,0.029999999329447746,0.029999999329447746,0.0,0.0,0.0,0.0,0.0,0.0
91,-135.08866666666668,0.0,0.03500000014901161,0.9350000023841858,0.029999999329447746,0.03500000014901161,0.9350000023841858,0.029999999329447746,0.03500000014901161,0.9350000023841858,0.029999999329447746,0.0,0.0,0.0,0.0,0.0,0.0
92,-198.12566666666672,0.0,0.05000000074505806,0.8799999952316284,0.07000000029802322,0.07500000298023224,0.8799999952316284,0.04500000178813934,0.8899999856948853,0.07999999821186066,0.029999999329447746,0.0,0.0,0.0,0.0,0.0,0.0
93,-462.91100000000006,0.0,0.03999999910593033,0.8799999952316284,0.07999999821186066,0.07999999821186066,0.8799999952316284,0.03999999910593033,0.8899999856948853,0.07999999821186066,0.029999999329447746,0.0,0.0,0.0,0.0,0.0,0.0
94,-76.53400000000002,0.0,0.03500000014901161,0.9350000023841858,0.029999999329447746,0.03500000014901161,0.9300000071525574,0.03500000014901161,0.03500000014901161,0.9350000023841858,0.029999999329447746,0.0,0.0,0.0,0.0,0.0,0.0
95,-149.58666666666664,0.0,0.04500000178813934,0.8949999809265137,0.05999999865889549,0.054999999701976776,0.8899999856948853,0.054999999701976776,0.8999999761581421,0.06499999761581421,0.03500000014901161,0.0,0.0,0.0,0.0,0.0,0.0
96,-62.30433333333327,0.0,0.03500000014901161,0.9350000023841858,0.029999999329447746,0.03500000014901161,0.9350000023841858,0.029999999329447746,0.03500000014901161,0.9350000023841858,0.029999999329447746,0.0,0.0,0.0,0.0,0.0,0.0
97,-37.20466666666666,0.0,0.03500000014901161,0.9350000023841858,0.029999999329447746,0.03500000014901161,0.9350000023841858,0.029999999329447746,0.03500000014901161,0.9350000023841858,0.029999999329447746,0.0,0.0,0.0,0.0,0.0,0.0
98,-36.15000000000001,0.0,0.03500000014901161,0.9350000023841858,0.029999999329447746,0.03500000014901161,0.9350000023841858,0.029999999329447746,0.03500000014901161,0.9350000023841858,0.029999999329447746,0.0,0.0,0.0,0.0,0.0,0.0
99,-82.32866666666665,0.0,0.04500000178813934,0.8999999761581421,0.054999999701976776,0.07000000029802322,0.8899999856948853,0.03999999910593033,0.9100000262260437,0.05999999865889549,0.029999999329447746,0.0,0.0,0.0,0.0,0.0,0.0
100,-246.74599999999995,0.0,0.054999999701976776,0.8899999856948853,0.054999999701976776,0.07999999821186066,0.8849999904632568,0.03500000014901161,0.8949999809265137,0.07500000298023224,0.029999999329447746,0.0,0.0,0.0,0.0,0.0,0.0
101,-345.30033333333324,0.0,0.03999999910593033,0.9100000262260437,0.05000000074505806,0.07000000029802322,0.8949999809265137,0.03500000014901161,0.9049999713897705,0.05999999865889549,0.03500000014901161,0.0,0.0,0.0,0.0,0.0,0.0
102,-119.92733333333334,0.0,0.03500000014901161,0.9350000023841858,0.029999999329447746,0.03500000014901161,0.9350000023841858,0.029999999329447746,0.03500000014901161,0.9350000023841858,0.029999999329447746,0.0,0.0,0.0,0.0,0.0,0.0
103,-48.309,0.0,0.03500000014901161,0.9350000023841858,0.029999999329447746,0.03500000014901161,0.9350000023841858,0.029999999329447746,0.03500000014901161,0.9350000023841858,0.029999999329447746,0.0,0.0,0.0,0.0,0.0,0.0
104,-30.639000000000014,0.0,0.03500000014901161,0.9350000023841858,0.029999999329447746,0.03500000014901161,0.9350000023841858,0.029999999329447746,0.03500000014901161,0.9350000023841858,0.029999999329447746,0.0,0.0,0.0,0.0,0.0,0.0
105,-158.44266666666664,0.0,0.03500000014901161,0.9350000023841858,0.029999999329447746,0.03500000014901161,0.9350000023841858,0.029999999329447746,0.03500000014901161,0.9350000023841858,0.029999999329447746,0.0,0.0,0.0,0.0,0.0,0.0
106,-46.15866666666666,0.0,0.03500000014901161,0.029999999329447746,0.9350000023841858,0.9399999976158142,0.029999999329447746,0.029999999329447746,0.9399999976158142,0.029999999329447746,0.029999999329447746,0.0,0.0,0.0,0.0,0.0,0.0
107,-242.29000000000005,0.0,0.03500000014901161,0.9350000023841858,0.029999999329447746,0.03500000014901161,0.9350000023841858,0.029999999329447746,0.03500000014901161,0.9350000023841858,0.029999999329447746,0.0,0.0,0.0,0.0,0.0,0.0
108,-55.60700000000003,0.0,0.03500000014901161,0.9350000023841858,0.029999999329447746,0.03500000014901161,0.9350000023841858,0.029999999329447746,0.03500000014901161,0.9350000023841858,0.029999999329447746,0.0,0.0,0.0,0.0,0.0,0.0
109,-408.0529999999998,0.0,0.054999999701976776,0.8899999856948853,0.054999999701976776,0.05999999865889549,0.8849999904632568,0.054999999701976776,0.8849999904632568,0.08500000089406967,0.029999999329447746,0.0,0.0,0.0,0.0,0.0,0.0
110,-46.645,0.0,0.03500000014901161,0.9350000023841858,0.029999999329447746,0.03999999910593033,0.925000011920929,0.03500000014901161,0.03500000014901161,0.9300000071525574,0.03500000014901161,0.0,0.0,0.0,0.0,0.0,0.0
111,-98.76133333333333,0.0,0.03500000014901161,0.9350000023841858,0.029999999329447746,0.03500000014901161,0.9350000023841858,0.029999999329447746,0.03500000014901161,0.9350000023841858,0.029999999329447746,0.0,0.0,0.0,0.0,0.0,0.0
112,-120.45766666666668,0.0,0.03500000014901161,0.029999999329447746,0.9350000023841858,0.03500000014901161,0.9350000023841858,0.029999999329447746,0.03500000014901161,0.9350000023841858,0.029999999329447746,0.0,0.0,0.0,0.0,0.0,0.0
113,-38.61100000000001,0.0,0.03500000014901161,0.9350000023841858,0.029999999329447746,0.03500000014901161,0.9350000023841858,0.029999999329447746,0.9399999976158142,0.029999999329447746,0.029999999329447746,0.0,0.0,0.0,0.0,0.0,0.0
114,-39.58166666666668,0.0,0.03500000014901161,0.029999999329447746,0.9350000023841858,0.03500000014901161,0.04500000178813934,0.9200000166893005,0.03999999910593033,0.9300000071525574,0.029999999329447746,0.0,0.0,0.0,0.0,0.0,0.0
115,-48.051,0.0,0.03500000014901161,0.9350000023841858,0.029999999329447746,0.03500000014901161,0.9350000023841858,0.029999999329447746,0.03500000014901161,0.9350000023841858,0.029999999329447746,0.0,0.0,0.0,0.0,0.0,0.0
116,-50.79133333333334,0.0,0.03500000014901161,0.9350000023841858,0.029999999329447746,0.9399999976158142,0.029999999329447746,0.029999999329447746,0.9399999976158142,0.029999999329447746,0.029999999329447746,0.0,0.0,0.0,0.0,0.0,0.0
117,-392.7253333333333,0.0,0.03500000014901161,0.9350000023841858,0.029999999329447746,0.03500000014901161,0.9300000071525574,0.03500000014901161,0.03500000014901161,0.9350000023841858,0.029999999329447746,0.0,0.0,0.0,0.0,0.0,0.0
118,-101.32300000000004,0.0,0.04500000178813934,0.9200000166893005,0.03500000014901161,0.05000000074505806,0.8999999761581421,0.05000000074505806,0.9150000214576721,0.054999999701976776,0.029999999329447746,0.0,0.0,0.0,0.0,0.0,0.0
119,-37.23299999999999,0.0,0.03500000014901161,0.9350000023841858,0.029999999329447746,0.03500000014901161,0.9350000023841858,0.029999999329447746,0.03500000014901161,0.9350000023841858,0.029999999329447746,0.0,0.0,0.0,0.0,0.0,0.0
120,-49.29733333333332,0.0,0.03500000014901161,0.9350000023841858,0.029999999329447746,0.9399999976158142,0.029999999329447746,0.029999999329447746,0.9399999976158142,0.029999999329447746,0.029999999329447746,0.0,0.0,0.0,0.0,0.0,0.0
121,-402.46333333333337,0.0,0.03500000014901161,0.9350000023841858,0.029999999329447746,0.03500000014901161,0.9350000023841858,0.029999999329447746,0.9399999976158142,0.029999999329447746,0.029999999329447746,0.0,0.0,0.0,0.0,0.0,0.0
122,-75.43366666666668,0.0,0.03500000014901161,0.9350000023841858,0.029999999329447746,0.03500000014901161,0.9300000071525574,0.03500000014901161,0.03999999910593033,0.9300000071525574,0.029999999329447746,0.0,0.0,0.0,0.0,0.0,0.0
123,-233.39999999999998,0.0,0.07000000029802322,0.8899999856948853,0.03999999910593033,0.04500000178813934,0.8799999952316284,0.07500000298023224,0.8899999856948853,0.07000000029802322,0.03999999910593033,0.0,0.0,0.0,0.0,0.0,0.0
124,-45.01066666666666,0.0,0.03500000014901161,0.9350000023841858,0.029999999329447746,0.03500000014901161,0.9350000023841858,0.029999999329447746,0.03500000014901161,0.9350000023841858,0.029999999329447746,0.0,0.0,0.0,0.0,0.0,0.0
125,-120.88766666666666,0.0,0.05000000074505806,0.9200000166893005,0.029999999329447746,0.05999999865889549,0.8849999904632568,0.054999999701976776,0.9049999713897705,0.03999999910593033,0.054999999701976776,0.0,0.0,0.0,0.0,0.0,0.0
126,-137.97133333333338,0.0,0.03500000014901161,0.9350000023841858,0.029999999329447746,0.03999999910593033,0.925000011920929,0.03500000014901161,0.03500000014901161,0.9350000023841858,0.029999999329447746,0.0,0.0,0.0,0.0,0.0,0.0
127,-42.69366666666665,0.0,0.03500000014901161,0.9350000023841858,0.029999999329447746,0.03500000014901161,0.9350000023841858,0.029999999329447746,0.03500000014901161,0.029999999329447746,0.9350000023841858,0.0,0.0,0.0,0.0,0.0,0.0
128,-28.757333333333335,0.0,0.9399999976158142,0.029999999329447746,0.029999999329447746,0.9399999976158142,0.029999999329447746,0.029999999329447746,0.9399999976158142,0.029999999329447746,0.029999999329447746,0.0,0.0,0.0,0.0,0.0,0.0
129,-145.86533333333335,0.0,0.03500000014901161,0.9350000023841858,0.029999999329447746,0.03500000014901161,0.9300000071525574,0.03500000014901161,0.03500000014901161,0.9350000023841858,0.029999999329447746,0.0,0.0,0.0,0.0,0.0,0.0
130,-154.31466666666668,0.0,0.03500000014901161,0.029999999329447746,0.9350000023841858,0.03500000014901161,0.029999999329447746,0.9350000023841858,0.03500000014901161,0.9350000023841858,0.029999999329447746,0.0,0.0,0.0,0.0,0.0,0.0
131,-54.773999999999994,0.0,0.03500000014901161,0.9350000023841858,0.029999999329447746,0.03500000014901161,0.9300000071525574,0.03500000014901161,0.03500000014901161,0.9350000023841858,0.029999999329447746,0.0,0.0,0.0,0.0,0.0,0.0
132,-52.89299999999997,0.0,0.03500000014901161,0.9350000023841858,0.029999999329447746,0.03500000014901161,0.925000011920929,0.03999999910593033,0.04500000178813934,0.925000011920929,0.029999999329447746,0.0,0.0,0.0,0.0,0.0,0.0
133,-49.05299999999999,0.0,0.03500000014901161,0.9350000023841858,0.029999999329447746,0.03500000014901161,0.925000011920929,0.03999999910593033,0.03999999910593033,0.9300000071525574,0.029999999329447746,0.0,0.0,0.0,0.0,0.0,0.0
134,-213.8739999999999,0.0,0.06499999761581421,0.8899999856948853,0.04500000178813934,0.03999999910593033,0.875,0.08500000089406967,0.8899999856948853,0.06499999761581421,0.04500000178813934,0.0,0.0,0.0,0.0,0.0,0.0
135,-392.1723333333332,0.0,0.9300000071525574,0.03999999910593033,0.029999999329447746,0.9399999976158142,0.029999999329447746,0.029999999329447746,0.9399999976158142,0.029999999329447746,0.029999999329447746,0.0,0.0,0.0,0.0,0.0,0.0
136,-47.374666666666656,0.0,0.03500000014901161,0.9350000023841858,0.029999999329447746,0.03500000014901161,0.9350000023841858,0.029999999329447746,0.03500000014901161,0.9350000023841858,0.029999999329447746,0.0,0.0,0.0,0.0,0.0,0.0
137,-196.19499999999996,0.0,0.05000000074505806,0.8949999809265137,0.054999999701976776,0.03999999910593033,0.8799999952316284,0.07999999821186066,0.8999999761581421,0.07000000029802322,0.029999999329447746,0.0,0.0,0.0,0.0,0.0,0.0
138,-53.49166666666667,0.0,0.03500000014901161,0.9350000023841858,0.029999999329447746,0.03999999910593033,0.9200000166893005,0.03999999910593033,0.03500000014901161,0.9350000023841858,0.029999999329447746,0.0,0.0,0.0,0.0,0.0,0.0
139,-266.9203333333333,0.0,0.03500000014901161,0.9350000023841858,0.029999999329447746,0.03500000014901161,0.9350000023841858,0.029999999329447746,0.03500000014901161,0.9350000023841858,0.029999999329447746,0.0,0.0,0.0,0.0,0.0,0.0
140,-200.29966666666664,0.0,0.03500000014901161,0.029999999329447746,0.9350000023841858,0.03500000014901161,0.029999999329447746,0.9350000023841858,0.03500000014901161,0.029999999329447746,0.9350000023841858,0.0,0.0,0.0,0.0,0.0,0.0
141,-75.74166666666666,0.0,0.03500000014901161,0.9350000023841858,0.029999999329447746,0.03500000014901161,0.9200000166893005,0.04500000178813934,0.03999999910593033,0.9300000071525574,0.029999999329447746,0.0,0.0,0.0,0.0,0.0,0.0
142,-43.53300000000002,0.0,0.03500000014901161,0.9350000023841858,0.029999999329447746,0.03500000014901161,0.9300000071525574,0.03500000014901161,0.03500000014901161,0.9350000023841858,0.029999999329447746,0.0,0.0,0.0,0.0,0.0,0.0
143,-27.49800000000001,0.0,0.03500000014901161,0.9350000023841858,0.029999999329447746,0.03500000014901161,0.9350000023841858,0.029999999329447746,0.03500000014901161,0.9350000023841858,0.029999999329447746,0.0,0.0,0.0,0.0,0.0,0.0
144,-95.29199999999999,0.0,0.03500000014901161,0.029999999329447746,0.9350000023841858,0.03500000014901161,0.9350000023841858,0.029999999329447746,0.03500000014901161,0.9350000023841858,0.029999999329447746,0.0,0.0,0.0,0.0,0.0,0.0
145,-157.81633333333338,0.0,0.03500000014901161,0.029999999329447746,0.9350000023841858,0.9399999976158142,0.029999999329447746,0.029999999329447746,0.9399999976158142,0.029999999329447746,0.029999999329447746,0.0,0.0,0.0,0.0,0.0,0.0
146,-304.7413333333334,0.0,0.054999999701976776,0.8949999809265137,0.05000000074505806,0.8849999904632568,0.029999999329447746,0.08500000089406967,0.8949999809265137,0.06499999761581421,0.03999999910593033,0.0,0.0,0.0,0.0,0.0,0.0
147,-288.30566666666675,0.0,0.05000000074505806,0.8999999761581421,0.05000000074505806,0.05999999865889549,0.875,0.06499999761581421,0.8949999809265137,0.05000000074505806,0.054999999701976776,0.0,0.0,0.0,0.0,0.0,0.0
148,-298.07366666666667,0.0,0.03500000014901161,0.9350000023841858,0.029999999329447746,0.03999999910593033,0.925000011920929,0.03500000014901161,0.03500000014901161,0.9350000023841858,0.029999999329447746,0.0,0.0,0.0,0.0,0.0,0.0
149,-52.39666666666666,0.0,0.03500000014901161,0.029999999329447746,0.9350000023841858,0.03500000014901161,0.9350000023841858,0.029999999329447746,0.03500000014901161,0.9350000023841858,0.029999999329447746,0.0,0.0,0.0,0.0,0.0,0.0
150,-274.17000000000013,0.0,0.03999999910593033,0.9100000262260437,0.05000000074505806,0.054999999701976776,0.8999999761581421,0.04500000178813934,0.9100000262260437,0.05000000074505806,0.03999999910593033,0.0,0.0,0.0,0.0,0.0,0.0
151,-192.80299999999988,0.0,0.03500000014901161,0.9350000023841858,0.029999999329447746,0.03500000014901161,0.9350000023841858,0.029999999329447746,0.03500000014901161,0.9350000023841858,0.029999999329447746,0.0,0.0,0.0,0.0,0.0,0.0
152,-99.97400000000005,0.0,0.04500000178813934,0.9100000262260437,0.04500000178813934,0.03999999910593033,0.8899999856948853,0.07000000029802322,0.9100000262260437,0.05000000074505806,0.03999999910593033,0.0,0.0,0.0,0.0,0.0,0.0
153,-33.626000000000026,0.0,0.03500000014901161,0.9350000023841858,0.029999999329447746,0.03500000014901161,0.9300000071525574,0.03500000014901161,0.03500000014901161,0.9350000023841858,0.029999999329447746,0.0,0.0,0.0,0.0,0.0,0.0
154,-291.7223333333333,0.0,0.03500000014901161,0.054999999701976776,0.9100000262260437,0.9150000214576721,0.029999999329447746,0.054999999701976776,0.925000011920929,0.04500000178813934,0.029999999329447746,0.0,0.0,0.0,0.0,0.0,0.0
155,-69.391,0.0,0.03500000014901161,0.9350000023841858,0.029999999329447746,0.03500000014901161,0.9350000023841858,0.029999999329447746,0.03500000014901161,0.9350000023841858,0.029999999329447746,0.0,0.0,0.0,0.0,0.0,0.0
156,-92.02699999999997,0.0,0.03500000014901161,0.029999999329447746,0.9350000023841858,0.03500000014901161,0.9350000023841858,0.029999999329447746,0.03500000014901161,0.9350000023841858,0.029999999329447746,0.0,0.0,0.0,0.0,0.0,0.0
157,-62.13633333333334,0.0,0.03500000014901161,0.9350000023841858,0.029999999329447746,0.9399999976158142,0.029999999329447746,0.029999999329447746,0.9399999976158142,0.029999999329447746,0.029999999329447746,0.0,0.0,0.0,0.0,0.0,0.0
158,-442.26433333333335,0.0,0.03500000014901161,0.9100000262260437,0.054999999701976776,0.054999999701976776,0.8799999952316284,0.06499999761581421,0.9049999713897705,0.06499999761581421,0.029999999329447746,0.0,0.0,0.0,0.0,0.0,0.0
159,-20.317000000000004,0.0,0.03500000014901161,0.029999999329447746,0.9350000023841858,0.03500000014901161,0.029999999329447746,0.9350000023841858,0.9399999976158142,0.029999999329447746,0.029999999329447746,0.0,0.0,0.0,0.0,0.0,0.0
160,-111.13399999999997,0.0,0.03500000014901161,0.9350000023841858,0.029999999329447746,0.03500000014901161,0.9350000023841858,0.029999999329447746,0.03500000014901161,0.9350000023841858,0.029999999329447746,0.0,0.0,0.0,0.0,0.0,0.0
161,-331.00999999999993,0.0,0.9399999976158142,0.029999999329447746,0.029999999329447746,0.9399999976158142,0.029999999329447746,0.029999999329447746,0.9399999976158142,0.029999999329447746,0.029999999329447746,0.0,0.0,0.0,0.0,0.0,0.0
162,-33.63,0.0,0.03500000014901161,0.9350000023841858,0.029999999329447746,0.03500000014901161,0.9300000071525574,0.03500000014901161,0.03500000014901161,0.9350000023841858,0.029999999329447746,0.0,0.0,0.0,0.0,0.0,0.0
163,-194.10533333333325,0.0,0.06499999761581421,0.8899999856948853,0.04500000178813934,0.04500000178813934,0.8849999904632568,0.07000000029802322,0.9100000262260437,0.05999999865889549,0.029999999329447746,0.0,0.0,0.0,0.0,0.0,0.0
164,-31.881333333333323,0.0,0.03500000014901161,0.9350000023841858,0.029999999329447746,0.03500000014901161,0.9350000023841858,0.029999999329447746,0.03500000014901161,0.9350000023841858,0.029999999329447746,0.0,0.0,0.0,0.0,0.0,0.0
165,-122.46733333333333,0.0,0.03500000014901161,0.9350000023841858,0.029999999329447746,0.03500000014901161,0.9300000071525574,0.03500000014901161,0.9350000023841858,0.03500000014901161,0.029999999329447746,0.0,0.0,0.0,0.0,0.0,0.0
166,-117.25633333333334,0.0,0.03500000014901161,0.029999999329447746,0.9350000023841858,0.03500000014901161,0.9350000023841858,0.029999999329447746,0.03500000014901161,0.9350000023841858,0.029999999329447746,0.0,0.0,0.0,0.0,0.0,0.0
167,-25.809333333333328,0.0,0.03500000014901161,0.029999999329447746,0.9350000023841858,0.9399999976158142,0.029999999329447746,0.029999999329447746,0.9399999976158142,0.029999999329447746,0.029999999329447746,0.0,0.0,0.0,0.0,0.0,0.0
168,-343.73700000000014,0.0,0.05999999865889549,0.8899999856948853,0.05000000074505806,0.07999999821186066,0.8799999952316284,0.03999999910593033,0.8949999809265137,0.07000000029802322,0.03500000014901161,0.0,0.0,0.0,0.0,0.0,0.0
169,-214.26700000000005,0.0,0.07500000298023224,0.8849999904632568,0.03999999910593033,0.05000000074505806,0.8799999952316284,0.07000000029802322,0.8949999809265137,0.07000000029802322,0.03500000014901161,0.0,0.0,0.0,0.0,0.0,0.0
170,-287.7193333333334,0.0,0.03500000014901161,0.9350000023841858,0.029999999329447746,0.03500000014901161,0.9350000023841858,0.029999999329447746,0.03500000014901161,0.9350000023841858,0.029999999329447746,0.0,0.0,0.0,0.0,0.0,0.0
171,-155.80433333333332,0.0,0.03500000014901161,0.9350000023841858,0.029999999329447746,0.03999999910593033,0.925000011920929,0.03500000014901161,0.03999999910593033,0.9300000071525574,0.029999999329447746,0.0,0.0,0.0,0.0,0.0,0.0
172,-45.63833333333333,0.0,0.03500000014901161,0.9350000023841858,0.029999999329447746,0.03500000014901161,0.9350000023841858,0.029999999329447746,0.03500000014901161,0.9350000023841858,0.029999999329447746,0.0,0.0,0.0,0.0,0.0,0.0
173,-69.21233333333333,0.0,0.03500000014901161,0.9350000023841858,0.029999999329447746,0.03500000014901161,0.9350000023841858,0.029999999329447746,0.9399999976158142,0.029999999329447746,0.029999999329447746,0.0,0.0,0.0,0.0,0.0,0.0
174,-340.15299999999996,0.0,0.05999999865889549,0.8849999904632568,0.054999999701976776,0.07000000029802322,0.8799999952316284,0.05000000074505806,0.8949999809265137,0.05000000074505806,0.054999999701976776,0.0,0.0,0.0,0.0,0.0,0.0
175,-534.215,0.0,0.054999999701976776,0.8899999856948853,0.054999999701976776,0.05999999865889549,0.875,0.06499999761581421,0.8949999809265137,0.06499999761581421,0.03999999910593033,0.0,0.0,0.0,0.0,0.0,0.0
176,-64.61833333333333,0.0,0.03500000014901161,0.9350000023841858,0.029999999329447746,0.05000000074505806,0.029999999329447746,0.9200000166893005,0.03999999910593033,0.9300000071525574,0.029999999329447746,0.0,0.0,0.0,0.0,0.0,0.0
177,-103.76200000000003,0.0,0.054999999701976776,0.9100000262260437,0.03500000014901161,0.03500000014901161,0.9049999713897705,0.05999999865889549,0.9200000166893005,0.04500000178813934,0.03500000014901161,0.0,0.0,0.0,0.0,0.0,0.0
178,-241.44033333333329,0.0,0.05000000074505806,0.03500000014901161,0.9150000214576721,0.03999999910593033,0.9150000214576721,0.04500000178813934,0.9300000071525574,0.03999999910593033,0.029999999329447746,0.0,0.0,0.0,0.0,0.0,0.0
179,-196.7729999999999,0.0,0.03500000014901161,0.9350000023841858,0.029999999329447746,0.03500000014901161,0.9350000023841858,0.029999999329447746,0.9399999976158142,0.029999999329447746,0.029999999329447746,0.0,0.0,0.0,0.0,0.0,0.0
180,-38.17666666666669,0.0,0.03500000014901161,0.9350000023841858,0.029999999329447746,0.04500000178813934,0.9200000166893005,0.03500000014901161,0.03500000014901161,0.9350000023841858,0.029999999329447746,0.0,0.0,0.0,0.0,0.0,0.0
181,-80.78033333333333,0.0,0.05999999865889549,0.8999999761581421,0.03999999910593033,0.05999999865889549,0.8899999856948853,0.05000000074505806,0.9200000166893005,0.04500000178813934,0.03500000014901161,0.0,0.0,0.0,0.0,0.0,0.0
182,-70.157,0.0,0.03500000014901161,0.9350000023841858,0.029999999329447746,0.03500000014901161,0.9350000023841858,0.029999999329447746,0.03500000014901161,0.9350000023841858,0.029999999329447746,0.0,0.0,0.0,0.0,0.0,0.0
183,-309.61100000000005,0.0,0.03500000014901161,0.9350000023841858,0.029999999329447746,0.03500000014901161,0.9150000214576721,0.05000000074505806,0.03500000014901161,0.9350000023841858,0.029999999329447746,0.0,0.0,0.0,0.0,0.0,0.0
184,-210.5089999999999,0.0,0.03500000014901161,0.9350000023841858,0.029999999329447746,0.03500000014901161,0.9350000023841858,0.029999999329447746,0.03500000014901161,0.9350000023841858,0.029999999329447746,0.0,0.0,0.0,0.0,0.0,0.0
185,-51.7123333333333,0.0,0.03500000014901161,0.9350000023841858,0.029999999329447746,0.03500000014901161,0.9200000166893005,0.04500000178813934,0.04500000178813934,0.925000011920929,0.029999999329447746,0.0,0.0,0.0,0.0,0.0,0.0
186,-290.5073333333332,0.0,0.03500000014901161,0.9350000023841858,0.029999999329447746,0.03500000014901161,0.9350000023841858,0.029999999329447746,0.03500000014901161,0.9350000023841858,0.029999999329447746,0.0,0.0,0.0,0.0,0.0,0.0
187,-315.5836666666668,0.0,0.03500000014901161,0.029999999329447746,0.9350000023841858,0.03999999910593033,0.029999999329447746,0.9300000071525574,0.03500000014901161,0.9350000023841858,0.029999999329447746,0.0,0.0,0.0,0.0,0.0,0.0
188,-131.5716666666666,0.0,0.05000000074505806,0.9200000166893005,0.029999999329447746,0.06499999761581421,0.8799999952316284,0.054999999701976776,0.9049999713897705,0.04500000178813934,0.05000000074505806,0.0,0.0,0.0,0.0,0.0,0.0
189,-53.304000000000016,0.0,0.03500000014901161,0.9350000023841858,0.029999999329447746,0.03500000014901161,0.925000011920929,0.03999999910593033,0.03500000014901161,0.9350000023841858,0.029999999329447746,0.0,0.0,0.0,0.0,0.0,0.0
190,-214.6453333333335,0.0,0.03500000014901161,0.9350000023841858,0.029999999329447746,0.03500000014901161,0.9350000023841858,0.029999999329447746,0.03500000014901161,0.9350000023841858,0.029999999329447746,0.0,0.0,0.0,0.0,0.0,0.0
191,-26.332666666666668,0.0,0.03500000014901161,0.9350000023841858,0.029999999329447746,0.03500000014901161,0.925000011920929,0.03999999910593033,0.04500000178813934,0.925000011920929,0.029999999329447746,0.0,0.0,0.0,0.0,0.0,0.0
192,-34.05,0.0,0.03500000014901161,0.9350000023841858,0.029999999329447746,0.03500000014901161,0.9350000023841858,0.029999999329447746,0.03500000014901161,0.9350000023841858,0.029999999329447746,0.0,0.0,0.0,0.0,0.0,0.0
193,-380.84066666666666,0.0,0.07000000029802322,0.8949999809265137,0.03500000014901161,0.03500000014901161,0.8949999809265137,0.07000000029802322,0.9100000262260437,0.05000000074505806,0.03999999910593033,0.0,0.0,0.0,0.0,0.0,0.0
194,-41.721666666666664,0.0,0.03500000014901161,0.9350000023841858,0.029999999329447746,0.03999999910593033,0.9300000071525574,0.029999999329447746,0.9399999976158142,0.029999999329447746,0.029999999329447746,0.0,0.0,0.0,0.0,0.0,0.0
195,-28.691666666666666,0.0,0.03500000014901161,0.9350000023841858,0.029999999329447746,0.03500000014901161,0.9350000023841858,0.029999999329447746,0.9399999976158142,0.029999999329447746,0.029999999329447746,0.0,0.0,0.0,0.0,0.0,0.0
196,-181.16066666666663,0.0,0.03999999910593033,0.07500000298023224,0.8849999904632568,0.8899999856948853,0.03999999910593033,0.07000000029802322,0.9200000166893005,0.03999999910593033,0.03999999910593033,0.0,0.0,0.0,0.0,0.0,0.0
197,-331.4379999999998,0.0,0.06499999761581421,0.8849999904632568,0.05000000074505806,0.03999999910593033,0.875,0.08500000089406967,0.9350000023841858,0.029999999329447746,0.03500000014901161,0.0,0.0,0.0,0.0,0.0,0.0
198,-143.12666666666672,0.0,0.03500000014901161,0.029999999329447746,0.9350000023841858,0.9399999976158142,0.029999999329447746,0.029999999329447746,0.9399999976158142,0.029999999329447746,0.029999999329447746,0.0,0.0,0.0,0.0,0.0,0.0
199,-552.432,0.0,0.08500000089406967,0.8799999952316284,0.03500000014901161,0.03500000014901161,0.875,0.09000000357627869,0.925000011920929,0.03500000014901161,0.03999999910593033,0.0,0.0,0.0,0.0,0.0,0.0
200,-175.3940000000001,0.0,0.03500000014901161,0.9350000023841858,0.029999999329447746,0.03500000014901161,0.9350000023841858,0.029999999329447746,0.03500000014901161,0.9350000023841858,0.029999999329447746,0.0,0.0,0.0,0.0,0.0,0.0
201,-229.14933333333335,0.0,0.054999999701976776,0.8949999809265137,0.05000000074505806,0.03500000014901161,0.8799999952316284,0.08500000089406967,0.9150000214576721,0.029999999329447746,0.054999999701976776,0.0,0.0,0.0,0.0,0.0,0.0
202,-253.00633333333332,0.0,0.06499999761581421,0.8849999904632568,0.05000000074505806,0.03500000014901161,0.875,0.09000000357627869,0.9300000071525574,0.029999999329447746,0.03999999910593033,0.0,0.0,0.0,0.0,0.0,0.0
203,-34.348000000000006,0.0,0.03500000014901161,0.029999999329447746,0.9350000023841858,0.03500000014901161,0.029999999329447746,0.9350000023841858,0.03500000014901161,0.029999999329447746,0.9350000023841858,0.0,0.0,0.0,0.0,0.0,0.0
204,-122.8003333333334,0.0,0.03500000014901161,0.9350000023841858,0.029999999329447746,0.03500000014901161,0.9300000071525574,0.03500000014901161,0.03500000014901161,0.9350000023841858,0.029999999329447746,0.0,0.0,0.0,0.0,0.0,0.0
205,-56.980333333333355,0.0,0.03999999910593033,0.925000011920929,0.03500000014901161,0.925000011920929,0.029999999329447746,0.04500000178813934,0.03999999910593033,0.9300000071525574,0.029999999329447746,0.0,0.0,0.0,0.0,0.0,0.0
206,-52.82366666666669,0.0,0.03500000014901161,0.9350000023841858,0.029999999329447746,0.03500000014901161,0.9350000023841858,0.029999999329447746,0.03500000014901161,0.9350000023841858,0.029999999329447746,0.0,0.0,0.0,0.0,0.0,0.0
207,-74.8026666666667,0.0,0.04500000178813934,0.9100000262260437,0.04500000178813934,0.054999999701976776,0.8899999856948853,0.054999999701976776,0.925000011920929,0.029999999329447746,0.04500000178813934,0.0,0.0,0.0,0.0,0.0,0.0
208,-54.45200000000002,0.0,0.03500000014901161,0.9350000023841858,0.029999999329447746,0.03500000014901161,0.9350000023841858,0.029999999329447746,0.03500000014901161,0.9350000023841858,0.029999999329447746,0.0,0.0,0.0,0.0,0.0,0.0
209,-24.591666666666665,0.0,0.03500000014901161,0.9350000023841858,0.029999999329447746,0.03500000014901161,0.9350000023841858,0.029999999329447746,0.03500000014901161,0.9350000023841858,0.029999999329447746,0.0,0.0,0.0,0.0,0.0,0.0
210,-210.524,0.0,0.03500000014901161,0.9350000023841858,0.029999999329447746,0.03500000014901161,0.9350000023841858,0.029999999329447746,0.03500000014901161,0.9350000023841858,0.029999999329447746,0.0,0.0,0.0,0.0,0.0,0.0
211,-369.29833333333335,0.0,0.07999999821186066,0.875,0.04500000178813934,0.03500000014901161,0.875,0.09000000357627869,0.9200000166893005,0.029999999329447746,0.05000000074505806,0.0,0.0,0.0,0.0,0.0,0.0
212,-98.3426666666667,0.0,0.03500000014901161,0.9350000023841858,0.029999999329447746,0.03500000014901161,0.9300000071525574,0.03500000014901161,0.03500000014901161,0.9350000023841858,0.029999999329447746,0.0,0.0,0.0,0.0,0.0,0.0
213,-237.23866666666675,0.0,0.07000000029802322,0.8899999856948853,0.03999999910593033,0.03999999910593033,0.8899999856948853,0.07000000029802322,0.925000011920929,0.029999999329447746,0.04500000178813934,0.0,0.0,0.0,0.0,0.0,0.0
214,-49.82833333333334,0.0,0.03500000014901161,0.9350000023841858,0.029999999329447746,0.03500000014901161,0.029999999329447746,0.9350000023841858,0.9399999976158142,0.029999999329447746,0.029999999329447746,0.0,0.0,0.0,0.0,0.0,0.0
215,-40.63866666666665,0.0,0.03500000014901161,0.9350000023841858,0.029999999329447746,0.03500000014901161,0.9350000023841858,0.029999999329447746,0.03500000014901161,0.9350000023841858,0.029999999329447746,0.0,0.0,0.0,0.0,0.0,0.0
216,-270.93766666666664,0.0,0.03500000014901161,0.029999999329447746,0.9350000023841858,0.03500000014901161,0.03500000014901161,0.9300000071525574,0.03500000014901161,0.9350000023841858,0.029999999329447746,0.0,0.0,0.0,0.0,0.0,0.0
217,-60.047000000000004,0.0,0.03999999910593033,0.9300000071525574,0.029999999329447746,0.05999999865889549,0.9049999713897705,0.03500000014901161,0.9300000071525574,0.029999999329447746,0.03999999910593033,0.0,0.0,0.0,0.0,0.0,0.0
218,-280.4053333333334,0.0,0.03500000014901161,0.9350000023841858,0.029999999329447746,0.03500000014901161,0.9150000214576721,0.05000000074505806,0.03500000014901161,0.9350000023841858,0.029999999329447746,0.0,0.0,0.0,0.0,0.0,0.0
219,-44.433333333333366,0.0,0.03500000014901161,0.9350000023841858,0.029999999329447746,0.03500000014901161,0.9350000023841858,0.029999999329447746,0.03500000014901161,0.9350000023841858,0.029999999329447746,0.0,0.0,0.0,0.0,0.0,0.0
220,-42.803666666666665,0.0,0.03500000014901161,0.9350000023841858,0.029999999329447746,0.03500000014901161,0.9150000214576721,0.05000000074505806,0.04500000178813934,0.029999999329447746,0.925000011920929,0.0,0.0,0.0,0.0,0.0,0.0
221,-320.4266666666665,0.0,0.03500000014901161,0.029999999329447746,0.9350000023841858,0.03500000014901161,0.9300000071525574,0.03500000014901161,0.03500000014901161,0.9350000023841858,0.029999999329447746,0.0,0.0,0.0,0.0,0.0,0.0
222,-29.045000000000005,0.0,0.03500000014901161,0.9350000023841858,0.029999999329447746,0.03500000014901161,0.9350000023841858,0.029999999329447746,0.9399999976158142,0.029999999329447746,0.029999999329447746,0.0,0.0,0.0,0.0,0.0,0.0
223,-143.37833333333333,0.0,0.03500000014901161,0.029999999329447746,0.9350000023841858,0.03500000014901161,0.029999999329447746,0.9350000023841858,0.03500000014901161,0.9350000023841858,0.029999999329447746,0.0,0.0,0.0,0.0,0.0,0.0
224,-33.04800000000001,0.0,0.9399999976158142,0.029999999329447746,0.029999999329447746,0.9399999976158142,0.029999999329447746,0.029999999329447746,0.9399999976158142,0.029999999329447746,0.029999999329447746,0.0,0.0,0.0,0.0,0.0,0.0
225,-36.77433333333331,0.0,0.03500000014901161,0.9350000023841858,0.029999999329447746,0.03500000014901161,0.9350000023841858,0.029999999329447746,0.03500000014901161,0.9350000023841858,0.029999999329447746,0.0,0.0,0.0,0.0,0.0,0.0
226,-436.82633333333337,0.0,0.03500000014901161,0.9350000023841858,0.029999999329447746,0.03500000014901161,0.9350000023841858,0.029999999329447746,0.03500000014901161,0.9350000023841858,0.029999999329447746,0.0,0.0,0.0,0.0,0.0,0.0
227,-242.8746666666666,0.0,0.05000000074505806,0.8899999856948853,0.05999999865889549,0.8849999904632568,0.029999999329447746,0.08500000089406967,0.9049999713897705,0.029999999329447746,0.06499999761581421,0.0,0.0,0.0,0.0,0.0,0.0
228,-46.25766666666667,0.0,0.03500000014901161,0.029999999329447746,0.9350000023841858,0.9399999976158142,0.029999999329447746,0.029999999329447746,0.9399999976158142,0.029999999329447746,0.029999999329447746,0.0,0.0,0.0,0.0,0.0,0.0
229,-189.09733333333332,0.0,0.06499999761581421,0.8849999904632568,0.05000000074505806,0.03999999910593033,0.8799999952316284,0.07999999821186066,0.9100000262260437,0.029999999329447746,0.05999999865889549,0.0,0.0,0.0,0.0,0.0,0.0
230,-340.50166666666667,0.0,0.04500000178813934,0.8999999761581421,0.054999999701976776,0.8949999809265137,0.029999999329447746,0.07500000298023224,0.9049999713897705,0.03500000014901161,0.05999999865889549,0.0,0.0,0.0,0.0,0.0,0.0
231,-172.54599999999994,0.0,0.9300000071525574,0.029999999329447746,0.03999999910593033,0.9399999976158142,0.029999999329447746,0.029999999329447746,0.9399999976158142,0.029999999329447746,0.029999999329447746,0.0,0.0,0.0,0.0,0.0,0.0
232,-194.9826666666666,0.0,0.03500000014901161,0.9350000023841858,0.029999999329447746,0.03500000014901161,0.9350000023841858,0.029999999329447746,0.03500000014901161,0.9350000023841858,0.029999999329447746,0.0,0.0,0.0,0.0,0.0,0.0
233,-65.132,0.0,0.05999999865889549,0.03999999910593033,0.8999999761581421,0.8999999761581421,0.029999999329447746,0.07000000029802322,0.9300000071525574,0.029999999329447746,0.03999999910593033,0.0,0.0,0.0,0.0,0.0,0.0
234,-46.37266666666668,0.0,0.03500000014901161,0.029999999329447746,0.9350000023841858,0.03500000014901161,0.9350000023841858,0.029999999329447746,0.03500000014901161,0.9350000023841858,0.029999999329447746,0.0,0.0,0.0,0.0,0.0,0.0
235,-84.97833333333334,0.0,0.04500000178813934,0.925000011920929,0.029999999329447746,0.03500000014901161,0.9150000214576721,0.05000000074505806,0.925000011920929,0.03500000014901161,0.03999999910593033,0.0,0.0,0.0,0.0,0.0,0.0
236,-303.98299999999995,0.0,0.03500000014901161,0.9350000023841858,0.029999999329447746,0.03500000014901161,0.9300000071525574,0.03500000014901161,0.03999999910593033,0.9300000071525574,0.029999999329447746,0.0,0.0,0.0,0.0,0.0,0.0
237,-88.51466666666667,0.0,0.03500000014901161,0.9350000023841858,0.029999999329447746,0.9399999976158142,0.029999999329447746,0.029999999329447746,0.9399999976158142,0.029999999329447746,0.029999999329447746,0.0,0.0,0.0,0.0,0.0,0.0
238,-530.2316666666666,0.0,0.03500000014901161,0.9350000023841858,0.029999999329447746,0.03500000014901161,0.9100000262260437,0.054999999701976776,0.9150000214576721,0.029999999329447746,0.054999999701976776,0.0,0.0,0.0,0.0,0.0,0.0
239,-64.37199999999996,0.0,0.03500000014901161,0.9350000023841858,0.029999999329447746,0.03500000014901161,0.9150000214576721,0.05000000074505806,0.925000011920929,0.029999999329447746,0.04500000178813934,0.0,0.0,0.0,0.0,0.0,0.0
240,-44.49300000000001,0.0,0.03500000014901161,0.9350000023841858,0.029999999329447746,0.03500000014901161,0.9350000023841858,0.029999999329447746,0.03500000014901161,0.9350000023841858,0.029999999329447746,0.0,0.0,0.0,0.0,0.0,0.0
241,-149.36733333333328,0.0,0.05000000074505806,0.9150000214576721,0.03500000014901161,0.03500000014901161,0.8999999761581421,0.06499999761581421,0.925000011920929,0.03500000014901161,0.03999999910593033,0.0,0.0,0.0,0.0,0.0,0.0
242,-36.43466666666667,0.0,0.03500000014901161,0.9350000023841858,0.029999999329447746,0.03500000014901161,0.925000011920929,0.03999999910593033,0.03500000014901161,0.9350000023841858,0.029999999329447746,0.0,0.0,0.0,0.0,0.0,0.0
243,-280.8246666666666,0.0,0.03999999910593033,0.9300000071525574,0.029999999329447746,0.03500000014901161,0.9300000071525574,0.03500000014901161,0.03999999910593033,0.9300000071525574,0.029999999329447746,0.0,0.0,0.0,0.0,0.0,0.0
244,-66.12433333333331,0.0,0.03500000014901161,0.9350000023841858,0.029999999329447746,0.03500000014901161,0.9150000214576721,0.05000000074505806,0.03999999910593033,0.9300000071525574,0.029999999329447746,0.0,0.0,0.0,0.0,0.0,0.0
245,-100.91199999999999,0.0,0.03500000014901161,0.9350000023841858,0.029999999329447746,0.03999999910593033,0.9150000214576721,0.04500000178813934,0.03500000014901161,0.9350000023841858,0.029999999329447746,0.0,0.0,0.0,0.0,0.0,0.0
246,-115.46400000000007,0.0,0.03500000014901161,0.9350000023841858,0.029999999329447746,0.03500000014901161,0.9350000023841858,0.029999999329447746,0.03500000014901161,0.9350000023841858,0.029999999329447746,0.0,0.0,0.0,0.0,0.0,0.0
247,-150.32400000000007,0.0,0.03500000014901161,0.9350000023841858,0.029999999329447746,0.03500000014901161,0.9350000023841858,0.029999999329447746,0.03500000014901161,0.9350000023841858,0.029999999329447746,0.0,0.0,0.0,0.0,0.0,0.0
248,-290.70833333333337,0.0,0.03500000014901161,0.9350000023841858,0.029999999329447746,0.03500000014901161,0.925000011920929,0.03999999910593033,0.03500000014901161,0.9350000023841858,0.029999999329447746,0.0,0.0,0.0,0.0,0.0,0.0
249,-467.4993333333334,0.0,0.06499999761581421,0.8949999809265137,0.03999999910593033,0.03500000014901161,0.875,0.09000000357627869,0.8849999904632568,0.029999999329447746,0.08500000089406967,0.0,0.0,0.0,0.0,0.0,0.0
250,-160.62766666666667,0.0,0.03500000014901161,0.9350000023841858,0.029999999329447746,0.03500000014901161,0.925000011920929,0.03999999910593033,0.03500000014901161,0.9350000023841858,0.029999999329447746,0.0,0.0,0.0,0.0,0.0,0.0
251,-333.8173333333333,0.0,0.03500000014901161,0.029999999329447746,0.9350000023841858,0.03500000014901161,0.029999999329447746,0.9350000023841858,0.03500000014901161,0.9350000023841858,0.029999999329447746,0.0,0.0,0.0,0.0,0.0,0.0
252,-226.94166666666658,0.0,0.03500000014901161,0.9350000023841858,0.029999999329447746,0.03500000014901161,0.9350000023841858,0.029999999329447746,0.03500000014901161,0.9350000023841858,0.029999999329447746,0.0,0.0,0.0,0.0,0.0,0.0
253,-41.547666666666665,0.0,0.03500000014901161,0.029999999329447746,0.9350000023841858,0.03500000014901161,0.029999999329447746,0.9350000023841858,0.03500000014901161,0.9350000023841858,0.029999999329447746,0.0,0.0,0.0,0.0,0.0,0.0
254,-39.78200000000002,0.0,0.9399999976158142,0.029999999329447746,0.029999999329447746,0.9399999976158142,0.029999999329447746,0.029999999329447746,0.9399999976158142,0.029999999329447746,0.029999999329447746,0.0,0.0,0.0,0.0,0.0,0.0
255,-71.36600000000003,0.0,0.03500000014901161,0.9350000023841858,0.029999999329447746,0.03500000014901161,0.9350000023841858,0.029999999329447746,0.03500000014901161,0.9350000023841858,0.029999999329447746,0.0,0.0,0.0,0.0,0.0,0.0
256,-153.1913333333333,0.0,0.03500000014901161,0.9350000023841858,0.029999999329447746,0.03500000014901161,0.9350000023841858,0.029999999329447746,0.03500000014901161,0.9350000023841858,0.029999999329447746,0.0,0.0,0.0,0.0,0.0,0.0
257,-305.7293333333333,0.0,0.03500000014901161,0.05000000074505806,0.9150000214576721,0.05999999865889549,0.029999999329447746,0.9100000262260437,0.9150000214576721,0.029999999329447746,0.054999999701976776,0.0,0.0,0.0,0.0,0.0,0.0
258,-375.325,0.0,0.07500000298023224,0.8949999809265137,0.029999999329447746,0.04500000178813934,0.8899999856948853,0.06499999761581421,0.8999999761581421,0.029999999329447746,0.07000000029802322,0.0,0.0,0.0,0.0,0.0,0.0
259,-92.49033333333335,0.0,0.06499999761581421,0.9049999713897705,0.029999999329447746,0.03999999910593033,0.8899999856948853,0.07000000029802322,0.9100000262260437,0.029999999329447746,0.05999999865889549,0.0,0.0,0.0,0.0,0.0,0.0
260,-45.194,0.0,0.04500000178813934,0.9200000166893005,0.03500000014901161,0.03500000014901161,0.9150000214576721,0.05000000074505806,0.925000011920929,0.029999999329447746,0.04500000178813934,0.0,0.0,0.0,0.0,0.0,0.0
261,-39.09933333333332,0.0,0.03500000014901161,0.9350000023841858,0.029999999329447746,0.03500000014901161,0.8949999809265137,0.07000000029802322,0.9150000214576721,0.029999999329447746,0.054999999701976776,0.0,0.0,0.0,0.0,0.0,0.0
262,-204.1633333333333,0.0,0.03500000014901161,0.9350000023841858,0.029999999329447746,0.03500000014901161,0.9200000166893005,0.04500000178813934,0.03500000014901161,0.9350000023841858,0.029999999329447746,0.0,0.0,0.0,0.0,0.0,0.0
263,-235.25833333333333,0.0,0.03500000014901161,0.9350000023841858,0.029999999329447746,0.03500000014901161,0.9200000166893005,0.04500000178813934,0.04500000178813934,0.925000011920929,0.029999999329447746,0.0,0.0,0.0,0.0,0.0,0.0
264,-35.707333333333345,0.0,0.9399999976158142,0.029999999329447746,0.029999999329447746,0.9399999976158142,0.029999999329447746,0.029999999329447746,0.9399999976158142,0.029999999329447746,0.029999999329447746,0.0,0.0,0.0,0.0,0.0,0.0
265,-618.2533333333332,0.0,0.054999999701976776,0.9150000214576721,0.029999999329447746,0.05000000074505806,0.8849999904632568,0.06499999761581421,0.9100000262260437,0.029999999329447746,0.05999999865889549,0.0,0.0,0.0,0.0,0.0,0.0
266,-665.5193333333333,0.0,0.05999999865889549,0.9100000262260437,0.029999999329447746,0.9049999713897705,0.029999999329447746,0.06499999761581421,0.9200000166893005,0.029999999329447746,0.05000000074505806,0.0,0.0,0.0,0.0,0.0,0.0
267,-23.277666666666683,0.0,0.03500000014901161,0.9350000023841858,0.029999999329447746,0.03500000014901161,0.9350000023841858,0.029999999329447746,0.03500000014901161,0.9350000023841858,0.029999999329447746,0.0,0.0,0.0,0.0,0.0,0.0
268,-161.61899999999997,0.0,0.03500000014901161,0.9350000023841858,0.029999999329447746,0.9399999976158142,0.029999999329447746,0.029999999329447746,0.9399999976158142,0.029999999329447746,0.029999999329447746,0.0,0.0,0.0,0.0,0.0,0.0
269,-143.27166666666662,0.0,0.05999999865889549,0.9100000262260437,0.029999999329447746,0.05000000074505806,0.8799999952316284,0.07000000029802322,0.8999999761581421,0.029999999329447746,0.07000000029802322,0.0,0.0,0.0,0.0,0.0,0.0
270,-33.365666666666655,0.0,0.03500000014901161,0.029999999329447746,0.9350000023841858,0.03500000014901161,0.029999999329447746,0.9350000023841858,0.03500000014901161,0.9350000023841858,0.029999999329447746,0.0,0.0,0.0,0.0,0.0,0.0
271,-50.15466666666668,0.0,0.03500000014901161,0.9350000023841858,0.029999999329447746,0.03500000014901161,0.9350000023841858,0.029999999329447746,0.9399999976158142,0.029999999329447746,0.029999999329447746,0.0,0.0,0.0,0.0,0.0,0.0
272,-157.69233333333335,0.0,0.03500000014901161,0.9350000023841858,0.029999999329447746,0.03500000014901161,0.9350000023841858,0.029999999329447746,0.03500000014901161,0.9350000023841858,0.029999999329447746,0.0,0.0,0.0,0.0,0.0,0.0
273,-24.72666666666666,0.0,0.03500000014901161,0.9350000023841858,0.029999999329447746,0.03500000014901161,0.925000011920929,0.03999999910593033,0.03999999910593033,0.9300000071525574,0.029999999329447746,0.0,0.0,0.0,0.0,0.0,0.0
274,-70.71999999999997,0.0,0.03500000014901161,0.029999999329447746,0.9350000023841858,0.03500000014901161,0.9200000166893005,0.04500000178813934,0.03999999910593033,0.9300000071525574,0.029999999329447746,0.0,0.0,0.0,0.0,0.0,0.0
275,-85.37733333333331,0.0,0.03500000014901161,0.06499999761581421,0.8999999761581421,0.03999999910593033,0.8949999809265137,0.06499999761581421,0.9100000262260437,0.029999999329447746,0.05999999865889549,0.0,0.0,0.0,0.0,0.0,0.0
276,-85.85333333333335,0.0,0.03500000014901161,0.9350000023841858,0.029999999329447746,0.03500000014901161,0.9350000023841858,0.029999999329447746,0.03500000014901161,0.9350000023841858,0.029999999329447746,0.0,0.0,0.0,0.0,0.0,0.0
277,-272.783,0.0,0.03500000014901161,0.9350000023841858,0.029999999329447746,0.03500000014901161,0.9150000214576721,0.05000000074505806,0.04500000178813934,0.9200000166893005,0.03500000014901161,0.0,0.0,0.0,0.0,0.0,0.0
278,-66.04400000000001,0.0,0.03500000014901161,0.9350000023841858,0.029999999329447746,0.03500000014901161,0.9350000023841858,0.029999999329447746,0.03500000014901161,0.9350000023841858,0.029999999329447746,0.0,0.0,0.0,0.0,0.0,0.0
279,-103.21266666666668,0.0,0.04500000178813934,0.06499999761581421,0.8899999856948853,0.8899999856948853,0.029999999329447746,0.07999999821186066,0.9049999713897705,0.03500000014901161,0.05999999865889549,0.0,0.0,0.0,0.0,0.0,0.0
280,-204.37233333333322,0.0,0.05000000074505806,0.9150000214576721,0.03500000014901161,0.03500000014901161,0.9100000262260437,0.054999999701976776,0.9150000214576721,0.03999999910593033,0.04500000178813934,0.0,0.0,0.0,0.0,0.0,0.0
281,-36.990666666666655,0.0,0.03500000014901161,0.029999999329447746,0.9350000023841858,0.03500000014901161,0.029999999329447746,0.9350000023841858,0.9350000023841858,0.029999999329447746,0.03500000014901161,0.0,0.0,0.0,0.0,0.0,0.0
282,-123.38499999999995,0.0,0.05999999865889549,0.9100000262260437,0.029999999329447746,0.03500000014901161,0.9049999713897705,0.05999999865889549,0.9150000214576721,0.029999999329447746,0.054999999701976776,0.0,0.0,0.0,0.0,0.0,0.0
283,-288.64666666666676,0.0,0.03500000014901161,0.9350000023841858,0.029999999329447746,0.03500000014901161,0.9350000023841858,0.029999999329447746,0.9399999976158142,0.029999999329447746,0.029999999329447746,0.0,0.0,0.0,0.0,0.0,0.0
284,-263.92866666666663,0.0,0.07999999821186066,0.8849999904632568,0.03500000014901161,0.03999999910593033,0.8799999952316284,0.07999999821186066,0.8899999856948853,0.029999999329447746,0.07999999821186066,0.0,0.0,0.0,0.0,0.0,0.0
285,-240.71666666666673,0.0,0.07500000298023224,0.8899999856948853,0.03500000014901161,0.03999999910593033,0.875,0.08500000089406967,0.8899999856948853,0.029999999329447746,0.07999999821186066,0.0,0.0,0.0,0.0,0.0,0.0
286,-371.7906666666666,0.0,0.054999999701976776,0.9150000214576721,0.029999999329447746,0.03999999910593033,0.8849999904632568,0.07500000298023224,0.8949999809265137,0.029999999329447746,0.07500000298023224,0.0,0.0,0.0,0.0,0.0,0.0
287,-268.9286666666665,0.0,0.03500000014901161,0.9350000023841858,0.029999999329447746,0.03500000014901161,0.925000011920929,0.03999999910593033,0.03500000014901161,0.9350000023841858,0.029999999329447746,0.0,0.0,0.0,0.0,0.0,0.0
288,-127.68900000000002,0.0,0.03500000014901161,0.029999999329447746,0.9350000023841858,0.9399999976158142,0.029999999329447746,0.029999999329447746,0.9399999976158142,0.029999999329447746,0.029999999329447746,0.0,0.0,0.0,0.0,0.0,0.0
289,-51.580666666666644,0.0,0.03500000014901161,0.9350000023841858,0.029999999329447746,0.03500000014901161,0.9350000023841858,0.029999999329447746,0.03500000014901161,0.9350000023841858,0.029999999329447746,0.0,0.0,0.0,0.0,0.0,0.0
290,-39.71066666666666,0.0,0.03500000014901161,0.9350000023841858,0.029999999329447746,0.03500000014901161,0.925000011920929,0.03999999910593033,0.9300000071525574,0.029999999329447746,0.03999999910593033,0.0,0.0,0.0,0.0,0.0,0.0
291,-597.9993333333334,0.0,0.07000000029802322,0.8949999809265137,0.03500000014901161,0.8899999856948853,0.029999999329447746,0.07999999821186066,0.8999999761581421,0.03500000014901161,0.06499999761581421,0.0,0.0,0.0,0.0,0.0,0.0
292,-210.2416666666667,0.0,0.9399999976158142,0.029999999329447746,0.029999999329447746,0.9399999976158142,0.029999999329447746,0.029999999329447746,0.9399999976158142,0.029999999329447746,0.029999999329447746,0.0,0.0,0.0,0.0,0.0,0.0
293,-65.90933333333336,0.0,0.03500000014901161,0.9350000023841858,0.029999999329447746,0.03500000014901161,0.9350000023841858,0.029999999329447746,0.03500000014901161,0.9350000023841858,0.029999999329447746,0.0,0.0,0.0,0.0,0.0,0.0
294,-292.4489999999999,0.0,0.08500000089406967,0.8799999952316284,0.03500000014901161,0.03500000014901161,0.875,0.09000000357627869,0.8849999904632568,0.029999999329447746,0.08500000089406967,0.0,0.0,0.0,0.0,0.0,0.0
295,-123.54266666666668,0.0,0.054999999701976776,0.8999999761581421,0.04500000178813934,0.054999999701976776,0.8899999856948853,0.054999999701976776,0.8949999809265137,0.03500000014901161,0.07000000029802322,0.0,0.0,0.0,0.0,0.0,0.0
296,-27.49233333333333,0.0,0.03500000014901161,0.029999999329447746,0.9350000023841858,0.03500000014901161,0.029999999329447746,0.9350000023841858,0.03500000014901161,0.029999999329447746,0.9350000023841858,0.0,0.0,0.0,0.0,0.0,0.0
297,-39.611333333333334,0.0,0.03500000014901161,0.029999999329447746,0.9350000023841858,0.03500000014901161,0.9300000071525574,0.03500000014901161,0.03500000014901161,0.9350000023841858,0.029999999329447746,0.0,0.0,0.0,0.0,0.0,0.0
298,-246.18366666666665,0.0,0.07500000298023224,0.8849999904632568,0.03999999910593033,0.05000000074505806,0.8849999904632568,0.06499999761581421,0.8899999856948853,0.029999999329447746,0.07999999821186066,0.0,0.0,0.0,0.0,0.0,0.0
299,-30.659333333333297,0.0,0.03500000014901161,0.9350000023841858,0.029999999329447746,0.03999999910593033,0.925000011920929,0.03500000014901161,0.03500000014901161,0.9350000023841858,0.029999999329447746,0.0,0.0,0.0,0.0,0.0,0.0
300,-194.7693333333333,0.0,0.03500000014901161,0.029999999329447746,0.9350000023841858,0.03500000014901161,0.9350000023841858,0.029999999329447746,0.03500000014901161,0.9350000023841858,0.029999999329447746,0.0,0.0,0.0,0.0,0.0,0.0
301,-275.73066666666676,0.0,0.04500000178813934,0.9100000262260437,0.04500000178813934,0.9100000262260437,0.029999999329447746,0.05999999865889549,0.9350000023841858,0.029999999329447746,0.03500000014901161,0.0,0.0,0.0,0.0,0.0,0.0
302,-48.23100000000002,0.0,0.03500000014901161,0.9350000023841858,0.029999999329447746,0.03999999910593033,0.9300000071525574,0.029999999329447746,0.03500000014901161,0.9350000023841858,0.029999999329447746,0.0,0.0,0.0,0.0,0.0,0.0
303,-141.43,0.0,0.05999999865889549,0.8899999856948853,0.05000000074505806,0.04500000178813934,0.8849999904632568,0.07000000029802322,0.8899999856948853,0.03500000014901161,0.07500000298023224,0.0,0.0,0.0,0.0,0.0,0.0
304,-88.39966666666665,0.0,0.03500000014901161,0.9350000023841858,0.029999999329447746,0.03500000014901161,0.9300000071525574,0.03500000014901161,0.03500000014901161,0.9350000023841858,0.029999999329447746,0.0,0.0,0.0,0.0,0.0,0.0
305,-44.73699999999999,0.0,0.03500000014901161,0.9350000023841858,0.029999999329447746,0.03999999910593033,0.9300000071525574,0.029999999329447746,0.03500000014901161,0.9350000023841858,0.029999999329447746,0.0,0.0,0.0,0.0,0.0,0.0
306,-85.27600000000004,0.0,0.9399999976158142,0.029999999329447746,0.029999999329447746,0.9399999976158142,0.029999999329447746,0.029999999329447746,0.9399999976158142,0.029999999329447746,0.029999999329447746,0.0,0.0,0.0,0.0,0.0,0.0
307,-93.80766666666668,0.0,0.07999999821186066,0.8799999952316284,0.03999999910593033,0.054999999701976776,0.875,0.07000000029802322,0.8849999904632568,0.029999999329447746,0.08500000089406967,0.0,0.0,0.0,0.0,0.0,0.0
308,-107.18366666666672,0.0,0.054999999701976776,0.9049999713897705,0.03999999910593033,0.04500000178813934,0.8849999904632568,0.07000000029802322,0.9049999713897705,0.029999999329447746,0.06499999761581421,0.0,0.0,0.0,0.0,0.0,0.0
309,-304.1766666666667,0.0,0.03500000014901161,0.9350000023841858,0.029999999329447746,0.03500000014901161,0.9350000023841858,0.029999999329447746,0.03500000014901161,0.9350000023841858,0.029999999329447746,0.0,0.0,0.0,0.0,0.0,0.0
310,-29.180666666666674,0.0,0.03500000014901161,0.9350000023841858,0.029999999329447746,0.03500000014901161,0.9350000023841858,0.029999999329447746,0.03500000014901161,0.9350000023841858,0.029999999329447746,0.0,0.0,0.0,0.0,0.0,0.0
311,-227.06899999999987,0.0,0.03500000014901161,0.9350000023841858,0.029999999329447746,0.03500000014901161,0.9350000023841858,0.029999999329447746,0.03500000014901161,0.9350000023841858,0.029999999329447746,0.0,0.0,0.0,0.0,0.0,0.0
312,-98.16066666666664,0.0,0.03500000014901161,0.9350000023841858,0.029999999329447746,0.03500000014901161,0.9350000023841858,0.029999999329447746,0.03500000014901161,0.9350000023841858,0.029999999329447746,0.0,0.0,0.0,0.0,0.0,0.0
313,-41.33300000000002,0.0,0.03500000014901161,0.9350000023841858,0.029999999329447746,0.05000000074505806,0.9200000166893005,0.029999999329447746,0.9200000166893005,0.029999999329447746,0.05000000074505806,0.0,0.0,0.0,0.0,0.0,0.0
314,-36.57033333333333,0.0,0.03500000014901161,0.029999999329447746,0.9350000023841858,0.04500000178813934,0.029999999329447746,0.925000011920929,0.03500000014901161,0.029999999329447746,0.9350000023841858,0.0,0.0,0.0,0.0,0.0,0.0
315,-64.33499999999995,0.0,0.03500000014901161,0.9350000023841858,0.029999999329447746,0.03500000014901161,0.9350000023841858,0.029999999329447746,0.03500000014901161,0.9350000023841858,0.029999999329447746,0.0,0.0,0.0,0.0,0.0,0.0
316,-173.13799999999995,0.0,0.03500000014901161,0.9350000023841858,0.029999999329447746,0.03999999910593033,0.9300000071525574,0.029999999329447746,0.03500000014901161,0.9350000023841858,0.029999999329447746,0.0,0.0,0.0,0.0,0.0,0.0
317,-18.235,0.0,0.03500000014901161,0.9350000023841858,0.029999999329447746,0.03500000014901161,0.9350000023841858,0.029999999329447746,0.03500000014901161,0.9350000023841858,0.029999999329447746,0.0,0.0,0.0,0.0,0.0,0.0
318,-43.13300000000001,0.0,0.03500000014901161,0.9350000023841858,0.029999999329447746,0.03500000014901161,0.9350000023841858,0.029999999329447746,0.03500000014901161,0.9350000023841858,0.029999999329447746,0.0,0.0,0.0,0.0,0.0,0.0
319,-293.0773333333334,0.0,0.08500000089406967,0.8799999952316284,0.03500000014901161,0.06499999761581421,0.875,0.05999999865889549,0.8799999952316284,0.03999999910593033,0.07999999821186066,0.0,0.0,0.0,0.0,0.0,0.0
320,-166.82066666666663,0.0,0.03500000014901161,0.029999999329447746,0.9350000023841858,0.03500000014901161,0.9350000023841858,0.029999999329447746,0.03500000014901161,0.9350000023841858,0.029999999329447746,0.0,0.0,0.0,0.0,0.0,0.0
321,-482.3910000000001,0.0,0.07999999821186066,0.8799999952316284,0.03999999910593033,0.07999999821186066,0.875,0.04500000178813934,0.8799999952316284,0.029999999329447746,0.09000000357627869,0.0,0.0,0.0,0.0,0.0,0.0
322,-343.9393333333335,0.0,0.03500000014901161,0.9350000023841858,0.029999999329447746,0.03500000014901161,0.9350000023841858,0.029999999329447746,0.03500000014901161,0.9350000023841858,0.029999999329447746,0.0,0.0,0.0,0.0,0.0,0.0
323,-114.46533333333336,0.0,0.03500000014901161,0.029999999329447746,0.9350000023841858,0.9399999976158142,0.029999999329447746,0.029999999329447746,0.9399999976158142,0.029999999329447746,0.029999999329447746,0.0,0.0,0.0,0.0,0.0,0.0
324,-56.120666666666665,0.0,0.05000000074505806,0.9200000166893005,0.029999999329447746,0.06499999761581421,0.029999999329447746,0.9049999713897705,0.9100000262260437,0.029999999329447746,0.05999999865889549,0.0,0.0,0.0,0.0,0.0,0.0
325,-238.77733333333344,0.0,0.03500000014901161,0.029999999329447746,0.9350000023841858,0.03500000014901161,0.029999999329447746,0.9350000023841858,0.03500000014901161,0.9350000023841858,0.029999999329447746,0.0,0.0,0.0,0.0,0.0,0.0
326,-62.29933333333331,0.0,0.03500000014901161,0.9350000023841858,0.029999999329447746,0.05000000074505806,0.9200000166893005,0.029999999329447746,0.9300000071525574,0.029999999329447746,0.03999999910593033,0.0,0.0,0.0,0.0,0.0,0.0
327,-451.2483333333333,0.0,0.07999999821186066,0.8849999904632568,0.03500000014901161,0.05999999865889549,0.8799999952316284,0.05999999865889549,0.8849999904632568,0.03500000014901161,0.07999999821186066,0.0,0.0,0.0,0.0,0.0,0.0
328,-34.443333333333314,0.0,0.03500000014901161,0.9350000023841858,0.029999999329447746,0.03500000014901161,0.9350000023841858,0.029999999329447746,0.03500000014901161,0.9350000023841858,0.029999999329447746,0.0,0.0,0.0,0.0,0.0,0.0
329,-38.00900000000001,0.0,0.03500000014901161,0.9350000023841858,0.029999999329447746,0.03500000014901161,0.9350000023841858,0.029999999329447746,0.03500000014901161,0.9350000023841858,0.029999999329447746,0.0,0.0,0.0,0.0,0.0,0.0
330,-48.55000000000001,0.0,0.03500000014901161,0.9350000023841858,0.029999999329447746,0.03500000014901161,0.9350000023841858,0.029999999329447746,0.9399999976158142,0.029999999329447746,0.029999999329447746,0.0,0.0,0.0,0.0,0.0,0.0
331,-52.556333333333335,0.0,0.03500000014901161,0.9350000023841858,0.029999999329447746,0.03500000014901161,0.9350000023841858,0.029999999329447746,0.03500000014901161,0.9350000023841858,0.029999999329447746,0.0,0.0,0.0,0.0,0.0,0.0
332,-48.22499999999998,0.0,0.03500000014901161,0.9350000023841858,0.029999999329447746,0.03500000014901161,0.9350000023841858,0.029999999329447746,0.03500000014901161,0.9350000023841858,0.029999999329447746,0.0,0.0,0.0,0.0,0.0,0.0
333,-244.31266666666667,0.0,0.07500000298023224,0.8899999856948853,0.03500000014901161,0.8899999856948853,0.029999999329447746,0.07999999821186066,0.8949999809265137,0.03500000014901161,0.07000000029802322,0.0,0.0,0.0,0.0,0.0,0.0
334,-182.27366666666668,0.0,0.054999999701976776,0.9150000214576721,0.029999999329447746,0.06499999761581421,0.8799999952316284,0.054999999701976776,0.8999999761581421,0.029999999329447746,0.07000000029802322,0.0,0.0,0.0,0.0,0.0,0.0
335,-140.62700000000004,0.0,0.07999999821186066,0.8899999856948853,0.029999999329447746,0.04500000178813934,0.8849999904632568,0.07000000029802322,0.8899999856948853,0.029999999329447746,0.07999999821186066,0.0,0.0,0.0,0.0,0.0,0.0
336,-250.31833333333324,0.0,0.03500000014901161,0.9350000023841858,0.029999999329447746,0.03500000014901161,0.9350000023841858,0.029999999329447746,0.9399999976158142,0.029999999329447746,0.029999999329447746,0.0,0.0,0.0,0.0,0.0,0.0
337,-102.61566666666666,0.0,0.05999999865889549,0.9100000262260437,0.029999999329447746,0.03999999910593033,0.9049999713897705,0.054999999701976776,0.9100000262260437,0.03999999910593033,0.05000000074505806,0.0,0.0,0.0,0.0,0.0,0.0
338,-132.0676666666667,0.0,0.03500000014901161,0.9350000023841858,0.029999999329447746,0.03500000014901161,0.9200000166893005,0.04500000178813934,0.03999999910593033,0.925000011920929,0.03500000014901161,0.0,0.0,0.0,0.0,0.0,0.0
339,-49.14166666666666,0.0,0.03500000014901161,0.9350000023841858,0.029999999329447746,0.03500000014901161,0.925000011920929,0.03999999910593033,0.03999999910593033,0.9300000071525574,0.029999999329447746,0.0,0.0,0.0,0.0,0.0,0.0
340,-289.12666666666667,0.0,0.05999999865889549,0.8999999761581421,0.03999999910593033,0.054999999701976776,0.8999999761581421,0.04500000178813934,0.9049999713897705,0.03999999910593033,0.054999999701976776,0.0,0.0,0.0,0.0,0.0,0.0
341,-230.16833333333332,0.0,0.07500000298023224,0.8899999856948853,0.03500000014901161,0.04500000178813934,0.8799999952316284,0.07500000298023224,0.8849999904632568,0.03500000014901161,0.07999999821186066,0.0,0.0,0.0,0.0,0.0,0.0
342,-54.305666666666674,0.0,0.03500000014901161,0.029999999329447746,0.9350000023841858,0.03999999910593033,0.029999999329447746,0.9300000071525574,0.03500000014901161,0.029999999329447746,0.9350000023841858,0.0,0.0,0.0,0.0,0.0,0.0
343,-47.78866666666667,0.0,0.03500000014901161,0.9350000023841858,0.029999999329447746,0.03500000014901161,0.9300000071525574,0.03500000014901161,0.03500000014901161,0.9350000023841858,0.029999999329447746,0.0,0.0,0.0,0.0,0.0,0.0
344,-201.31133333333338,0.0,0.05999999865889549,0.8899999856948853,0.05000000074505806,0.04500000178813934,0.8849999904632568,0.07000000029802322,0.8899999856948853,0.03500000014901161,0.07500000298023224,0.0,0.0,0.0,0.0,0.0,0.0
345,-521.1736666666666,0.0,0.03500000014901161,0.9350000023841858,0.029999999329447746,0.03500000014901161,0.9350000023841858,0.029999999329447746,0.03500000014901161,0.9350000023841858,0.029999999329447746,0.0,0.0,0.0,0.0,0.0,0.0
346,-36.65299999999999,0.0,0.03500000014901161,0.9350000023841858,0.029999999329447746,0.03500000014901161,0.9350000023841858,0.029999999329447746,0.03500000014901161,0.9350000023841858,0.029999999329447746,0.0,0.0,0.0,0.0,0.0,0.0
347,-123.97899999999998,0.0,0.03999999910593033,0.9300000071525574,0.029999999329447746,0.03999999910593033,0.9200000166893005,0.03999999910593033,0.9300000071525574,0.029999999329447746,0.03999999910593033,0.0,0.0,0.0,0.0,0.0,0.0
348,-81.91300000000003,0.0,0.03500000014901161,0.9350000023841858,0.029999999329447746,0.04500000178813934,0.9100000262260437,0.04500000178813934,0.03500000014901161,0.9300000071525574,0.03500000014901161,0.0,0.0,0.0,0.0,0.0,0.0
349,-42.02733333333332,0.0,0.03500000014901161,0.9350000023841858,0.029999999329447746,0.03500000014901161,0.9350000023841858,0.029999999329447746,0.03500000014901161,0.9350000023841858,0.029999999329447746,0.0,0.0,0.0,0.0,0.0,0.0
350,-700.1803333333332,0.0,0.07999999821186066,0.8799999952316284,0.03999999910593033,0.03999999910593033,0.8799999952316284,0.07999999821186066,0.8849999904632568,0.03500000014901161,0.07999999821186066,0.0,0.0,0.0,0.0,0.0,0.0
351,-240.25966666666665,0.0,0.07500000298023224,0.8799999952316284,0.04500000178813934,0.04500000178813934,0.875,0.07999999821186066,0.8849999904632568,0.03500000014901161,0.07999999821186066,0.0,0.0,0.0,0.0,0.0,0.0
352,-90.45633333333339,0.0,0.03500000014901161,0.9350000023841858,0.029999999329447746,0.03500000014901161,0.9300000071525574,0.03500000014901161,0.03500000014901161,0.9350000023841858,0.029999999329447746,0.0,0.0,0.0,0.0,0.0,0.0
353,-51.56399999999999,0.0,0.03500000014901161,0.9350000023841858,0.029999999329447746,0.03500000014901161,0.9350000023841858,0.029999999329447746,0.03500000014901161,0.9350000023841858,0.029999999329447746,0.0,0.0,0.0,0.0,0.0,0.0
354,-224.09500000000003,0.0,0.03500000014901161,0.9350000023841858,0.029999999329447746,0.03500000014901161,0.9350000023841858,0.029999999329447746,0.9399999976158142,0.029999999329447746,0.029999999329447746,0.0,0.0,0.0,0.0,0.0,0.0
355,-391.1623333333335,0.0,0.03500000014901161,0.9350000023841858,0.029999999329447746,0.03500000014901161,0.9350000023841858,0.029999999329447746,0.03500000014901161,0.9350000023841858,0.029999999329447746,0.0,0.0,0.0,0.0,0.0,0.0
356,-96.16233333333332,0.0,0.03500000014901161,0.029999999329447746,0.9350000023841858,0.03500000014901161,0.9350000023841858,0.029999999329447746,0.03500000014901161,0.9350000023841858,0.029999999329447746,0.0,0.0,0.0,0.0,0.0,0.0
357,-346.77799999999996,0.0,0.03500000014901161,0.9350000023841858,0.029999999329447746,0.03999999910593033,0.9300000071525574,0.029999999329447746,0.03500000014901161,0.9350000023841858,0.029999999329447746,0.0,0.0,0.0,0.0,0.0,0.0
358,-141.2663333333334,0.0,0.03500000014901161,0.9350000023841858,0.029999999329447746,0.04500000178813934,0.925000011920929,0.029999999329447746,0.03500000014901161,0.9350000023841858,0.029999999329447746,0.0,0.0,0.0,0.0,0.0,0.0
359,-263.1543333333334,0.0,0.03500000014901161,0.9350000023841858,0.029999999329447746,0.03500000014901161,0.9350000023841858,0.029999999329447746,0.03500000014901161,0.9350000023841858,0.029999999329447746,0.0,0.0,0.0,0.0,0.0,0.0
360,-325.9539999999999,0.0,0.07500000298023224,0.8799999952316284,0.04500000178813934,0.04500000178813934,0.8799999952316284,0.07500000298023224,0.8849999904632568,0.03999999910593033,0.07500000298023224,0.0,0.0,0.0,0.0,0.0,0.0
361,-36.141,0.0,0.03500000014901161,0.9350000023841858,0.029999999329447746,0.03500000014901161,0.9350000023841858,0.029999999329447746,0.03500000014901161,0.9350000023841858,0.029999999329447746,0.0,0.0,0.0,0.0,0.0,0.0
362,-133.79666666666668,0.0,0.03500000014901161,0.9350000023841858,0.029999999329447746,0.03500000014901161,0.9350000023841858,0.029999999329447746,0.03500000014901161,0.9350000023841858,0.029999999329447746,0.0,0.0,0.0,0.0,0.0,0.0
363,-532.0456666666666,0.0,0.06499999761581421,0.8799999952316284,0.054999999701976776,0.054999999701976776,0.875,0.07000000029802322,0.8849999904632568,0.03999999910593033,0.07500000298023224,0.0,0.0,0.0,0.0,0.0,0.0
364,-93.05333333333334,0.0,0.03500000014901161,0.029999999329447746,0.9350000023841858,0.03500000014901161,0.9350000023841858,0.029999999329447746,0.9399999976158142,0.029999999329447746,0.029999999329447746,0.0,0.0,0.0,0.0,0.0,0.0
365,-75.10066666666664,0.0,0.06499999761581421,0.8899999856948853,0.04500000178813934,0.8899999856948853,0.029999999329447746,0.07999999821186066,0.8999999761581421,0.03500000014901161,0.06499999761581421,0.0,0.0,0.0,0.0,0.0,0.0
366,-350.31800000000004,0.0,0.03500000014901161,0.029999999329447746,0.9350000023841858,0.03500000014901161,0.029999999329447746,0.9350000023841858,0.03500000014901161,0.9350000023841858,0.029999999329447746,0.0,0.0,0.0,0.0,0.0,0.0
367,-224.31100000000004,0.0,0.05000000074505806,0.8849999904632568,0.06499999761581421,0.054999999701976776,0.8799999952316284,0.06499999761581421,0.8849999904632568,0.03500000014901161,0.07999999821186066,0.0,0.0,0.0,0.0,0.0,0.0
368,-64.33899999999997,0.0,0.03500000014901161,0.9350000023841858,0.029999999329447746,0.03500000014901161,0.9350000023841858,0.029999999329447746,0.9399999976158142,0.029999999329447746,0.029999999329447746,0.0,0.0,0.0,0.0,0.0,0.0
369,-106.22866666666668,0.0,0.9399999976158142,0.029999999329447746,0.029999999329447746,0.9399999976158142,0.029999999329447746,0.029999999329447746,0.9399999976158142,0.029999999329447746,0.029999999329447746,0.0,0.0,0.0,0.0,0.0,0.0
370,-34.86466666666664,0.0,0.03500000014901161,0.9350000023841858,0.029999999329447746,0.03500000014901161,0.029999999329447746,0.9350000023841858,0.03500000014901161,0.9350000023841858,0.029999999329447746,0.0,0.0,0.0,0.0,0.0,0.0
371,-116.27933333333328,0.0,0.07000000029802322,0.8899999856948853,0.03999999910593033,0.8999999761581421,0.029999999329447746,0.07000000029802322,0.9200000166893005,0.029999999329447746,0.05000000074505806,0.0,0.0,0.0,0.0,0.0,0.0
372,-129.21566666666666,0.0,0.07999999821186066,0.8799999952316284,0.03999999910593033,0.05000000074505806,0.8799999952316284,0.07000000029802322,0.8849999904632568,0.029999999329447746,0.08500000089406967,0.0,0.0,0.0,0.0,0.0,0.0
373,-247.06066666666663,0.0,0.03500000014901161,0.9350000023841858,0.029999999329447746,0.03500000014901161,0.9350000023841858,0.029999999329447746,0.03500000014901161,0.9350000023841858,0.029999999329447746,0.0,0.0,0.0,0.0,0.0,0.0
374,-40.24299999999996,0.0,0.03500000014901161,0.9350000023841858,0.029999999329447746,0.03500000014901161,0.9350000023841858,0.029999999329447746,0.03500000014901161,0.9350000023841858,0.029999999329447746,0.0,0.0,0.0,0.0,0.0,0.0
375,-36.79099999999998,0.0,0.03500000014901161,0.9350000023841858,0.029999999329447746,0.03500000014901161,0.9350000023841858,0.029999999329447746,0.03500000014901161,0.9350000023841858,0.029999999329447746,0.0,0.0,0.0,0.0,0.0,0.0
376,-21.676,0.0,0.03500000014901161,0.9350000023841858,0.029999999329447746,0.03500000014901161,0.9350000023841858,0.029999999329447746,0.03500000014901161,0.9350000023841858,0.029999999329447746,0.0,0.0,0.0,0.0,0.0,0.0
377,-143.4333333333333,0.0,0.03500000014901161,0.9350000023841858,0.029999999329447746,0.03999999910593033,0.9200000166893005,0.03999999910593033,0.03999999910593033,0.9300000071525574,0.029999999329447746,0.0,0.0,0.0,0.0,0.0,0.0
378,-46.16633333333336,0.0,0.03500000014901161,0.029999999329447746,0.9350000023841858,0.03500000014901161,0.9350000023841858,0.029999999329447746,0.03500000014901161,0.9350000023841858,0.029999999329447746,0.0,0.0,0.0,0.0,0.0,0.0
379,-257.44633333333326,0.0,0.03500000014901161,0.9350000023841858,0.029999999329447746,0.03999999910593033,0.9300000071525574,0.029999999329447746,0.03500000014901161,0.9350000023841858,0.029999999329447746,0.0,0.0,0.0,0.0,0.0,0.0
380,-35.461999999999996,0.0,0.03500000014901161,0.029999999329447746,0.9350000023841858,0.03500000014901161,0.029999999329447746,0.9350000023841858,0.03500000014901161,0.029999999329447746,0.9350000023841858,0.0,0.0,0.0,0.0,0.0,0.0
381,-142.50400000000002,0.0,0.054999999701976776,0.8949999809265137,0.05000000074505806,0.04500000178813934,0.8849999904632568,0.07000000029802322,0.8949999809265137,0.03500000014901161,0.07000000029802322,0.0,0.0,0.0,0.0,0.0,0.0
382,-278.22033333333343,0.0,0.03500000014901161,0.029999999329447746,0.9350000023841858,0.03999999910593033,0.029999999329447746,0.9300000071525574,0.03500000014901161,0.029999999329447746,0.9350000023841858,0.0,0.0,0.0,0.0,0.0,0.0
383,-277.7316666666666,0.0,0.06499999761581421,0.8999999761581421,0.03500000014901161,0.04500000178813934,0.8849999904632568,0.07000000029802322,0.8849999904632568,0.03999999910593033,0.07500000298023224,0.0,0.0,0.0,0.0,0.0,0.0
384,-41.474000000000025,0.0,0.03500000014901161,0.03500000014901161,0.9300000071525574,0.03999999910593033,0.925000011920929,0.03500000014901161,0.9300000071525574,0.029999999329447746,0.03999999910593033,0.0,0.0,0.0,0.0,0.0,0.0
385,-172.8540000000001,0.0,0.03500000014901161,0.9350000023841858,0.029999999329447746,0.03500000014901161,0.9350000023841858,0.029999999329447746,0.03500000014901161,0.9350000023841858,0.029999999329447746,0.0,0.0,0.0,0.0,0.0,0.0
386,-103.98400000000004,0.0,0.04500000178813934,0.9100000262260437,0.04500000178813934,0.054999999701976776,0.9049999713897705,0.03999999910593033,0.9100000262260437,0.03999999910593033,0.05000000074505806,0.0,0.0,0.0,0.0,0.0,0.0
387,-58.475999999999985,0.0,0.03500000014901161,0.9350000023841858,0.029999999329447746,0.04500000178813934,0.925000011920929,0.029999999329447746,0.9300000071525574,0.03500000014901161,0.03500000014901161,0.0,0.0,0.0,0.0,0.0,0.0
388,-64.91066666666667,0.0,0.03500000014901161,0.9350000023841858,0.029999999329447746,0.03500000014901161,0.9350000023841858,0.029999999329447746,0.9399999976158142,0.029999999329447746,0.029999999329447746,0.0,0.0,0.0,0.0,0.0,0.0
389,-47.74499999999999,0.0,0.03500000014901161,0.9350000023841858,0.029999999329447746,0.03500000014901161,0.9300000071525574,0.03500000014901161,0.03500000014901161,0.9300000071525574,0.03500000014901161,0.0,0.0,0.0,0.0,0.0,0.0
390,-414.1493333333334,0.0,0.03500000014901161,0.8999999761581421,0.06499999761581421,0.03999999910593033,0.8949999809265137,0.06499999761581421,0.9049999713897705,0.029999999329447746,0.06499999761581421,0.0,0.0,0.0,0.0,0.0,0.0
391,-40.17066666666667,0.0,0.03500000014901161,0.9350000023841858,0.029999999329447746,0.03500000014901161,0.9350000023841858,0.029999999329447746,0.03500000014901161,0.9350000023841858,0.029999999329447746,0.0,0.0,0.0,0.0,0.0,0.0
392,-43.19433333333333,0.0,0.03500000014901161,0.9350000023841858,0.029999999329447746,0.03500000014901161,0.9350000023841858,0.029999999329447746,0.03500000014901161,0.9350000023841858,0.029999999329447746,0.0,0.0,0.0,0.0,0.0,0.0
393,-274.4510000000002,0.0,0.03999999910593033,0.9100000262260437,0.05000000074505806,0.04500000178813934,0.8949999809265137,0.05999999865889549,0.8899999856948853,0.05999999865889549,0.05000000074505806,0.0,0.0,0.0,0.0,0.0,0.0
394,-286.4129999999999,0.0,0.03500000014901161,0.9350000023841858,0.029999999329447746,0.03500000014901161,0.9350000023841858,0.029999999329447746,0.03500000014901161,0.9350000023841858,0.029999999329447746,0.0,0.0,0.0,0.0,0.0,0.0
395,-227.8553333333333,0.0,0.03500000014901161,0.9350000023841858,0.029999999329447746,0.03500000014901161,0.9350000023841858,0.029999999329447746,0.03500000014901161,0.9350000023841858,0.029999999329447746,0.0,0.0,0.0,0.0,0.0,0.0
396,-237.27533333333338,0.0,0.03500000014901161,0.9350000023841858,0.029999999329447746,0.9399999976158142,0.029999999329447746,0.029999999329447746,0.9399999976158142,0.029999999329447746,0.029999999329447746,0.0,0.0,0.0,0.0,0.0,0.0
397,-87.21233333333332,0.0,0.03500000014901161,0.9350000023841858,0.029999999329447746,0.03999999910593033,0.9200000166893005,0.03999999910593033,0.03500000014901161,0.925000011920929,0.03999999910593033,0.0,0.0,0.0,0.0,0.0,0.0
398,-59.71499999999996,0.0,0.05000000074505806,0.9150000214576721,0.03500000014901161,0.054999999701976776,0.8999999761581421,0.04500000178813934,0.9049999713897705,0.03500000014901161,0.05999999865889549,0.0,0.0,0.0,0.0,0.0,0.0
399,-60.940666666666665,0.0,0.03500000014901161,0.9350000023841858,0.029999999329447746,0.03500000014901161,0.9350000023841858,0.029999999329447746,0.03500000014901161,0.9350000023841858,0.029999999329447746,0.0,0.0,0.0,0.0,0.0,0.0
400,-47.696,0.0,0.03500000014901161,0.9350000023841858,0.029999999329447746,0.03999999910593033,0.9200000166893005,0.03999999910593033,0.03500000014901161,0.9350000023841858,0.029999999329447746,0.0,0.0,0.0,0.0,0.0,0.0
401,-245.58766666666673,0.0,0.03500000014901161,0.9350000023841858,0.029999999329447746,0.03500000014901161,0.9350000023841858,0.029999999329447746,0.03500000014901161,0.9350000023841858,0.029999999329447746,0.0,0.0,0.0,0.0,0.0,0.0
402,-202.8079999999999,0.0,0.03500000014901161,0.9350000023841858,0.029999999329447746,0.9399999976158142,0.029999999329447746,0.029999999329447746,0.9399999976158142,0.029999999329447746,0.029999999329447746,0.0,0.0,0.0,0.0,0.0,0.0
403,-136.2063333333334,0.0,0.03500000014901161,0.9350000023841858,0.029999999329447746,0.03500000014901161,0.9350000023841858,0.029999999329447746,0.03500000014901161,0.9350000023841858,0.029999999329447746,0.0,0.0,0.0,0.0,0.0,0.0
404,-26.206666666666678,0.0,0.03500000014901161,0.9350000023841858,0.029999999329447746,0.03500000014901161,0.9350000023841858,0.029999999329447746,0.03500000014901161,0.9350000023841858,0.029999999329447746,0.0,0.0,0.0,0.0,0.0,0.0
405,-85.13233333333334,0.0,0.03500000014901161,0.9350000023841858,0.029999999329447746,0.04500000178813934,0.9150000214576721,0.03999999910593033,0.9100000262260437,0.03500000014901161,0.054999999701976776,0.0,0.0,0.0,0.0,0.0,0.0
406,-44.44699999999998,0.0,0.03500000014901161,0.9350000023841858,0.029999999329447746,0.04500000178813934,0.9150000214576721,0.03999999910593033,0.03999999910593033,0.9300000071525574,0.029999999329447746,0.0,0.0,0.0,0.0,0.0,0.0
407,-84.207,0.0,0.03999999910593033,0.9049999713897705,0.054999999701976776,0.9049999713897705,0.029999999329447746,0.06499999761581421,0.9100000262260437,0.04500000178813934,0.04500000178813934,0.0,0.0,0.0,0.0,0.0,0.0
408,-317.8486666666668,0.0,0.03500000014901161,0.9300000071525574,0.03500000014901161,0.03500000014901161,0.925000011920929,0.03999999910593033,0.9300000071525574,0.029999999329447746,0.03999999910593033,0.0,0.0,0.0,0.0,0.0,0.0
409,-54.13766666666665,0.0,0.03500000014901161,0.9350000023841858,0.029999999329447746,0.03500000014901161,0.9350000023841858,0.029999999329447746,0.9399999976158142,0.029999999329447746,0.029999999329447746,0.0,0.0,0.0,0.0,0.0,0.0
410,-435.6466666666664,0.0,0.03999999910593033,0.9200000166893005,0.03999999910593033,0.04500000178813934,0.9150000214576721,0.03999999910593033,0.9200000166893005,0.03999999910593033,0.03999999910593033,0.0,0.0,0.0,0.0,0.0,0.0
411,-555.6809999999998,0.0,0.05999999865889549,0.8899999856948853,0.05000000074505806,0.05999999865889549,0.875,0.06499999761581421,0.8849999904632568,0.05000000074505806,0.06499999761581421,0.0,0.0,0.0,0.0,0.0,0.0
412,-230.9276666666667,0.0,0.03500000014901161,0.9100000262260437,0.054999999701976776,0.04500000178813934,0.8999999761581421,0.054999999701976776,0.8999999761581421,0.05999999865889549,0.03999999910593033,0.0,0.0,0.0,0.0,0.0,0.0
413,-100.93366666666668,0.0,0.03500000014901161,0.9350000023841858,0.029999999329447746,0.03500000014901161,0.9300000071525574,0.03500000014901161,0.03500000014901161,0.9350000023841858,0.029999999329447746,0.0,0.0,0.0,0.0,0.0,0.0
414,-75.77666666666669,0.0,0.03500000014901161,0.9350000023841858,0.029999999329447746,0.03500000014901161,0.9350000023841858,0.029999999329447746,0.03500000014901161,0.9350000023841858,0.029999999329447746,0.0,0.0,0.0,0.0,0.0,0.0
415,-89.54099999999998,0.0,0.03500000014901161,0.9350000023841858,0.029999999329447746,0.03500000014901161,0.9350000023841858,0.029999999329447746,0.03500000014901161,0.9350000023841858,0.029999999329447746,0.0,0.0,0.0,0.0,0.0,0.0
416,-58.01699999999997,0.0,0.03500000014901161,0.9350000023841858,0.029999999329447746,0.03500000014901161,0.9350000023841858,0.029999999329447746,0.9399999976158142,0.029999999329447746,0.029999999329447746,0.0,0.0,0.0,0.0,0.0,0.0
417,-262.48800000000006,0.0,0.03500000014901161,0.029999999329447746,0.9350000023841858,0.03500000014901161,0.029999999329447746,0.9350000023841858,0.9399999976158142,0.029999999329447746,0.029999999329447746,0.0,0.0,0.0,0.0,0.0,0.0
418,-34.63033333333333,0.0,0.03500000014901161,0.9350000023841858,0.029999999329447746,0.03500000014901161,0.9350000023841858,0.029999999329447746,0.03500000014901161,0.9350000023841858,0.029999999329447746,0.0,0.0,0.0,0.0,0.0,0.0
419,-531.8653333333333,0.0,0.03500000014901161,0.9350000023841858,0.029999999329447746,0.03500000014901161,0.9350000023841858,0.029999999329447746,0.03500000014901161,0.9350000023841858,0.029999999329447746,0.0,0.0,0.0,0.0,0.0,0.0
420,-56.194,0.0,0.03500000014901161,0.9350000023841858,0.029999999329447746,0.03999999910593033,0.9200000166893005,0.03999999910593033,0.03500000014901161,0.9350000023841858,0.029999999329447746,0.0,0.0,0.0,0.0,0.0,0.0
421,-25.61300000000001,0.0,0.03500000014901161,0.9350000023841858,0.029999999329447746,0.03999999910593033,0.029999999329447746,0.9300000071525574,0.03500000014901161,0.9350000023841858,0.029999999329447746,0.0,0.0,0.0,0.0,0.0,0.0
422,-54.96499999999999,0.0,0.03500000014901161,0.9350000023841858,0.029999999329447746,0.03500000014901161,0.9300000071525574,0.03500000014901161,0.03500000014901161,0.9350000023841858,0.029999999329447746,0.0,0.0,0.0,0.0,0.0,0.0
423,-33.40099999999999,0.0,0.03500000014901161,0.9350000023841858,0.029999999329447746,0.03500000014901161,0.9350000023841858,0.029999999329447746,0.03500000014901161,0.9350000023841858,0.029999999329447746,0.0,0.0,0.0,0.0,0.0,0.0
424,-55.52233333333333,0.0,0.05000000074505806,0.9200000166893005,0.029999999329447746,0.9200000166893005,0.029999999329447746,0.05000000074505806,0.925000011920929,0.03500000014901161,0.03999999910593033,0.0,0.0,0.0,0.0,0.0,0.0
425,-174.65500000000003,0.0,0.03500000014901161,0.9350000023841858,0.029999999329447746,0.03500000014901161,0.9350000023841858,0.029999999329447746,0.03500000014901161,0.9350000023841858,0.029999999329447746,0.0,0.0,0.0,0.0,0.0,0.0
426,-209.92000000000007,0.0,0.03500000014901161,0.9350000023841858,0.029999999329447746,0.03500000014901161,0.9350000023841858,0.029999999329447746,0.03500000014901161,0.9350000023841858,0.029999999329447746,0.0,0.0,0.0,0.0,0.0,0.0
427,-256.55066666666676,0.0,0.9399999976158142,0.029999999329447746,0.029999999329447746,0.9399999976158142,0.029999999329447746,0.029999999329447746,0.9399999976158142,0.029999999329447746,0.029999999329447746,0.0,0.0,0.0,0.0,0.0,0.0
428,-315.98699999999997,0.0,0.03500000014901161,0.9350000023841858,0.029999999329447746,0.03500000014901161,0.9350000023841858,0.029999999329447746,0.03500000014901161,0.9350000023841858,0.029999999329447746,0.0,0.0,0.0,0.0,0.0,0.0
429,-101.79966666666667,0.0,0.03500000014901161,0.9350000023841858,0.029999999329447746,0.03500000014901161,0.9350000023841858,0.029999999329447746,0.03500000014901161,0.9350000023841858,0.029999999329447746,0.0,0.0,0.0,0.0,0.0,0.0
430,-81.32500000000002,0.0,0.9399999976158142,0.029999999329447746,0.029999999329447746,0.9399999976158142,0.029999999329447746,0.029999999329447746,0.9399999976158142,0.029999999329447746,0.029999999329447746,0.0,0.0,0.0,0.0,0.0,0.0
431,-148.72233333333332,0.0,0.06499999761581421,0.8899999856948853,0.04500000178813934,0.05000000074505806,0.8799999952316284,0.07000000029802322,0.8849999904632568,0.04500000178813934,0.07000000029802322,0.0,0.0,0.0,0.0,0.0,0.0
432,-281.1380000000002,0.0,0.03500000014901161,0.9350000023841858,0.029999999329447746,0.03500000014901161,0.9350000023841858,0.029999999329447746,0.03500000014901161,0.9350000023841858,0.029999999329447746,0.0,0.0,0.0,0.0,0.0,0.0
433,-259.3896666666667,0.0,0.054999999701976776,0.8799999952316284,0.06499999761581421,0.04500000178813934,0.8799999952316284,0.07500000298023224,0.8849999904632568,0.03999999910593033,0.07500000298023224,0.0,0.0,0.0,0.0,0.0,0.0
434,-38.065000000000026,0.0,0.03500000014901161,0.9350000023841858,0.029999999329447746,0.03500000014901161,0.9300000071525574,0.03500000014901161,0.03500000014901161,0.9350000023841858,0.029999999329447746,0.0,0.0,0.0,0.0,0.0,0.0
435,-244.55100000000022,0.0,0.03999999910593033,0.8799999952316284,0.07999999821186066,0.054999999701976776,0.8799999952316284,0.06499999761581421,0.8849999904632568,0.029999999329447746,0.08500000089406967,0.0,0.0,0.0,0.0,0.0,0.0
436,-53.07766666666667,0.0,0.03500000014901161,0.9350000023841858,0.029999999329447746,0.03999999910593033,0.9200000166893005,0.03999999910593033,0.03500000014901161,0.9300000071525574,0.03500000014901161,0.0,0.0,0.0,0.0,0.0,0.0
437,-398.95866666666666,0.0,0.07000000029802322,0.8849999904632568,0.04500000178813934,0.054999999701976776,0.875,0.07000000029802322,0.8849999904632568,0.03500000014901161,0.07999999821186066,0.0,0.0,0.0,0.0,0.0,0.0
438,-106.73466666666664,0.0,0.03500000014901161,0.9350000023841858,0.029999999329447746,0.9399999976158142,0.029999999329447746,0.029999999329447746,0.9399999976158142,0.029999999329447746,0.029999999329447746,0.0,0.0,0.0,0.0,0.0,0.0
439,-177.60733333333334,0.0,0.9399999976158142,0.029999999329447746,0.029999999329447746,0.9399999976158142,0.029999999329447746,0.029999999329447746,0.9399999976158142,0.029999999329447746,0.029999999329447746,0.0,0.0,0.0,0.0,0.0,0.0
440,-45.40333333333333,0.0,0.03500000014901161,0.9350000023841858,0.029999999329447746,0.03500000014901161,0.9350000023841858,0.029999999329447746,0.9350000023841858,0.029999999329447746,0.03500000014901161,0.0,0.0,0.0,0.0,0.0,0.0
441,-183.90333333333336,0.0,0.03500000014901161,0.9350000023841858,0.029999999329447746,0.03500000014901161,0.9300000071525574,0.03500000014901161,0.03500000014901161,0.9300000071525574,0.03500000014901161,0.0,0.0,0.0,0.0,0.0,0.0
442,-28.10166666666666,0.0,0.03500000014901161,0.9350000023841858,0.029999999329447746,0.03500000014901161,0.9350000023841858,0.029999999329447746,0.03500000014901161,0.9350000023841858,0.029999999329447746,0.0,0.0,0.0,0.0,0.0,0.0
443,-82.03633333333333,0.0,0.03500000014901161,0.9350000023841858,0.029999999329447746,0.03500000014901161,0.029999999329447746,0.9350000023841858,0.9399999976158142,0.029999999329447746,0.029999999329447746,0.0,0.0,0.0,0.0,0.0,0.0
444,-249.33900000000008,0.0,0.03500000014901161,0.9350000023841858,0.029999999329447746,0.03500000014901161,0.9350000023841858,0.029999999329447746,0.03500000014901161,0.9350000023841858,0.029999999329447746,0.0,0.0,0.0,0.0,0.0,0.0
445,-54.96966666666666,0.0,0.03500000014901161,0.9350000023841858,0.029999999329447746,0.03999999910593033,0.9150000214576721,0.04500000178813934,0.03500000014901161,0.9350000023841858,0.029999999329447746,0.0,0.0,0.0,0.0,0.0,0.0
446,-35.098,0.0,0.03500000014901161,0.029999999329447746,0.9350000023841858,0.03500000014901161,0.029999999329447746,0.9350000023841858,0.03500000014901161,0.9350000023841858,0.029999999329447746,0.0,0.0,0.0,0.0,0.0,0.0
447,-279.5413333333334,0.0,0.03500000014901161,0.9350000023841858,0.029999999329447746,0.03500000014901161,0.9350000023841858,0.029999999329447746,0.03500000014901161,0.9350000023841858,0.029999999329447746,0.0,0.0,0.0,0.0,0.0,0.0
448,-125.83766666666666,0.0,0.03500000014901161,0.029999999329447746,0.9350000023841858,0.03500000014901161,0.029999999329447746,0.9350000023841858,0.03500000014901161,0.029999999329447746,0.9350000023841858,0.0,0.0,0.0,0.0,0.0,0.0
449,-28.057666666666673,0.0,0.03500000014901161,0.9350000023841858,0.029999999329447746,0.03500000014901161,0.9350000023841858,0.029999999329447746,0.9399999976158142,0.029999999329447746,0.029999999329447746,0.0,0.0,0.0,0.0,0.0,0.0
450,-96.03433333333336,0.0,0.04500000178813934,0.9100000262260437,0.04500000178813934,0.03500000014901161,0.9100000262260437,0.054999999701976776,0.9150000214576721,0.029999999329447746,0.054999999701976776,0.0,0.0,0.0,0.0,0.0,0.0
451,-69.31166666666667,0.0,0.03500000014901161,0.9350000023841858,0.029999999329447746,0.03500000014901161,0.9300000071525574,0.03500000014901161,0.03500000014901161,0.9350000023841858,0.029999999329447746,0.0,0.0,0.0,0.0,0.0,0.0
452,-230.53866666666664,0.0,0.03500000014901161,0.9350000023841858,0.029999999329447746,0.03500000014901161,0.9200000166893005,0.04500000178813934,0.03500000014901161,0.9350000023841858,0.029999999329447746,0.0,0.0,0.0,0.0,0.0,0.0
453,-85.94033333333337,0.0,0.03500000014901161,0.9350000023841858,0.029999999329447746,0.03500000014901161,0.9350000023841858,0.029999999329447746,0.9399999976158142,0.029999999329447746,0.029999999329447746,0.0,0.0,0.0,0.0,0.0,0.0
454,-64.77633333333334,0.0,0.03500000014901161,0.9350000023841858,0.029999999329447746,0.03500000014901161,0.9350000023841858,0.029999999329447746,0.03500000014901161,0.9350000023841858,0.029999999329447746,0.0,0.0,0.0,0.0,0.0,0.0
455,-232.40600000000012,0.0,0.03500000014901161,0.9350000023841858,0.029999999329447746,0.03500000014901161,0.9350000023841858,0.029999999329447746,0.03500000014901161,0.9350000023841858,0.029999999329447746,0.0,0.0,0.0,0.0,0.0,0.0
456,-41.573666666666675,0.0,0.03500000014901161,0.9350000023841858,0.029999999329447746,0.03500000014901161,0.9350000023841858,0.029999999329447746,0.03500000014901161,0.9350000023841858,0.029999999329447746,0.0,0.0,0.0,0.0,0.0,0.0
457,-375.5806666666667,0.0,0.03500000014901161,0.9350000023841858,0.029999999329447746,0.03500000014901161,0.9350000023841858,0.029999999329447746,0.03500000014901161,0.9350000023841858,0.029999999329447746,0.0,0.0,0.0,0.0,0.0,0.0
458,-460.33,0.0,0.06499999761581421,0.8849999904632568,0.05000000074505806,0.06499999761581421,0.8849999904632568,0.05000000074505806,0.8899999856948853,0.03500000014901161,0.07500000298023224,0.0,0.0,0.0,0.0,0.0,0.0
459,-239.06233333333327,0.0,0.03500000014901161,0.9350000023841858,0.029999999329447746,0.03999999910593033,0.9300000071525574,0.029999999329447746,0.03500000014901161,0.9350000023841858,0.029999999329447746,0.0,0.0,0.0,0.0,0.0,0.0
460,-291.472,0.0,0.07000000029802322,0.8849999904632568,0.04500000178813934,0.07500000298023224,0.875,0.05000000074505806,0.8799999952316284,0.04500000178813934,0.07500000298023224,0.0,0.0,0.0,0.0,0.0,0.0
461,-382.6586666666666,0.0,0.03500000014901161,0.9350000023841858,0.029999999329447746,0.03999999910593033,0.925000011920929,0.03500000014901161,0.03500000014901161,0.9300000071525574,0.03500000014901161,0.0,0.0,0.0,0.0,0.0,0.0
462,-366.9003333333332,0.0,0.03500000014901161,0.9350000023841858,0.029999999329447746,0.03500000014901161,0.925000011920929,0.03999999910593033,0.03500000014901161,0.9300000071525574,0.03500000014901161,0.0,0.0,0.0,0.0,0.0,0.0
463,-251.42166666666674,0.0,0.03500000014901161,0.9350000023841858,0.029999999329447746,0.03500000014901161,0.9350000023841858,0.029999999329447746,0.03500000014901161,0.9350000023841858,0.029999999329447746,0.0,0.0,0.0,0.0,0.0,0.0
464,-338.43999999999994,0.0,0.054999999701976776,0.8799999952316284,0.06499999761581421,0.07999999821186066,0.8799999952316284,0.03999999910593033,0.8849999904632568,0.054999999701976776,0.05999999865889549,0.0,0.0,0.0,0.0,0.0,0.0
465,-65.87333333333332,0.0,0.05000000074505806,0.9200000166893005,0.029999999329447746,0.9150000214576721,0.04500000178813934,0.03999999910593033,0.03500000014901161,0.9300000071525574,0.03500000014901161,0.0,0.0,0.0,0.0,0.0,0.0
466,-63.39866666666664,0.0,0.03500000014901161,0.9350000023841858,0.029999999329447746,0.03500000014901161,0.029999999329447746,0.9350000023841858,0.9399999976158142,0.029999999329447746,0.029999999329447746,0.0,0.0,0.0,0.0,0.0,0.0
467,-32.44666666666666,0.0,0.03500000014901161,0.029999999329447746,0.9350000023841858,0.03500000014901161,0.9350000023841858,0.029999999329447746,0.03500000014901161,0.9350000023841858,0.029999999329447746,0.0,0.0,0.0,0.0,0.0,0.0
468,-190.57533333333333,0.0,0.03500000014901161,0.029999999329447746,0.9350000023841858,0.03500000014901161,0.029999999329447746,0.9350000023841858,0.9399999976158142,0.029999999329447746,0.029999999329447746,0.0,0.0,0.0,0.0,0.0,0.0
469,-47.799,0.0,0.03500000014901161,0.9350000023841858,0.029999999329447746,0.03500000014901161,0.9350000023841858,0.029999999329447746,0.03500000014901161,0.9350000023841858,0.029999999329447746,0.0,0.0,0.0,0.0,0.0,0.0
470,-306.7009999999999,0.0,0.07999999821186066,0.8799999952316284,0.03999999910593033,0.08500000089406967,0.875,0.03999999910593033,0.8799999952316284,0.054999999701976776,0.06499999761581421,0.0,0.0,0.0,0.0,0.0,0.0
471,-86.76133333333337,0.0,0.03500000014901161,0.9350000023841858,0.029999999329447746,0.03500000014901161,0.925000011920929,0.03999999910593033,0.03500000014901161,0.9300000071525574,0.03500000014901161,0.0,0.0,0.0,0.0,0.0,0.0
472,-76.09633333333332,0.0,0.05000000074505806,0.9049999713897705,0.04500000178813934,0.8949999809265137,0.07000000029802322,0.03500000014901161,0.9049999713897705,0.05000000074505806,0.04500000178813934,0.0,0.0,0.0,0.0,0.0,0.0
473,-144.32399999999998,0.0,0.05999999865889549,0.8999999761581421,0.03999999910593033,0.06499999761581421,0.8999999761581421,0.03500000014901161,0.8899999856948853,0.05000000074505806,0.05999999865889549,0.0,0.0,0.0,0.0,0.0,0.0
474,-116.79266666666666,0.0,0.05999999865889549,0.9049999713897705,0.03500000014901161,0.05000000074505806,0.9049999713897705,0.04500000178813934,0.9100000262260437,0.029999999329447746,0.05999999865889549,0.0,0.0,0.0,0.0,0.0,0.0
475,-51.43333333333334,0.0,0.03500000014901161,0.9350000023841858,0.029999999329447746,0.9399999976158142,0.029999999329447746,0.029999999329447746,0.9399999976158142,0.029999999329447746,0.029999999329447746,0.0,0.0,0.0,0.0,0.0,0.0
476,-90.84866666666665,0.0,0.03500000014901161,0.9350000023841858,0.029999999329447746,0.03500000014901161,0.9350000023841858,0.029999999329447746,0.03500000014901161,0.9350000023841858,0.029999999329447746,0.0,0.0,0.0,0.0,0.0,0.0
477,-86.41399999999997,0.0,0.03500000014901161,0.9350000023841858,0.029999999329447746,0.04500000178813934,0.9200000166893005,0.03500000014901161,0.03500000014901161,0.9300000071525574,0.03500000014901161,0.0,0.0,0.0,0.0,0.0,0.0
478,-109.43299999999995,0.0,0.9399999976158142,0.029999999329447746,0.029999999329447746,0.9399999976158142,0.029999999329447746,0.029999999329447746,0.9399999976158142,0.029999999329447746,0.029999999329447746,0.0,0.0,0.0,0.0,0.0,0.0
479,-50.02966666666664,0.0,0.03500000014901161,0.9350000023841858,0.029999999329447746,0.03999999910593033,0.9200000166893005,0.03999999910593033,0.03999999910593033,0.9300000071525574,0.029999999329447746,0.0,0.0,0.0,0.0,0.0,0.0
480,-106.94033333333331,0.0,0.03500000014901161,0.9350000023841858,0.029999999329447746,0.03500000014901161,0.9350000023841858,0.029999999329447746,0.03500000014901161,0.9350000023841858,0.029999999329447746,0.0,0.0,0.0,0.0,0.0,0.0
481,-492.35799999999995,0.0,0.03500000014901161,0.9350000023841858,0.029999999329447746,0.03999999910593033,0.925000011920929,0.03500000014901161,0.03500000014901161,0.9350000023841858,0.029999999329447746,0.0,0.0,0.0,0.0,0.0,0.0
482,-42.52899999999999,0.0,0.03500000014901161,0.9350000023841858,0.029999999329447746,0.04500000178813934,0.9150000214576721,0.03999999910593033,0.03500000014901161,0.9350000023841858,0.029999999329447746,0.0,0.0,0.0,0.0,0.0,0.0
483,-33.41533333333333,0.0,0.03500000014901161,0.9350000023841858,0.029999999329447746,0.03999999910593033,0.9300000071525574,0.029999999329447746,0.03500000014901161,0.9300000071525574,0.03500000014901161,0.0,0.0,0.0,0.0,0.0,0.0
484,-104.98566666666666,0.0,0.9399999976158142,0.029999999329447746,0.029999999329447746,0.9399999976158142,0.029999999329447746,0.029999999329447746,0.9399999976158142,0.029999999329447746,0.029999999329447746,0.0,0.0,0.0,0.0,0.0,0.0
485,-47.81466666666668,0.0,0.03500000014901161,0.9350000023841858,0.029999999329447746,0.03500000014901161,0.9300000071525574,0.03500000014901161,0.03500000014901161,0.9300000071525574,0.03500000014901161,0.0,0.0,0.0,0.0,0.0,0.0
486,-38.343333333333334,0.0,0.03500000014901161,0.9350000023841858,0.029999999329447746,0.03500000014901161,0.9350000023841858,0.029999999329447746,0.03500000014901161,0.9350000023841858,0.029999999329447746,0.0,0.0,0.0,0.0,0.0,0.0
487,-40.17466666666666,0.0,0.03500000014901161,0.029999999329447746,0.9350000023841858,0.03999999910593033,0.03500000014901161,0.925000011920929,0.03500000014901161,0.03500000014901161,0.9300000071525574,0.0,0.0,0.0,0.0,0.0,0.0
488,-50.09699999999999,0.0,0.03500000014901161,0.9350000023841858,0.029999999329447746,0.03500000014901161,0.925000011920929,0.03999999910593033,0.03999999910593033,0.9300000071525574,0.029999999329447746,0.0,0.0,0.0,0.0,0.0,0.0
489,-66.36233333333334,0.0,0.03500000014901161,0.9350000023841858,0.029999999329447746,0.03500000014901161,0.9350000023841858,0.029999999329447746,0.9399999976158142,0.029999999329447746,0.029999999329447746,0.0,0.0,0.0,0.0,0.0,0.0
490,-252.65666666666675,0.0,0.07999999821186066,0.8849999904632568,0.03500000014901161,0.07000000029802322,0.8799999952316284,0.05000000074505806,0.8849999904632568,0.03500000014901161,0.07999999821186066,0.0,0.0,0.0,0.0,0.0,0.0
491,-209.7366666666666,0.0,0.03500000014901161,0.9350000023841858,0.029999999329447746,0.03500000014901161,0.9350000023841858,0.029999999329447746,0.03500000014901161,0.9350000023841858,0.029999999329447746,0.0,0.0,0.0,0.0,0.0,0.0
492,-32.241333333333316,0.0,0.03500000014901161,0.029999999329447746,0.9350000023841858,0.03500000014901161,0.029999999329447746,0.9350000023841858,0.03500000014901161,0.9350000023841858,0.029999999329447746,0.0,0.0,0.0,0.0,0.0,0.0
493,-172.72966666666667,0.0,0.07500000298023224,0.8949999809265137,0.029999999329447746,0.06499999761581421,0.8849999904632568,0.05000000074505806,0.8899999856948853,0.054999999701976776,0.054999999701976776,0.0,0.0,0.0,0.0,0.0,0.0
494,-50.746333333333375,0.0,0.03500000014901161,0.9350000023841858,0.029999999329447746,0.03500000014901161,0.9350000023841858,0.029999999329447746,0.03500000014901161,0.9350000023841858,0.029999999329447746,0.0,0.0,0.0,0.0,0.0,0.0
495,-262.1806666666667,0.0,0.03500000014901161,0.9350000023841858,0.029999999329447746,0.03500000014901161,0.9350000023841858,0.029999999329447746,0.03500000014901161,0.9350000023841858,0.029999999329447746,0.0,0.0,0.0,0.0,0.0,0.0
496,-224.32933333333327,0.0,0.03500000014901161,0.9350000023841858,0.029999999329447746,0.03999999910593033,0.9300000071525574,0.029999999329447746,0.03500000014901161,0.9350000023841858,0.029999999329447746,0.0,0.0,0.0,0.0,0.0,0.0
497,-116.91899999999995,0.0,0.03500000014901161,0.9350000023841858,0.029999999329447746,0.03999999910593033,0.9300000071525574,0.029999999329447746,0.03500000014901161,0.9350000023841858,0.029999999329447746,0.0,0.0,0.0,0.0,0.0,0.0
498,-98.16666666666666,0.0,0.07999999821186066,0.8899999856948853,0.029999999329447746,0.05999999865889549,0.8799999952316284,0.05999999865889549,0.8849999904632568,0.07000000029802322,0.04500000178813934,0.0,0.0,0.0,0.0,0.0,0.0
499,-24.741,0.0,0.03500000014901161,0.9350000023841858,0.029999999329447746,0.03500000014901161,0.9350000023841858,0.029999999329447746,0.9399999976158142,0.029999999329447746,0.029999999329447746,0.0,0.0,0.0,0.0,0.0,0.0
500,-333.6400000000001,0.0,0.06499999761581421,0.8899999856948853,0.04500000178813934,0.07000000029802322,0.8899999856948853,0.03999999910593033,0.8949999809265137,0.06499999761581421,0.03999999910593033,0.0,0.0,0.0,0.0,0.0,0.0
501,-81.28,0.0,0.03500000014901161,0.9350000023841858,0.029999999329447746,0.03500000014901161,0.9300000071525574,0.03500000014901161,0.03500000014901161,0.9350000023841858,0.029999999329447746,0.0,0.0,0.0,0.0,0.0,0.0
502,-33.59166666666669,0.0,0.03500000014901161,0.029999999329447746,0.9350000023841858,0.03500000014901161,0.9350000023841858,0.029999999329447746,0.03500000014901161,0.9350000023841858,0.029999999329447746,0.0,0.0,0.0,0.0,0.0,0.0
503,-300.49966666666666,0.0,0.03500000014901161,0.9350000023841858,0.029999999329447746,0.03500000014901161,0.9350000023841858,0.029999999329447746,0.9399999976158142,0.029999999329447746,0.029999999329447746,0.0,0.0,0.0,0.0,0.0,0.0
504,-143.17133333333334,0.0,0.03500000014901161,0.9350000023841858,0.029999999329447746,0.03500000014901161,0.9350000023841858,0.029999999329447746,0.03500000014901161,0.9350000023841858,0.029999999329447746,0.0,0.0,0.0,0.0,0.0,0.0
505,-318.57099999999997,0.0,0.05999999865889549,0.8849999904632568,0.054999999701976776,0.07999999821186066,0.8799999952316284,0.03999999910593033,0.8849999904632568,0.054999999701976776,0.05999999865889549,0.0,0.0,0.0,0.0,0.0,0.0
506,-110.78966666666658,0.0,0.054999999701976776,0.8849999904632568,0.05999999865889549,0.09000000357627869,0.8799999952316284,0.029999999329447746,0.8799999952316284,0.07500000298023224,0.04500000178813934,0.0,0.0,0.0,0.0,0.0,0.0
507,-193.55633333333327,0.0,0.03500000014901161,0.9350000023841858,0.029999999329447746,0.03500000014901161,0.9350000023841858,0.029999999329447746,0.03500000014901161,0.9350000023841858,0.029999999329447746,0.0,0.0,0.0,0.0,0.0,0.0
508,-55.57366666666665,0.0,0.03500000014901161,0.9350000023841858,0.029999999329447746,0.03500000014901161,0.9350000023841858,0.029999999329447746,0.9399999976158142,0.029999999329447746,0.029999999329447746,0.0,0.0,0.0,0.0,0.0,0.0
509,-80.756,0.0,0.03500000014901161,0.9350000023841858,0.029999999329447746,0.03500000014901161,0.925000011920929,0.03999999910593033,0.03500000014901161,0.9300000071525574,0.03500000014901161,0.0,0.0,0.0,0.0,0.0,0.0
510,-96.3206666666667,0.0,0.03500000014901161,0.9350000023841858,0.029999999329447746,0.03500000014901161,0.925000011920929,0.03999999910593033,0.03500000014901161,0.9300000071525574,0.03500000014901161,0.0,0.0,0.0,0.0,0.0,0.0
511,-47.85499999999999,0.0,0.03500000014901161,0.9350000023841858,0.029999999329447746,0.03500000014901161,0.9350000023841858,0.029999999329447746,0.03500000014901161,0.9350000023841858,0.029999999329447746,0.0,0.0,0.0,0.0,0.0,0.0
512,-101.13066666666666,0.0,0.03500000014901161,0.029999999329447746,0.9350000023841858,0.03500000014901161,0.9350000023841858,0.029999999329447746,0.03500000014901161,0.9350000023841858,0.029999999329447746,0.0,0.0,0.0,0.0,0.0,0.0
513,-42.052,0.0,0.03500000014901161,0.9350000023841858,0.029999999329447746,0.03500000014901161,0.9350000023841858,0.029999999329447746,0.03500000014901161,0.9350000023841858,0.029999999329447746,0.0,0.0,0.0,0.0,0.0,0.0
514,-114.55066666666667,0.0,0.03500000014901161,0.9350000023841858,0.029999999329447746,0.03500000014901161,0.9350000023841858,0.029999999329447746,0.9399999976158142,0.029999999329447746,0.029999999329447746,0.0,0.0,0.0,0.0,0.0,0.0
515,-34.97666666666667,0.0,0.03500000014901161,0.9350000023841858,0.029999999329447746,0.03500000014901161,0.9350000023841858,0.029999999329447746,0.03500000014901161,0.9350000023841858,0.029999999329447746,0.0,0.0,0.0,0.0,0.0,0.0
516,-222.48966666666672,0.0,0.03500000014901161,0.9350000023841858,0.029999999329447746,0.03500000014901161,0.9350000023841858,0.029999999329447746,0.03500000014901161,0.9350000023841858,0.029999999329447746,0.0,0.0,0.0,0.0,0.0,0.0
517,-250.27166666666676,0.0,0.03500000014901161,0.9350000023841858,0.029999999329447746,0.03999999910593033,0.9300000071525574,0.029999999329447746,0.03500000014901161,0.9350000023841858,0.029999999329447746,0.0,0.0,0.0,0.0,0.0,0.0
518,-66.78533333333333,0.0,0.03500000014901161,0.029999999329447746,0.9350000023841858,0.03500000014901161,0.029999999329447746,0.9350000023841858,0.03500000014901161,0.9350000023841858,0.029999999329447746,0.0,0.0,0.0,0.0,0.0,0.0
519,-502.3263333333333,0.0,0.07999999821186066,0.8849999904632568,0.03500000014901161,0.07999999821186066,0.875,0.04500000178813934,0.8849999904632568,0.054999999701976776,0.05999999865889549,0.0,0.0,0.0,0.0,0.0,0.0
520,-134.02666666666676,0.0,0.03500000014901161,0.9350000023841858,0.029999999329447746,0.03500000014901161,0.9350000023841858,0.029999999329447746,0.03500000014901161,0.9350000023841858,0.029999999329447746,0.0,0.0,0.0,0.0,0.0,0.0
521,-99.51566666666663,0.0,0.9399999976158142,0.029999999329447746,0.029999999329447746,0.9399999976158142,0.029999999329447746,0.029999999329447746,0.9399999976158142,0.029999999329447746,0.029999999329447746,0.0,0.0,0.0,0.0,0.0,0.0
522,-39.37533333333333,0.0,0.03500000014901161,0.9350000023841858,0.029999999329447746,0.03500000014901161,0.9350000023841858,0.029999999329447746,0.03500000014901161,0.9350000023841858,0.029999999329447746,0.0,0.0,0.0,0.0,0.0,0.0
523,-43.593999999999994,0.0,0.03500000014901161,0.9350000023841858,0.029999999329447746,0.03500000014901161,0.9350000023841858,0.029999999329447746,0.9399999976158142,0.029999999329447746,0.029999999329447746,0.0,0.0,0.0,0.0,0.0,0.0
524,-331.536,0.0,0.03500000014901161,0.9350000023841858,0.029999999329447746,0.03500000014901161,0.9200000166893005,0.04500000178813934,0.03500000014901161,0.9350000023841858,0.029999999329447746,0.0,0.0,0.0,0.0,0.0,0.0
525,-116.45333333333336,0.0,0.03500000014901161,0.9350000023841858,0.029999999329447746,0.03500000014901161,0.9350000023841858,0.029999999329447746,0.9399999976158142,0.029999999329447746,0.029999999329447746,0.0,0.0,0.0,0.0,0.0,0.0
526,-480.1166666666668,0.0,0.07000000029802322,0.8999999761581421,0.029999999329447746,0.05000000074505806,0.8799999952316284,0.07000000029802322,0.8849999904632568,0.03500000014901161,0.07999999821186066,0.0,0.0,0.0,0.0,0.0,0.0
527,-92.76833333333332,0.0,0.03500000014901161,0.9350000023841858,0.029999999329447746,0.03500000014901161,0.9300000071525574,0.03500000014901161,0.03500000014901161,0.9350000023841858,0.029999999329447746,0.0,0.0,0.0,0.0,0.0,0.0
528,-236.64833333333326,0.0,0.03500000014901161,0.9350000023841858,0.029999999329447746,0.03500000014901161,0.9200000166893005,0.04500000178813934,0.03500000014901161,0.9300000071525574,0.03500000014901161,0.0,0.0,0.0,0.0,0.0,0.0
529,-214.39833333333337,0.0,0.9300000071525574,0.03999999910593033,0.029999999329447746,0.9399999976158142,0.029999999329447746,0.029999999329447746,0.9399999976158142,0.029999999329447746,0.029999999329447746,0.0,0.0,0.0,0.0,0.0,0.0
530,-94.18833333333336,0.0,0.04500000178813934,0.8999999761581421,0.054999999701976776,0.05000000074505806,0.8899999856948853,0.05999999865889549,0.8849999904632568,0.04500000178813934,0.07000000029802322,0.0,0.0,0.0,0.0,0.0,0.0
531,-76.33100000000002,0.0,0.04500000178813934,0.8949999809265137,0.05999999865889549,0.8949999809265137,0.05999999865889549,0.04500000178813934,0.8949999809265137,0.03999999910593033,0.06499999761581421,0.0,0.0,0.0,0.0,0.0,0.0
532,-29.265000000000004,0.0,0.03500000014901161,0.029999999329447746,0.9350000023841858,0.9399999976158142,0.029999999329447746,0.029999999329447746,0.9399999976158142,0.029999999329447746,0.029999999329447746,0.0,0.0,0.0,0.0,0.0,0.0
533,-35.68800000000001,0.0,0.03500000014901161,0.9350000023841858,0.029999999329447746,0.03500000014901161,0.9200000166893005,0.04500000178813934,0.03999999910593033,0.9300000071525574,0.029999999329447746,0.0,0.0,0.0,0.0,0.0,0.0
534,-376.6039999999999,0.0,0.06499999761581421,0.8849999904632568,0.05000000074505806,0.054999999701976776,0.8799999952316284,0.06499999761581421,0.8849999904632568,0.07000000029802322,0.04500000178813934,0.0,0.0,0.0,0.0,0.0,0.0
535,-52.94699999999998,0.0,0.9399999976158142,0.029999999329447746,0.029999999329447746,0.9399999976158142,0.029999999329447746,0.029999999329447746,0.9399999976158142,0.029999999329447746,0.029999999329447746,0.0,0.0,0.0,0.0,0.0,0.0
536,-471.2223333333334,0.0,0.03500000014901161,0.029999999329447746,0.9350000023841858,0.03500000014901161,0.03999999910593033,0.925000011920929,0.03999999910593033,0.9300000071525574,0.029999999329447746,0.0,0.0,0.0,0.0,0.0,0.0
537,-36.63199999999999,0.0,0.03500000014901161,0.029999999329447746,0.9350000023841858,0.9399999976158142,0.029999999329447746,0.029999999329447746,0.9399999976158142,0.029999999329447746,0.029999999329447746,0.0,0.0,0.0,0.0,0.0,0.0
538,-198.49999999999997,0.0,0.03999999910593033,0.07000000029802322,0.8899999856948853,0.05999999865889549,0.8849999904632568,0.054999999701976776,0.8949999809265137,0.04500000178813934,0.05999999865889549,0.0,0.0,0.0,0.0,0.0,0.0
539,-253.49899999999997,0.0,0.03500000014901161,0.9350000023841858,0.029999999329447746,0.9399999976158142,0.029999999329447746,0.029999999329447746,0.03500000014901161,0.9350000023841858,0.029999999329447746,0.0,0.0,0.0,0.0,0.0,0.0
540,-120.54633333333334,0.0,0.03500000014901161,0.9300000071525574,0.03500000014901161,0.03500000014901161,0.9200000166893005,0.04500000178813934,0.03500000014901161,0.925000011920929,0.03999999910593033,0.0,0.0,0.0,0.0,0.0,0.0
541,-129.40833333333322,0.0,0.03500000014901161,0.9350000023841858,0.029999999329447746,0.03500000014901161,0.925000011920929,0.03999999910593033,0.03500000014901161,0.9350000023841858,0.029999999329447746,0.0,0.0,0.0,0.0,0.0,0.0
542,-93.16566666666668,0.0,0.03500000014901161,0.029999999329447746,0.9350000023841858,0.03500000014901161,0.9350000023841858,0.029999999329447746,0.03500000014901161,0.9350000023841858,0.029999999329447746,0.0,0.0,0.0,0.0,0.0,0.0
543,-118.3513333333333,0.0,0.04500000178813934,0.05000000074505806,0.9049999713897705,0.9100000262260437,0.029999999329447746,0.05999999865889549,0.9150000214576721,0.04500000178813934,0.03999999910593033,0.0,0.0,0.0,0.0,0.0,0.0
544,-118.65766666666667,0.0,0.03500000014901161,0.029999999329447746,0.9350000023841858,0.03500000014901161,0.029999999329447746,0.9350000023841858,0.03500000014901161,0.9350000023841858,0.029999999329447746,0.0,0.0,0.0,0.0,0.0,0.0
545,-41.20566666666666,0.0,0.03500000014901161,0.9350000023841858,0.029999999329447746,0.03500000014901161,0.9350000023841858,0.029999999329447746,0.03500000014901161,0.9350000023841858,0.029999999329447746,0.0,0.0,0.0,0.0,0.0,0.0
546,-97.50366666666658,0.0,0.03500000014901161,0.9350000023841858,0.029999999329447746,0.9100000262260437,0.04500000178813934,0.04500000178813934,0.9399999976158142,0.029999999329447746,0.029999999329447746,0.0,0.0,0.0,0.0,0.0,0.0
547,-204.44966666666667,0.0,0.9399999976158142,0.029999999329447746,0.029999999329447746,0.9399999976158142,0.029999999329447746,0.029999999329447746,0.9399999976158142,0.029999999329447746,0.029999999329447746,0.0,0.0,0.0,0.0,0.0,0.0
548,-58.160999999999966,0.0,0.03500000014901161,0.029999999329447746,0.9350000023841858,0.03500000014901161,0.925000011920929,0.03999999910593033,0.03500000014901161,0.9350000023841858,0.029999999329447746,0.0,0.0,0.0,0.0,0.0,0.0
549,-308.2006666666666,0.0,0.03500000014901161,0.9350000023841858,0.029999999329447746,0.03500000014901161,0.9350000023841858,0.029999999329447746,0.03500000014901161,0.9350000023841858,0.029999999329447746,0.0,0.0,0.0,0.0,0.0,0.0
550,-375.13333333333344,0.0,0.054999999701976776,0.8949999809265137,0.05000000074505806,0.054999999701976776,0.875,0.07000000029802322,0.8849999904632568,0.07000000029802322,0.04500000178813934,0.0,0.0,0.0,0.0,0.0,0.0
551,-189.53266666666667,0.0,0.05999999865889549,0.8949999809265137,0.04500000178813934,0.05000000074505806,0.8799999952316284,0.07000000029802322,0.8799999952316284,0.07500000298023224,0.04500000178813934,0.0,0.0,0.0,0.0,0.0,0.0
552,-173.336,0.0,0.03999999910593033,0.925000011920929,0.03500000014901161,0.07000000029802322,0.8799999952316284,0.05000000074505806,0.9049999713897705,0.05999999865889549,0.03500000014901161,0.0,0.0,0.0,0.0,0.0,0.0
553,-39.409000000000006,0.0,0.03500000014901161,0.9350000023841858,0.029999999329447746,0.03500000014901161,0.9350000023841858,0.029999999329447746,0.03500000014901161,0.9350000023841858,0.029999999329447746,0.0,0.0,0.0,0.0,0.0,0.0
554,-269.63400000000007,0.0,0.03500000014901161,0.029999999329447746,0.9350000023841858,0.03999999910593033,0.03500000014901161,0.925000011920929,0.03500000014901161,0.029999999329447746,0.9350000023841858,0.0,0.0,0.0,0.0,0.0,0.0
555,-280.301,0.0,0.03500000014901161,0.9350000023841858,0.029999999329447746,0.03500000014901161,0.9350000023841858,0.029999999329447746,0.03500000014901161,0.9350000023841858,0.029999999329447746,0.0,0.0,0.0,0.0,0.0,0.0
556,-35.657,0.0,0.03500000014901161,0.9350000023841858,0.029999999329447746,0.03500000014901161,0.9350000023841858,0.029999999329447746,0.03500000014901161,0.9350000023841858,0.029999999329447746,0.0,0.0,0.0,0.0,0.0,0.0
557,-221.60333333333335,0.0,0.03500000014901161,0.9350000023841858,0.029999999329447746,0.03500000014901161,0.9350000023841858,0.029999999329447746,0.03500000014901161,0.9350000023841858,0.029999999329447746,0.0,0.0,0.0,0.0,0.0,0.0
558,-361.9766666666668,0.0,0.05000000074505806,0.9150000214576721,0.03500000014901161,0.03999999910593033,0.9150000214576721,0.04500000178813934,0.9150000214576721,0.04500000178813934,0.03999999910593033,0.0,0.0,0.0,0.0,0.0,0.0
559,-180.7803333333334,0.0,0.03500000014901161,0.9350000023841858,0.029999999329447746,0.03500000014901161,0.9150000214576721,0.05000000074505806,0.03999999910593033,0.9300000071525574,0.029999999329447746,0.0,0.0,0.0,0.0,0.0,0.0
560,-315.5160000000001,0.0,0.03500000014901161,0.9350000023841858,0.029999999329447746,0.03500000014901161,0.9150000214576721,0.05000000074505806,0.03999999910593033,0.9300000071525574,0.029999999329447746,0.0,0.0,0.0,0.0,0.0,0.0
561,-76.0093333333333,0.0,0.05000000074505806,0.9049999713897705,0.04500000178813934,0.05000000074505806,0.8949999809265137,0.054999999701976776,0.8899999856948853,0.07000000029802322,0.03999999910593033,0.0,0.0,0.0,0.0,0.0,0.0
562,-40.827333333333335,0.0,0.03500000014901161,0.9350000023841858,0.029999999329447746,0.03500000014901161,0.9350000023841858,0.029999999329447746,0.9399999976158142,0.029999999329447746,0.029999999329447746,0.0,0.0,0.0,0.0,0.0,0.0
563,-200.9880000000001,0.0,0.03500000014901161,0.9350000023841858,0.029999999329447746,0.9399999976158142,0.029999999329447746,0.029999999329447746,0.9399999976158142,0.029999999329447746,0.029999999329447746,0.0,0.0,0.0,0.0,0.0,0.0
564,-60.492333333333384,0.0,0.03500000014901161,0.029999999329447746,0.9350000023841858,0.03500000014901161,0.029999999329447746,0.9350000023841858,0.03500000014901161,0.029999999329447746,0.9350000023841858,0.0,0.0,0.0,0.0,0.0,0.0
565,-43.00733333333333,0.0,0.03500000014901161,0.9350000023841858,0.029999999329447746,0.9200000166893005,0.029999999329447746,0.05000000074505806,0.03500000014901161,0.9350000023841858,0.029999999329447746,0.0,0.0,0.0,0.0,0.0,0.0
566,-51.97399999999999,0.0,0.03500000014901161,0.9350000023841858,0.029999999329447746,0.03500000014901161,0.9350000023841858,0.029999999329447746,0.03500000014901161,0.9350000023841858,0.029999999329447746,0.0,0.0,0.0,0.0,0.0,0.0
567,-64.38133333333327,0.0,0.03500000014901161,0.9300000071525574,0.03500000014901161,0.05000000074505806,0.8999999761581421,0.05000000074505806,0.9049999713897705,0.054999999701976776,0.03999999910593033,0.0,0.0,0.0,0.0,0.0,0.0
568,-136.866,0.0,0.03500000014901161,0.9350000023841858,0.029999999329447746,0.03500000014901161,0.9350000023841858,0.029999999329447746,0.03500000014901161,0.9350000023841858,0.029999999329447746,0.0,0.0,0.0,0.0,0.0,0.0
569,-97.01866666666669,0.0,0.03500000014901161,0.9350000023841858,0.029999999329447746,0.03500000014901161,0.9300000071525574,0.03500000014901161,0.9399999976158142,0.029999999329447746,0.029999999329447746,0.0,0.0,0.0,0.0,0.0,0.0
570,-46.746999999999986,0.0,0.03500000014901161,0.9350000023841858,0.029999999329447746,0.03500000014901161,0.9300000071525574,0.03500000014901161,0.03500000014901161,0.9350000023841858,0.029999999329447746,0.0,0.0,0.0,0.0,0.0,0.0
571,-44.38766666666666,0.0,0.03500000014901161,0.9350000023841858,0.029999999329447746,0.03500000014901161,0.925000011920929,0.03999999910593033,0.03500000014901161,0.9350000023841858,0.029999999329447746,0.0,0.0,0.0,0.0,0.0,0.0
572,-475.19833333333327,0.0,0.03500000014901161,0.9350000023841858,0.029999999329447746,0.03500000014901161,0.9350000023841858,0.029999999329447746,0.03500000014901161,0.9350000023841858,0.029999999329447746,0.0,0.0,0.0,0.0,0.0,0.0
573,-139.88833333333335,0.0,0.05000000074505806,0.9200000166893005,0.029999999329447746,0.03999999910593033,0.8999999761581421,0.05999999865889549,0.8999999761581421,0.04500000178813934,0.054999999701976776,0.0,0.0,0.0,0.0,0.0,0.0
574,-35.35433333333334,0.0,0.03500000014901161,0.9350000023841858,0.029999999329447746,0.03500000014901161,0.9300000071525574,0.03500000014901161,0.03500000014901161,0.9300000071525574,0.03500000014901161,0.0,0.0,0.0,0.0,0.0,0.0
575,-320.82899999999995,0.0,0.03500000014901161,0.9350000023841858,0.029999999329447746,0.03500000014901161,0.9350000023841858,0.029999999329447746,0.03500000014901161,0.9350000023841858,0.029999999329447746,0.0,0.0,0.0,0.0,0.0,0.0
576,-48.32533333333332,0.0,0.03500000014901161,0.9350000023841858,0.029999999329447746,0.03500000014901161,0.9200000166893005,0.04500000178813934,0.03500000014901161,0.925000011920929,0.03999999910593033,0.0,0.0,0.0,0.0,0.0,0.0
577,-296.6933333333332,0.0,0.03500000014901161,0.9350000023841858,0.029999999329447746,0.03500000014901161,0.9200000166893005,0.04500000178813934,0.03999999910593033,0.9300000071525574,0.029999999329447746,0.0,0.0,0.0,0.0,0.0,0.0
578,-39.07766666666665,0.0,0.9399999976158142,0.029999999329447746,0.029999999329447746,0.9399999976158142,0.029999999329447746,0.029999999329447746,0.9399999976158142,0.029999999329447746,0.029999999329447746,0.0,0.0,0.0,0.0,0.0,0.0
579,-226.91133333333335,0.0,0.9399999976158142,0.029999999329447746,0.029999999329447746,0.9399999976158142,0.029999999329447746,0.029999999329447746,0.9399999976158142,0.029999999329447746,0.029999999329447746,0.0,0.0,0.0,0.0,0.0,0.0
580,-519.7896666666666,0.0,0.03500000014901161,0.029999999329447746,0.9350000023841858,0.03500000014901161,0.029999999329447746,0.9350000023841858,0.03500000014901161,0.9350000023841858,0.029999999329447746,0.0,0.0,0.0,0.0,0.0,0.0
581,-66.55733333333328,0.0,0.04500000178813934,0.9200000166893005,0.03500000014901161,0.05999999865889549,0.8899999856948853,0.05000000074505806,0.9049999713897705,0.05000000074505806,0.04500000178813934,0.0,0.0,0.0,0.0,0.0,0.0
582,-259.1403333333335,0.0,0.08500000089406967,0.875,0.03999999910593033,0.03999999910593033,0.875,0.08500000089406967,0.8849999904632568,0.06499999761581421,0.05000000074505806,0.0,0.0,0.0,0.0,0.0,0.0
583,-118.36200000000001,0.0,0.04500000178813934,0.05000000074505806,0.9049999713897705,0.03500000014901161,0.9049999713897705,0.05999999865889549,0.8949999809265137,0.06499999761581421,0.03999999910593033,0.0,0.0,0.0,0.0,0.0,0.0
584,-215.40633333333332,0.0,0.03500000014901161,0.9350000023841858,0.029999999329447746,0.03500000014901161,0.9350000023841858,0.029999999329447746,0.9399999976158142,0.029999999329447746,0.029999999329447746,0.0,0.0,0.0,0.0,0.0,0.0
585,-356.21599999999984,0.0,0.03500000014901161,0.9300000071525574,0.03500000014901161,0.03500000014901161,0.9300000071525574,0.03500000014901161,0.03500000014901161,0.9300000071525574,0.03500000014901161,0.0,0.0,0.0,0.0,0.0,0.0
586,-111.6633333333333,0.0,0.03500000014901161,0.9350000023841858,0.029999999329447746,0.03500000014901161,0.9350000023841858,0.029999999329447746,0.03500000014901161,0.9350000023841858,0.029999999329447746,0.0,0.0,0.0,0.0,0.0,0.0
587,-35.12333333333335,0.0,0.03500000014901161,0.029999999329447746,0.9350000023841858,0.03500000014901161,0.9350000023841858,0.029999999329447746,0.03500000014901161,0.9350000023841858,0.029999999329447746,0.0,0.0,0.0,0.0,0.0,0.0
588,-275.52399999999994,0.0,0.03500000014901161,0.029999999329447746,0.9350000023841858,0.03500000014901161,0.029999999329447746,0.9350000023841858,0.03500000014901161,0.9350000023841858,0.029999999329447746,0.0,0.0,0.0,0.0,0.0,0.0
589,-141.866,0.0,0.05999999865889549,0.03500000014901161,0.9049999713897705,0.03500000014901161,0.9049999713897705,0.05999999865889549,0.8999999761581421,0.054999999701976776,0.04500000178813934,0.0,0.0,0.0,0.0,0.0,0.0
590,-409.9679999999998,0.0,0.03500000014901161,0.9350000023841858,0.029999999329447746,0.03500000014901161,0.9350000023841858,0.029999999329447746,0.03500000014901161,0.9350000023841858,0.029999999329447746,0.0,0.0,0.0,0.0,0.0,0.0
591,-42.11199999999997,0.0,0.03500000014901161,0.9350000023841858,0.029999999329447746,0.03500000014901161,0.9350000023841858,0.029999999329447746,0.03500000014901161,0.9350000023841858,0.029999999329447746,0.0,0.0,0.0,0.0,0.0,0.0
592,-279.0333333333332,0.0,0.05999999865889549,0.8999999761581421,0.03999999910593033,0.03999999910593033,0.875,0.08500000089406967,0.8849999904632568,0.07500000298023224,0.03999999910593033,0.0,0.0,0.0,0.0,0.0,0.0
593,-46.41233333333333,0.0,0.03500000014901161,0.9350000023841858,0.029999999329447746,0.03500000014901161,0.9350000023841858,0.029999999329447746,0.03500000014901161,0.9350000023841858,0.029999999329447746,0.0,0.0,0.0,0.0,0.0,0.0
594,-40.88566666666669,0.0,0.03500000014901161,0.9350000023841858,0.029999999329447746,0.03500000014901161,0.9350000023841858,0.029999999329447746,0.03500000014901161,0.9350000023841858,0.029999999329447746,0.0,0.0,0.0,0.0,0.0,0.0
595,-45.546000000000014,0.0,0.03999999910593033,0.925000011920929,0.03500000014901161,0.03500000014901161,0.9150000214576721,0.05000000074505806,0.9200000166893005,0.04500000178813934,0.03500000014901161,0.0,0.0,0.0,0.0,0.0,0.0
596,-159.90966666666674,0.0,0.03500000014901161,0.9350000023841858,0.029999999329447746,0.03500000014901161,0.925000011920929,0.03999999910593033,0.03500000014901161,0.9350000023841858,0.029999999329447746,0.0,0.0,0.0,0.0,0.0,0.0
597,-37.612333333333346,0.0,0.03500000014901161,0.9350000023841858,0.029999999329447746,0.03500000014901161,0.9350000023841858,0.029999999329447746,0.03500000014901161,0.9350000023841858,0.029999999329447746,0.0,0.0,0.0,0.0,0.0,0.0
598,-38.488666666666695,0.0,0.03500000014901161,0.029999999329447746,0.9350000023841858,0.03500000014901161,0.029999999329447746,0.9350000023841858,0.03500000014901161,0.9350000023841858,0.029999999329447746,0.0,0.0,0.0,0.0,0.0,0.0
599,-231.7573333333333,0.0,0.03500000014901161,0.029999999329447746,0.9350000023841858,0.03500000014901161,0.9350000023841858,0.029999999329447746,0.03500000014901161,0.9350000023841858,0.029999999329447746,0.0,0.0,0.0,0.0,0.0,0.0
600,-229.905,0.0,0.07500000298023224,0.8899999856948853,0.03500000014901161,0.03500000014901161,0.8849999904632568,0.07999999821186066,0.8799999952316284,0.09000000357627869,0.029999999329447746,0.0,0.0,0.0,0.0,0.0,0.0
601,-73.49966666666666,0.0,0.03999999910593033,0.9300000071525574,0.029999999329447746,0.05000000074505806,0.9049999713897705,0.04500000178813934,0.9150000214576721,0.054999999701976776,0.029999999329447746,0.0,0.0,0.0,0.0,0.0,0.0
602,-249.0740000000001,0.0,0.03500000014901161,0.9350000023841858,0.029999999329447746,0.9399999976158142,0.029999999329447746,0.029999999329447746,0.9399999976158142,0.029999999329447746,0.029999999329447746,0.0,0.0,0.0,0.0,0.0,0.0
603,-66.61766666666666,0.0,0.03500000014901161,0.9350000023841858,0.029999999329447746,0.03500000014901161,0.9350000023841858,0.029999999329447746,0.03500000014901161,0.9350000023841858,0.029999999329447746,0.0,0.0,0.0,0.0,0.0,0.0
604,-52.14666666666667,0.0,0.03500000014901161,0.9350000023841858,0.029999999329447746,0.03500000014901161,0.9350000023841858,0.029999999329447746,0.03500000014901161,0.9350000023841858,0.029999999329447746,0.0,0.0,0.0,0.0,0.0,0.0
605,-284.6263333333334,0.0,0.03500000014901161,0.029999999329447746,0.9350000023841858,0.03500000014901161,0.029999999329447746,0.9350000023841858,0.03500000014901161,0.029999999329447746,0.9350000023841858,0.0,0.0,0.0,0.0,0.0,0.0
606,-47.57633333333334,0.0,0.03500000014901161,0.9350000023841858,0.029999999329447746,0.03500000014901161,0.9350000023841858,0.029999999329447746,0.03500000014901161,0.9350000023841858,0.029999999329447746,0.0,0.0,0.0,0.0,0.0,0.0
607,-153.13766666666655,0.0,0.07999999821186066,0.8899999856948853,0.029999999329447746,0.8949999809265137,0.029999999329447746,0.07500000298023224,0.8999999761581421,0.06499999761581421,0.03500000014901161,0.0,0.0,0.0,0.0,0.0,0.0
608,-233.75200000000004,0.0,0.03500000014901161,0.9350000023841858,0.029999999329447746,0.03500000014901161,0.9200000166893005,0.04500000178813934,0.03500000014901161,0.9300000071525574,0.03500000014901161,0.0,0.0,0.0,0.0,0.0,0.0
609,-60.078,0.0,0.03500000014901161,0.9350000023841858,0.029999999329447746,0.9300000071525574,0.029999999329447746,0.03999999910593033,0.9399999976158142,0.029999999329447746,0.029999999329447746,0.0,0.0,0.0,0.0,0.0,0.0
610,-53.98299999999999,0.0,0.03500000014901161,0.9350000023841858,0.029999999329447746,0.03500000014901161,0.9300000071525574,0.03500000014901161,0.03500000014901161,0.9350000023841858,0.029999999329447746,0.0,0.0,0.0,0.0,0.0,0.0
611,-308.7563333333334,0.0,0.9399999976158142,0.029999999329447746,0.029999999329447746,0.9399999976158142,0.029999999329447746,0.029999999329447746,0.9399999976158142,0.029999999329447746,0.029999999329447746,0.0,0.0,0.0,0.0,0.0,0.0
612,-121.93966666666665,0.0,0.054999999701976776,0.8999999761581421,0.04500000178813934,0.03999999910593033,0.8849999904632568,0.07500000298023224,0.8849999904632568,0.07000000029802322,0.04500000178813934,0.0,0.0,0.0,0.0,0.0,0.0
613,-94.92900000000002,0.0,0.03500000014901161,0.029999999329447746,0.9350000023841858,0.03500000014901161,0.029999999329447746,0.9350000023841858,0.9399999976158142,0.029999999329447746,0.029999999329447746,0.0,0.0,0.0,0.0,0.0,0.0
614,-542.5973333333334,0.0,0.07999999821186066,0.8899999856948853,0.029999999329447746,0.03500000014901161,0.875,0.09000000357627869,0.8849999904632568,0.07000000029802322,0.04500000178813934,0.0,0.0,0.0,0.0,0.0,0.0
615,-40.64800000000002,0.0,0.03500000014901161,0.9350000023841858,0.029999999329447746,0.03500000014901161,0.029999999329447746,0.9350000023841858,0.9399999976158142,0.029999999329447746,0.029999999329447746,0.0,0.0,0.0,0.0,0.0,0.0
616,-23.889333333333315,0.0,0.03500000014901161,0.9350000023841858,0.029999999329447746,0.03500000014901161,0.9350000023841858,0.029999999329447746,0.03500000014901161,0.9350000023841858,0.029999999329447746,0.0,0.0,0.0,0.0,0.0,0.0
617,-64.72899999999998,0.0,0.03500000014901161,0.9350000023841858,0.029999999329447746,0.9300000071525574,0.029999999329447746,0.03999999910593033,0.03500000014901161,0.9350000023841858,0.029999999329447746,0.0,0.0,0.0,0.0,0.0,0.0
618,-239.81133333333327,0.0,0.03500000014901161,0.9350000023841858,0.029999999329447746,0.03500000014901161,0.9350000023841858,0.029999999329447746,0.9399999976158142,0.029999999329447746,0.029999999329447746,0.0,0.0,0.0,0.0,0.0,0.0
619,-51.17766666666665,0.0,0.03500000014901161,0.9350000023841858,0.029999999329447746,0.03500000014901161,0.9200000166893005,0.04500000178813934,0.03500000014901161,0.9350000023841858,0.029999999329447746,0.0,0.0,0.0,0.0,0.0,0.0
620,-164.43933333333322,0.0,0.04500000178813934,0.9150000214576721,0.03999999910593033,0.07500000298023224,0.8849999904632568,0.03999999910593033,0.9150000214576721,0.04500000178813934,0.03999999910593033,0.0,0.0,0.0,0.0,0.0,0.0
621,-44.74866666666665,0.0,0.03500000014901161,0.9350000023841858,0.029999999329447746,0.03500000014901161,0.925000011920929,0.03999999910593033,0.03999999910593033,0.9300000071525574,0.029999999329447746,0.0,0.0,0.0,0.0,0.0,0.0
622,-179.83700000000016,0.0,0.03500000014901161,0.9350000023841858,0.029999999329447746,0.04500000178813934,0.9100000262260437,0.04500000178813934,0.8999999761581421,0.06499999761581421,0.03500000014901161,0.0,0.0,0.0,0.0,0.0,0.0
623,-268.6966666666667,0.0,0.08500000089406967,0.8799999952316284,0.03500000014901161,0.03500000014901161,0.875,0.09000000357627869,0.8849999904632568,0.07500000298023224,0.03999999910593033,0.0,0.0,0.0,0.0,0.0,0.0
624,-162.0273333333333,0.0,0.03500000014901161,0.9350000023841858,0.029999999329447746,0.03500000014901161,0.9350000023841858,0.029999999329447746,0.03500000014901161,0.9350000023841858,0.029999999329447746,0.0,0.0,0.0,0.0,0.0,0.0
625,-27.773333333333344,0.0,0.03500000014901161,0.9350000023841858,0.029999999329447746,0.03500000014901161,0.9350000023841858,0.029999999329447746,0.03500000014901161,0.9350000023841858,0.029999999329447746,0.0,0.0,0.0,0.0,0.0,0.0
626,-33.077000000000005,0.0,0.03500000014901161,0.9350000023841858,0.029999999329447746,0.03500000014901161,0.9350000023841858,0.029999999329447746,0.03500000014901161,0.9350000023841858,0.029999999329447746,0.0,0.0,0.0,0.0,0.0,0.0
627,-246.47833333333335,0.0,0.03500000014901161,0.9350000023841858,0.029999999329447746,0.03500000014901161,0.9300000071525574,0.03500000014901161,0.03500000014901161,0.9350000023841858,0.029999999329447746,0.0,0.0,0.0,0.0,0.0,0.0
628,-19.231666666666644,0.0,0.03500000014901161,0.029999999329447746,0.9350000023841858,0.03500000014901161,0.029999999329447746,0.9350000023841858,0.03500000014901161,0.029999999329447746,0.9350000023841858,0.0,0.0,0.0,0.0,0.0,0.0
629,-40.12800000000001,0.0,0.03500000014901161,0.9350000023841858,0.029999999329447746,0.03500000014901161,0.925000011920929,0.03999999910593033,0.03500000014901161,0.9350000023841858,0.029999999329447746,0.0,0.0,0.0,0.0,0.0,0.0
630,-196.64600000000013,0.0,0.03500000014901161,0.9350000023841858,0.029999999329447746,0.03999999910593033,0.925000011920929,0.03500000014901161,0.03500000014901161,0.9350000023841858,0.029999999329447746,0.0,0.0,0.0,0.0,0.0,0.0
631,-46.69700000000002,0.0,0.03500000014901161,0.029999999329447746,0.9350000023841858,0.03500000014901161,0.9350000023841858,0.029999999329447746,0.03500000014901161,0.9350000023841858,0.029999999329447746,0.0,0.0,0.0,0.0,0.0,0.0
632,-59.195666666666675,0.0,0.03500000014901161,0.9350000023841858,0.029999999329447746,0.03500000014901161,0.9200000166893005,0.04500000178813934,0.03999999910593033,0.925000011920929,0.03500000014901161,0.0,0.0,0.0,0.0,0.0,0.0
633,-219.93133333333324,0.0,0.03500000014901161,0.9350000023841858,0.029999999329447746,0.04500000178813934,0.029999999329447746,0.925000011920929,0.03500000014901161,0.9350000023841858,0.029999999329447746,0.0,0.0,0.0,0.0,0.0,0.0
634,-200.21966666666668,0.0,0.03500000014901161,0.9350000023841858,0.029999999329447746,0.03500000014901161,0.9300000071525574,0.03500000014901161,0.03500000014901161,0.9350000023841858,0.029999999329447746,0.0,0.0,0.0,0.0,0.0,0.0
635,-325.0316666666666,0.0,0.03500000014901161,0.9350000023841858,0.029999999329447746,0.03500000014901161,0.9350000023841858,0.029999999329447746,0.03500000014901161,0.9350000023841858,0.029999999329447746,0.0,0.0,0.0,0.0,0.0,0.0
636,-262.3649999999999,0.0,0.08500000089406967,0.8799999952316284,0.03500000014901161,0.03500000014901161,0.875,0.09000000357627869,0.8799999952316284,0.08500000089406967,0.03500000014901161,0.0,0.0,0.0,0.0,0.0,0.0
637,-310.5303333333332,0.0,0.07000000029802322,0.8799999952316284,0.05000000074505806,0.03500000014901161,0.875,0.09000000357627869,0.8849999904632568,0.07500000298023224,0.03999999910593033,0.0,0.0,0.0,0.0,0.0,0.0
638,-168.62099999999998,0.0,0.07000000029802322,0.8949999809265137,0.03500000014901161,0.03500000014901161,0.8949999809265137,0.07000000029802322,0.8999999761581421,0.05999999865889549,0.03999999910593033,0.0,0.0,0.0,0.0,0.0,0.0
639,-137.39533333333333,0.0,0.03500000014901161,0.9350000023841858,0.029999999329447746,0.03500000014901161,0.9300000071525574,0.03500000014901161,0.03500000014901161,0.9300000071525574,0.03500000014901161,0.0,0.0,0.0,0.0,0.0,0.0
640,-221.43600000000004,0.0,0.03500000014901161,0.9350000023841858,0.029999999329447746,0.03500000014901161,0.9350000023841858,0.029999999329447746,0.03500000014901161,0.9350000023841858,0.029999999329447746,0.0,0.0,0.0,0.0,0.0,0.0
641,-79.97966666666666,0.0,0.03500000014901161,0.9350000023841858,0.029999999329447746,0.03500000014901161,0.9350000023841858,0.029999999329447746,0.9399999976158142,0.029999999329447746,0.029999999329447746,0.0,0.0,0.0,0.0,0.0,0.0
642,-35.86566666666668,0.0,0.03500000014901161,0.9350000023841858,0.029999999329447746,0.03500000014901161,0.9350000023841858,0.029999999329447746,0.03500000014901161,0.9350000023841858,0.029999999329447746,0.0,0.0,0.0,0.0,0.0,0.0
643,-28.098999999999986,0.0,0.03500000014901161,0.9350000023841858,0.029999999329447746,0.03500000014901161,0.9350000023841858,0.029999999329447746,0.03500000014901161,0.9350000023841858,0.029999999329447746,0.0,0.0,0.0,0.0,0.0,0.0
644,-261.90166666666664,0.0,0.03500000014901161,0.9350000023841858,0.029999999329447746,0.03500000014901161,0.9200000166893005,0.04500000178813934,0.03500000014901161,0.9350000023841858,0.029999999329447746,0.0,0.0,0.0,0.0,0.0,0.0
645,-39.52366666666666,0.0,0.03500000014901161,0.9350000023841858,0.029999999329447746,0.03999999910593033,0.9300000071525574,0.029999999329447746,0.03500000014901161,0.9350000023841858,0.029999999329447746,0.0,0.0,0.0,0.0,0.0,0.0
646,-140.22099999999998,0.0,0.03500000014901161,0.9350000023841858,0.029999999329447746,0.03500000014901161,0.9300000071525574,0.03500000014901161,0.03500000014901161,0.9350000023841858,0.029999999329447746,0.0,0.0,0.0,0.0,0.0,0.0
647,-184.22666666666674,0.0,0.06499999761581421,0.8899999856948853,0.04500000178813934,0.03500000014901161,0.8799999952316284,0.08500000089406967,0.8849999904632568,0.07000000029802322,0.04500000178813934,0.0,0.0,0.0,0.0,0.0,0.0
648,-158.21733333333336,0.0,0.03500000014901161,0.9350000023841858,0.029999999329447746,0.03500000014901161,0.9350000023841858,0.029999999329447746,0.03500000014901161,0.9350000023841858,0.029999999329447746,0.0,0.0,0.0,0.0,0.0,0.0
649,-48.36366666666669,0.0,0.03500000014901161,0.9350000023841858,0.029999999329447746,0.03500000014901161,0.9300000071525574,0.03500000014901161,0.03500000014901161,0.9350000023841858,0.029999999329447746,0.0,0.0,0.0,0.0,0.0,0.0
650,-26.61666666666667,0.0,0.03500000014901161,0.9350000023841858,0.029999999329447746,0.9399999976158142,0.029999999329447746,0.029999999329447746,0.9399999976158142,0.029999999329447746,0.029999999329447746,0.0,0.0,0.0,0.0,0.0,0.0
651,-203.39533333333335,0.0,0.03500000014901161,0.9350000023841858,0.029999999329447746,0.03500000014901161,0.9350000023841858,0.029999999329447746,0.03500000014901161,0.9350000023841858,0.029999999329447746,0.0,0.0,0.0,0.0,0.0,0.0
652,-87.92100000000002,0.0,0.05999999865889549,0.9049999713897705,0.03500000014901161,0.8949999809265137,0.029999999329447746,0.07500000298023224,0.9049999713897705,0.05999999865889549,0.03500000014901161,0.0,0.0,0.0,0.0,0.0,0.0
653,-154.46233333333333,0.0,0.03500000014901161,0.9350000023841858,0.029999999329447746,0.03500000014901161,0.9350000023841858,0.029999999329447746,0.9399999976158142,0.029999999329447746,0.029999999329447746,0.0,0.0,0.0,0.0,0.0,0.0
654,-184.89933333333337,0.0,0.03500000014901161,0.9350000023841858,0.029999999329447746,0.03500000014901161,0.9350000023841858,0.029999999329447746,0.9399999976158142,0.029999999329447746,0.029999999329447746,0.0,0.0,0.0,0.0,0.0,0.0
655,-124.17933333333329,0.0,0.07500000298023224,0.8899999856948853,0.03500000014901161,0.8899999856948853,0.029999999329447746,0.07999999821186066,0.8949999809265137,0.06499999761581421,0.03999999910593033,0.0,0.0,0.0,0.0,0.0,0.0
656,-291.8950000000002,0.0,0.03500000014901161,0.9350000023841858,0.029999999329447746,0.03500000014901161,0.9300000071525574,0.03500000014901161,0.03500000014901161,0.9350000023841858,0.029999999329447746,0.0,0.0,0.0,0.0,0.0,0.0
657,-69.80333333333333,0.0,0.05999999865889549,0.9100000262260437,0.029999999329447746,0.8899999856948853,0.029999999329447746,0.07999999821186066,0.9150000214576721,0.03999999910593033,0.04500000178813934,0.0,0.0,0.0,0.0,0.0,0.0
658,-39.71200000000001,0.0,0.03500000014901161,0.9350000023841858,0.029999999329447746,0.03500000014901161,0.925000011920929,0.03999999910593033,0.925000011920929,0.03500000014901161,0.03999999910593033,0.0,0.0,0.0,0.0,0.0,0.0
659,-55.62766666666667,0.0,0.03500000014901161,0.9350000023841858,0.029999999329447746,0.03500000014901161,0.925000011920929,0.03999999910593033,0.925000011920929,0.03500000014901161,0.03999999910593033,0.0,0.0,0.0,0.0,0.0,0.0
660,-57.37333333333329,0.0,0.03500000014901161,0.9350000023841858,0.029999999329447746,0.03500000014901161,0.9200000166893005,0.04500000178813934,0.9100000262260437,0.03500000014901161,0.054999999701976776,0.0,0.0,0.0,0.0,0.0,0.0
661,-54.11600000000004,0.0,0.03500000014901161,0.9350000023841858,0.029999999329447746,0.03500000014901161,0.9350000023841858,0.029999999329447746,0.9350000023841858,0.029999999329447746,0.03500000014901161,0.0,0.0,0.0,0.0,0.0,0.0
662,-54.23666666666667,0.0,0.03500000014901161,0.9350000023841858,0.029999999329447746,0.03500000014901161,0.9200000166893005,0.04500000178813934,0.03500000014901161,0.9350000023841858,0.029999999329447746,0.0,0.0,0.0,0.0,0.0,0.0
663,-43.77733333333332,0.0,0.03500000014901161,0.9350000023841858,0.029999999329447746,0.03500000014901161,0.9300000071525574,0.03500000014901161,0.03500000014901161,0.9300000071525574,0.03500000014901161,0.0,0.0,0.0,0.0,0.0,0.0
664,-70.53900000000003,0.0,0.03500000014901161,0.9350000023841858,0.029999999329447746,0.03500000014901161,0.9350000023841858,0.029999999329447746,0.03500000014901161,0.9350000023841858,0.029999999329447746,0.0,0.0,0.0,0.0,0.0,0.0
665,-26.23966666666666,0.0,0.03500000014901161,0.029999999329447746,0.9350000023841858,0.03500000014901161,0.9300000071525574,0.03500000014901161,0.9300000071525574,0.03500000014901161,0.03500000014901161,0.0,0.0,0.0,0.0,0.0,0.0
666,-178.8956666666666,0.0,0.03500000014901161,0.029999999329447746,0.9350000023841858,0.03500000014901161,0.9350000023841858,0.029999999329447746,0.03500000014901161,0.9350000023841858,0.029999999329447746,0.0,0.0,0.0,0.0,0.0,0.0
667,-42.84199999999999,0.0,0.03500000014901161,0.9350000023841858,0.029999999329447746,0.03500000014901161,0.9350000023841858,0.029999999329447746,0.03500000014901161,0.9350000023841858,0.029999999329447746,0.0,0.0,0.0,0.0,0.0,0.0
668,-300.2186666666667,0.0,0.9150000214576721,0.054999999701976776,0.029999999329447746,0.9150000214576721,0.029999999329447746,0.054999999701976776,0.925000011920929,0.04500000178813934,0.029999999329447746,0.0,0.0,0.0,0.0,0.0,0.0
669,-214.59633333333338,0.0,0.07000000029802322,0.8899999856948853,0.03999999910593033,0.03999999910593033,0.8849999904632568,0.07500000298023224,0.8899999856948853,0.054999999701976776,0.054999999701976776,0.0,0.0,0.0,0.0,0.0,0.0
670,-313.67,0.0,0.08500000089406967,0.8799999952316284,0.03500000014901161,0.03500000014901161,0.875,0.09000000357627869,0.8849999904632568,0.05999999865889549,0.054999999701976776,0.0,0.0,0.0,0.0,0.0,0.0
671,-320.30966666666666,0.0,0.03500000014901161,0.029999999329447746,0.9350000023841858,0.03500000014901161,0.029999999329447746,0.9350000023841858,0.03500000014901161,0.9350000023841858,0.029999999329447746,0.0,0.0,0.0,0.0,0.0,0.0
672,-111.56533333333331,0.0,0.04500000178813934,0.9150000214576721,0.03999999910593033,0.04500000178813934,0.8849999904632568,0.07000000029802322,0.8999999761581421,0.05000000074505806,0.05000000074505806,0.0,0.0,0.0,0.0,0.0,0.0
673,-34.026333333333326,0.0,0.03500000014901161,0.9350000023841858,0.029999999329447746,0.03500000014901161,0.9350000023841858,0.029999999329447746,0.03500000014901161,0.9350000023841858,0.029999999329447746,0.0,0.0,0.0,0.0,0.0,0.0
674,-119.06300000000006,0.0,0.05999999865889549,0.8999999761581421,0.03999999910593033,0.03999999910593033,0.8849999904632568,0.07500000298023224,0.8799999952316284,0.05999999865889549,0.05999999865889549,0.0,0.0,0.0,0.0,0.0,0.0
675,-237.98899999999998,0.0,0.03500000014901161,0.9350000023841858,0.029999999329447746,0.03500000014901161,0.925000011920929,0.03999999910593033,0.03500000014901161,0.9300000071525574,0.03500000014901161,0.0,0.0,0.0,0.0,0.0,0.0
676,-289.3523333333333,0.0,0.9399999976158142,0.029999999329447746,0.029999999329447746,0.9399999976158142,0.029999999329447746,0.029999999329447746,0.9399999976158142,0.029999999329447746,0.029999999329447746,0.0,0.0,0.0,0.0,0.0,0.0
677,-206.73633333333336,0.0,0.08500000089406967,0.8799999952316284,0.03500000014901161,0.03999999910593033,0.875,0.08500000089406967,0.8849999904632568,0.05000000074505806,0.06499999761581421,0.0,0.0,0.0,0.0,0.0,0.0
678,-407.75766666666686,0.0,0.03500000014901161,0.9350000023841858,0.029999999329447746,0.03500000014901161,0.9200000166893005,0.04500000178813934,0.03500000014901161,0.9200000166893005,0.04500000178813934,0.0,0.0,0.0,0.0,0.0,0.0
679,-63.1296666666667,0.0,0.03500000014901161,0.9350000023841858,0.029999999329447746,0.03500000014901161,0.9350000023841858,0.029999999329447746,0.9399999976158142,0.029999999329447746,0.029999999329447746,0.0,0.0,0.0,0.0,0.0,0.0
680,-296.54266666666666,0.0,0.03500000014901161,0.029999999329447746,0.9350000023841858,0.03500000014901161,0.9300000071525574,0.03500000014901161,0.03500000014901161,0.9350000023841858,0.029999999329447746,0.0,0.0,0.0,0.0,0.0,0.0
681,-189.87433333333334,0.0,0.03500000014901161,0.029999999329447746,0.9350000023841858,0.03500000014901161,0.9350000023841858,0.029999999329447746,0.03500000014901161,0.9350000023841858,0.029999999329447746,0.0,0.0,0.0,0.0,0.0,0.0
682,-218.82533333333322,0.0,0.07000000029802322,0.875,0.054999999701976776,0.03500000014901161,0.875,0.09000000357627869,0.8849999904632568,0.05000000074505806,0.06499999761581421,0.0,0.0,0.0,0.0,0.0,0.0
683,-250.68566666666678,0.0,0.07500000298023224,0.8799999952316284,0.04500000178813934,0.03999999910593033,0.875,0.08500000089406967,0.8799999952316284,0.03500000014901161,0.08500000089406967,0.0,0.0,0.0,0.0,0.0,0.0
684,-431.8756666666666,0.0,0.05000000074505806,0.06499999761581421,0.8849999904632568,0.8899999856948853,0.029999999329447746,0.07999999821186066,0.8949999809265137,0.03500000014901161,0.07000000029802322,0.0,0.0,0.0,0.0,0.0,0.0
685,-46.17133333333333,0.0,0.03500000014901161,0.9350000023841858,0.029999999329447746,0.03500000014901161,0.9350000023841858,0.029999999329447746,0.03500000014901161,0.9350000023841858,0.029999999329447746,0.0,0.0,0.0,0.0,0.0,0.0
686,-148.306,0.0,0.03500000014901161,0.9350000023841858,0.029999999329447746,0.03500000014901161,0.9350000023841858,0.029999999329447746,0.9399999976158142,0.029999999329447746,0.029999999329447746,0.0,0.0,0.0,0.0,0.0,0.0
687,-35.90433333333334,0.0,0.03500000014901161,0.9350000023841858,0.029999999329447746,0.03500000014901161,0.9350000023841858,0.029999999329447746,0.03500000014901161,0.9350000023841858,0.029999999329447746,0.0,0.0,0.0,0.0,0.0,0.0
688,-153.38000000000002,0.0,0.03500000014901161,0.9350000023841858,0.029999999329447746,0.03500000014901161,0.925000011920929,0.03999999910593033,0.03500000014901161,0.9300000071525574,0.03500000014901161,0.0,0.0,0.0,0.0,0.0,0.0
689,-208.54833333333346,0.0,0.03500000014901161,0.9350000023841858,0.029999999329447746,0.03999999910593033,0.925000011920929,0.03500000014901161,0.03500000014901161,0.03500000014901161,0.9300000071525574,0.0,0.0,0.0,0.0,0.0,0.0
690,-62.28533333333333,0.0,0.03500000014901161,0.9350000023841858,0.029999999329447746,0.9399999976158142,0.029999999329447746,0.029999999329447746,0.9399999976158142,0.029999999329447746,0.029999999329447746,0.0,0.0,0.0,0.0,0.0,0.0
691,-531.5376666666664,0.0,0.03500000014901161,0.9350000023841858,0.029999999329447746,0.03500000014901161,0.9350000023841858,0.029999999329447746,0.03500000014901161,0.9350000023841858,0.029999999329447746,0.0,0.0,0.0,0.0,0.0,0.0
692,-179.89299999999994,0.0,0.05000000074505806,0.8899999856948853,0.05999999865889549,0.03999999910593033,0.8849999904632568,0.07500000298023224,0.8899999856948853,0.029999999329447746,0.07999999821186066,0.0,0.0,0.0,0.0,0.0,0.0
693,-223.26366666666658,0.0,0.03500000014901161,0.9350000023841858,0.029999999329447746,0.03500000014901161,0.9350000023841858,0.029999999329447746,0.9399999976158142,0.029999999329447746,0.029999999329447746,0.0,0.0,0.0,0.0,0.0,0.0
694,-296.17166666666674,0.0,0.03999999910593033,0.9300000071525574,0.029999999329447746,0.9100000262260437,0.029999999329447746,0.05999999865889549,0.9399999976158142,0.029999999329447746,0.029999999329447746,0.0,0.0,0.0,0.0,0.0,0.0
695,-518.0693333333335,0.0,0.03500000014901161,0.9350000023841858,0.029999999329447746,0.03999999910593033,0.925000011920929,0.03500000014901161,0.03999999910593033,0.9300000071525574,0.029999999329447746,0.0,0.0,0.0,0.0,0.0,0.0
696,-64.13466666666669,0.0,0.03500000014901161,0.9300000071525574,0.03500000014901161,0.03500000014901161,0.925000011920929,0.03999999910593033,0.03500000014901161,0.9300000071525574,0.03500000014901161,0.0,0.0,0.0,0.0,0.0,0.0
697,-70.64300000000003,0.0,0.03500000014901161,0.9350000023841858,0.029999999329447746,0.03500000014901161,0.9350000023841858,0.029999999329447746,0.03500000014901161,0.9350000023841858,0.029999999329447746,0.0,0.0,0.0,0.0,0.0,0.0
698,-258.3556666666667,0.0,0.06499999761581421,0.8949999809265137,0.03999999910593033,0.03500000014901161,0.8899999856948853,0.07500000298023224,0.8949999809265137,0.03999999910593033,0.06499999761581421,0.0,0.0,0.0,0.0,0.0,0.0
699,-243.34233333333327,0.0,0.054999999701976776,0.8849999904632568,0.05999999865889549,0.03500000014901161,0.8799999952316284,0.08500000089406967,0.8899999856948853,0.03500000014901161,0.07500000298023224,0.0,0.0,0.0,0.0,0.0,0.0
700,-278.11666666666673,0.0,0.03500000014901161,0.9350000023841858,0.029999999329447746,0.03500000014901161,0.9350000023841858,0.029999999329447746,0.03500000014901161,0.9350000023841858,0.029999999329447746,0.0,0.0,0.0,0.0,0.0,0.0
701,-47.830999999999946,0.0,0.03500000014901161,0.9350000023841858,0.029999999329447746,0.03999999910593033,0.9200000166893005,0.03999999910593033,0.03500000014901161,0.9300000071525574,0.03500000014901161,0.0,0.0,0.0,0.0,0.0,0.0
702,-38.608333333333356,0.0,0.03500000014901161,0.029999999329447746,0.9350000023841858,0.03500000014901161,0.029999999329447746,0.9350000023841858,0.03500000014901161,0.029999999329447746,0.9350000023841858,0.0,0.0,0.0,0.0,0.0,0.0
703,-45.44866666666666,0.0,0.03500000014901161,0.029999999329447746,0.9350000023841858,0.03500000014901161,0.029999999329447746,0.9350000023841858,0.03500000014901161,0.029999999329447746,0.9350000023841858,0.0,0.0,0.0,0.0,0.0,0.0
704,-36.87633333333332,0.0,0.03500000014901161,0.9350000023841858,0.029999999329447746,0.03500000014901161,0.9350000023841858,0.029999999329447746,0.9399999976158142,0.029999999329447746,0.029999999329447746,0.0,0.0,0.0,0.0,0.0,0.0
705,-172.58433333333332,0.0,0.03500000014901161,0.029999999329447746,0.9350000023841858,0.04500000178813934,0.03500000014901161,0.9200000166893005,0.9200000166893005,0.03999999910593033,0.03999999910593033,0.0,0.0,0.0,0.0,0.0,0.0
706,-228.16299999999998,0.0,0.03500000014901161,0.9350000023841858,0.029999999329447746,0.03500000014901161,0.9300000071525574,0.03500000014901161,0.03500000014901161,0.9350000023841858,0.029999999329447746,0.0,0.0,0.0,0.0,0.0,0.0
707,-159.97800000000007,0.0,0.03500000014901161,0.9350000023841858,0.029999999329447746,0.03500000014901161,0.9350000023841858,0.029999999329447746,0.03500000014901161,0.9350000023841858,0.029999999329447746,0.0,0.0,0.0,0.0,0.0,0.0
708,-118.63899999999998,0.0,0.03500000014901161,0.9350000023841858,0.029999999329447746,0.054999999701976776,0.9100000262260437,0.03500000014901161,0.03500000014901161,0.9300000071525574,0.03500000014901161,0.0,0.0,0.0,0.0,0.0,0.0
709,-37.94133333333332,0.0,0.9399999976158142,0.029999999329447746,0.029999999329447746,0.9399999976158142,0.029999999329447746,0.029999999329447746,0.9399999976158142,0.029999999329447746,0.029999999329447746,0.0,0.0,0.0,0.0,0.0,0.0
710,-313.2213333333334,0.0,0.03500000014901161,0.9350000023841858,0.029999999329447746,0.03500000014901161,0.925000011920929,0.03999999910593033,0.03500000014901161,0.9350000023841858,0.029999999329447746,0.0,0.0,0.0,0.0,0.0,0.0
711,-41.031000000000006,0.0,0.9399999976158142,0.029999999329447746,0.029999999329447746,0.9399999976158142,0.029999999329447746,0.029999999329447746,0.9399999976158142,0.029999999329447746,0.029999999329447746,0.0,0.0,0.0,0.0,0.0,0.0
712,-137.94666666666666,0.0,0.03500000014901161,0.9300000071525574,0.03500000014901161,0.03500000014901161,0.925000011920929,0.03999999910593033,0.03500000014901161,0.9300000071525574,0.03500000014901161,0.0,0.0,0.0,0.0,0.0,0.0
713,-298.8503333333333,0.0,0.03500000014901161,0.9350000023841858,0.029999999329447746,0.03999999910593033,0.9300000071525574,0.029999999329447746,0.03500000014901161,0.9350000023841858,0.029999999329447746,0.0,0.0,0.0,0.0,0.0,0.0
714,-185.91733333333337,0.0,0.03500000014901161,0.9350000023841858,0.029999999329447746,0.04500000178813934,0.925000011920929,0.029999999329447746,0.03500000014901161,0.9350000023841858,0.029999999329447746,0.0,0.0,0.0,0.0,0.0,0.0
715,-169.9183333333333,0.0,0.054999999701976776,0.8849999904632568,0.05999999865889549,0.05000000074505806,0.8849999904632568,0.06499999761581421,0.8899999856948853,0.05000000074505806,0.05999999865889549,0.0,0.0,0.0,0.0,0.0,0.0
716,-365.797,0.0,0.03500000014901161,0.9350000023841858,0.029999999329447746,0.04500000178813934,0.9150000214576721,0.03999999910593033,0.03999999910593033,0.9300000071525574,0.029999999329447746,0.0,0.0,0.0,0.0,0.0,0.0
717,-261.0326666666667,0.0,0.03500000014901161,0.9350000023841858,0.029999999329447746,0.03500000014901161,0.9350000023841858,0.029999999329447746,0.03500000014901161,0.9350000023841858,0.029999999329447746,0.0,0.0,0.0,0.0,0.0,0.0
718,-231.38966666666656,0.0,0.07000000029802322,0.8849999904632568,0.04500000178813934,0.8899999856948853,0.029999999329447746,0.07999999821186066,0.8949999809265137,0.03999999910593033,0.06499999761581421,0.0,0.0,0.0,0.0,0.0,0.0
719,-164.74966666666663,0.0,0.03500000014901161,0.9350000023841858,0.029999999329447746,0.04500000178813934,0.9150000214576721,0.03999999910593033,0.03500000014901161,0.9350000023841858,0.029999999329447746,0.0,0.0,0.0,0.0,0.0,0.0
720,-108.92966666666668,0.0,0.03500000014901161,0.9350000023841858,0.029999999329447746,0.03500000014901161,0.9300000071525574,0.03500000014901161,0.03500000014901161,0.9350000023841858,0.029999999329447746,0.0,0.0,0.0,0.0,0.0,0.0
721,-334.5983333333334,0.0,0.03500000014901161,0.9350000023841858,0.029999999329447746,0.03500000014901161,0.9350000023841858,0.029999999329447746,0.03500000014901161,0.9350000023841858,0.029999999329447746,0.0,0.0,0.0,0.0,0.0,0.0
722,-312.76366666666655,0.0,0.03500000014901161,0.9350000023841858,0.029999999329447746,0.03999999910593033,0.9300000071525574,0.029999999329447746,0.03500000014901161,0.9350000023841858,0.029999999329447746,0.0,0.0,0.0,0.0,0.0,0.0
723,-413.74899999999985,0.0,0.07999999821186066,0.8849999904632568,0.03500000014901161,0.07500000298023224,0.8799999952316284,0.04500000178813934,0.8849999904632568,0.06499999761581421,0.05000000074505806,0.0,0.0,0.0,0.0,0.0,0.0
724,-217.24799999999988,0.0,0.07000000029802322,0.8799999952316284,0.05000000074505806,0.054999999701976776,0.8799999952316284,0.06499999761581421,0.8849999904632568,0.04500000178813934,0.07000000029802322,0.0,0.0,0.0,0.0,0.0,0.0
725,-68.82633333333337,0.0,0.03500000014901161,0.9350000023841858,0.029999999329447746,0.03500000014901161,0.9300000071525574,0.03500000014901161,0.03500000014901161,0.9350000023841858,0.029999999329447746,0.0,0.0,0.0,0.0,0.0,0.0
726,-73.441,0.0,0.03500000014901161,0.9350000023841858,0.029999999329447746,0.03500000014901161,0.9300000071525574,0.03500000014901161,0.925000011920929,0.03500000014901161,0.03999999910593033,0.0,0.0,0.0,0.0,0.0,0.0
727,-393.01966666666675,0.0,0.054999999701976776,0.9049999713897705,0.03999999910593033,0.03500000014901161,0.8899999856948853,0.07500000298023224,0.8999999761581421,0.054999999701976776,0.04500000178813934,0.0,0.0,0.0,0.0,0.0,0.0
728,-86.17266666666664,0.0,0.054999999701976776,0.9150000214576721,0.029999999329447746,0.05999999865889549,0.8799999952316284,0.05999999865889549,0.9150000214576721,0.03999999910593033,0.04500000178813934,0.0,0.0,0.0,0.0,0.0,0.0
729,-34.442666666666675,0.0,0.03500000014901161,0.9350000023841858,0.029999999329447746,0.03500000014901161,0.9350000023841858,0.029999999329447746,0.03500000014901161,0.9350000023841858,0.029999999329447746,0.0,0.0,0.0,0.0,0.0,0.0
730,-30.933333333333348,0.0,0.03500000014901161,0.9350000023841858,0.029999999329447746,0.9399999976158142,0.029999999329447746,0.029999999329447746,0.9399999976158142,0.029999999329447746,0.029999999329447746,0.0,0.0,0.0,0.0,0.0,0.0
731,-293.7803333333335,0.0,0.03500000014901161,0.9350000023841858,0.029999999329447746,0.03500000014901161,0.9350000023841858,0.029999999329447746,0.03500000014901161,0.9350000023841858,0.029999999329447746,0.0,0.0,0.0,0.0,0.0,0.0
732,-269.5796666666667,0.0,0.05000000074505806,0.04500000178813934,0.9049999713897705,0.054999999701976776,0.03999999910593033,0.9049999713897705,0.9049999713897705,0.04500000178813934,0.05000000074505806,0.0,0.0,0.0,0.0,0.0,0.0
733,-113.31166666666664,0.0,0.05999999865889549,0.029999999329447746,0.9100000262260437,0.03999999910593033,0.9100000262260437,0.05000000074505806,0.9100000262260437,0.04500000178813934,0.04500000178813934,0.0,0.0,0.0,0.0,0.0,0.0
734,-230.8823333333334,0.0,0.03500000014901161,0.9350000023841858,0.029999999329447746,0.03500000014901161,0.9350000023841858,0.029999999329447746,0.03500000014901161,0.9350000023841858,0.029999999329447746,0.0,0.0,0.0,0.0,0.0,0.0
735,-191.51666666666668,0.0,0.03500000014901161,0.9350000023841858,0.029999999329447746,0.03500000014901161,0.9350000023841858,0.029999999329447746,0.03500000014901161,0.9350000023841858,0.029999999329447746,0.0,0.0,0.0,0.0,0.0,0.0
736,-185.4869999999999,0.0,0.03500000014901161,0.029999999329447746,0.9350000023841858,0.9399999976158142,0.029999999329447746,0.029999999329447746,0.9399999976158142,0.029999999329447746,0.029999999329447746,0.0,0.0,0.0,0.0,0.0,0.0
737,-43.96900000000003,0.0,0.03500000014901161,0.9350000023841858,0.029999999329447746,0.05000000074505806,0.9200000166893005,0.029999999329447746,0.03500000014901161,0.9350000023841858,0.029999999329447746,0.0,0.0,0.0,0.0,0.0,0.0
738,-39.04666666666668,0.0,0.03500000014901161,0.9350000023841858,0.029999999329447746,0.03500000014901161,0.9350000023841858,0.029999999329447746,0.9399999976158142,0.029999999329447746,0.029999999329447746,0.0,0.0,0.0,0.0,0.0,0.0
739,-36.01666666666668,0.0,0.03500000014901161,0.9350000023841858,0.029999999329447746,0.03500000014901161,0.9350000023841858,0.029999999329447746,0.03500000014901161,0.9350000023841858,0.029999999329447746,0.0,0.0,0.0,0.0,0.0,0.0
740,-315.97133333333335,0.0,0.03500000014901161,0.9350000023841858,0.029999999329447746,0.05000000074505806,0.9150000214576721,0.03500000014901161,0.9150000214576721,0.04500000178813934,0.03999999910593033,0.0,0.0,0.0,0.0,0.0,0.0
741,-67.96333333333338,0.0,0.03500000014901161,0.9350000023841858,0.029999999329447746,0.03500000014901161,0.9350000023841858,0.029999999329447746,0.03500000014901161,0.9350000023841858,0.029999999329447746,0.0,0.0,0.0,0.0,0.0,0.0
742,-103.31600000000005,0.0,0.03500000014901161,0.029999999329447746,0.9350000023841858,0.03500000014901161,0.9350000023841858,0.029999999329447746,0.03500000014901161,0.9350000023841858,0.029999999329447746,0.0,0.0,0.0,0.0,0.0,0.0
743,-97.16466666666668,0.0,0.054999999701976776,0.8899999856948853,0.054999999701976776,0.05000000074505806,0.8799999952316284,0.07000000029802322,0.8849999904632568,0.05999999865889549,0.054999999701976776,0.0,0.0,0.0,0.0,0.0,0.0
744,-182.18666666666664,0.0,0.07000000029802322,0.8799999952316284,0.05000000074505806,0.03999999910593033,0.8799999952316284,0.07999999821186066,0.8849999904632568,0.05000000074505806,0.06499999761581421,0.0,0.0,0.0,0.0,0.0,0.0
745,-326.4606666666668,0.0,0.03500000014901161,0.9350000023841858,0.029999999329447746,0.04500000178813934,0.925000011920929,0.029999999329447746,0.03500000014901161,0.9350000023841858,0.029999999329447746,0.0,0.0,0.0,0.0,0.0,0.0
746,-378.0663333333333,0.0,0.03500000014901161,0.9350000023841858,0.029999999329447746,0.03500000014901161,0.9350000023841858,0.029999999329447746,0.03500000014901161,0.9350000023841858,0.029999999329447746,0.0,0.0,0.0,0.0,0.0,0.0
747,-184.0526666666667,0.0,0.03500000014901161,0.9350000023841858,0.029999999329447746,0.05000000074505806,0.9200000166893005,0.029999999329447746,0.03500000014901161,0.9350000023841858,0.029999999329447746,0.0,0.0,0.0,0.0,0.0,0.0
748,-145.692,0.0,0.03500000014901161,0.9350000023841858,0.029999999329447746,0.03999999910593033,0.9300000071525574,0.029999999329447746,0.03500000014901161,0.9350000023841858,0.029999999329447746,0.0,0.0,0.0,0.0,0.0,0.0
749,-30.85966666666668,0.0,0.03500000014901161,0.9350000023841858,0.029999999329447746,0.03500000014901161,0.9350000023841858,0.029999999329447746,0.03500000014901161,0.9350000023841858,0.029999999329447746,0.0,0.0,0.0,0.0,0.0,0.0
750,-92.82533333333335,0.0,0.03500000014901161,0.9350000023841858,0.029999999329447746,0.04500000178813934,0.029999999329447746,0.925000011920929,0.03500000014901161,0.029999999329447746,0.9350000023841858,0.0,0.0,0.0,0.0,0.0,0.0
751,-88.37933333333335,0.0,0.03500000014901161,0.9350000023841858,0.029999999329447746,0.03500000014901161,0.9350000023841858,0.029999999329447746,0.03500000014901161,0.9350000023841858,0.029999999329447746,0.0,0.0,0.0,0.0,0.0,0.0
752,-45.997666666666674,0.0,0.03500000014901161,0.9350000023841858,0.029999999329447746,0.9350000023841858,0.029999999329447746,0.03500000014901161,0.9399999976158142,0.029999999329447746,0.029999999329447746,0.0,0.0,0.0,0.0,0.0,0.0
753,-409.3800000000002,0.0,0.03500000014901161,0.9350000023841858,0.029999999329447746,0.03500000014901161,0.9350000023841858,0.029999999329447746,0.9399999976158142,0.029999999329447746,0.029999999329447746,0.0,0.0,0.0,0.0,0.0,0.0
754,-173.09766666666673,0.0,0.03500000014901161,0.9350000023841858,0.029999999329447746,0.03999999910593033,0.9300000071525574,0.029999999329447746,0.03500000014901161,0.9350000023841858,0.029999999329447746,0.0,0.0,0.0,0.0,0.0,0.0
755,-40.78266666666664,0.0,0.03500000014901161,0.9350000023841858,0.029999999329447746,0.03500000014901161,0.9350000023841858,0.029999999329447746,0.03500000014901161,0.9350000023841858,0.029999999329447746,0.0,0.0,0.0,0.0,0.0,0.0
756,-30.63400000000001,0.0,0.03500000014901161,0.9350000023841858,0.029999999329447746,0.03500000014901161,0.9350000023841858,0.029999999329447746,0.9399999976158142,0.029999999329447746,0.029999999329447746,0.0,0.0,0.0,0.0,0.0,0.0
757,-188.1423333333334,0.0,0.03999999910593033,0.9300000071525574,0.029999999329447746,0.04500000178813934,0.8949999809265137,0.05999999865889549,0.9100000262260437,0.04500000178813934,0.04500000178813934,0.0,0.0,0.0,0.0,0.0,0.0
758,-55.9116666666667,0.0,0.03500000014901161,0.029999999329447746,0.9350000023841858,0.03500000014901161,0.029999999329447746,0.9350000023841858,0.03500000014901161,0.9350000023841858,0.029999999329447746,0.0,0.0,0.0,0.0,0.0,0.0
759,-127.68066666666664,0.0,0.03999999910593033,0.9300000071525574,0.029999999329447746,0.03999999910593033,0.9100000262260437,0.05000000074505806,0.925000011920929,0.03500000014901161,0.03999999910593033,0.0,0.0,0.0,0.0,0.0,0.0
760,-35.68333333333332,0.0,0.03500000014901161,0.9350000023841858,0.029999999329447746,0.9350000023841858,0.029999999329447746,0.03500000014901161,0.9399999976158142,0.029999999329447746,0.029999999329447746,0.0,0.0,0.0,0.0,0.0,0.0
761,-83.47733333333333,0.0,0.03500000014901161,0.9350000023841858,0.029999999329447746,0.03500000014901161,0.9350000023841858,0.029999999329447746,0.03500000014901161,0.9350000023841858,0.029999999329447746,0.0,0.0,0.0,0.0,0.0,0.0
762,-78.00533333333335,0.0,0.03500000014901161,0.9350000023841858,0.029999999329447746,0.03500000014901161,0.9350000023841858,0.029999999329447746,0.03500000014901161,0.9350000023841858,0.029999999329447746,0.0,0.0,0.0,0.0,0.0,0.0
763,-93.66866666666665,0.0,0.03500000014901161,0.9350000023841858,0.029999999329447746,0.04500000178813934,0.925000011920929,0.029999999329447746,0.03999999910593033,0.9300000071525574,0.029999999329447746,0.0,0.0,0.0,0.0,0.0,0.0
764,-129.58200000000005,0.0,0.03500000014901161,0.9350000023841858,0.029999999329447746,0.03500000014901161,0.9350000023841858,0.029999999329447746,0.9399999976158142,0.029999999329447746,0.029999999329447746,0.0,0.0,0.0,0.0,0.0,0.0
765,-60.36333333333333,0.0,0.03500000014901161,0.029999999329447746,0.9350000023841858,0.04500000178813934,0.029999999329447746,0.925000011920929,0.03500000014901161,0.029999999329447746,0.9350000023841858,0.0,0.0,0.0,0.0,0.0,0.0
766,-251.5433333333334,0.0,0.9399999976158142,0.029999999329447746,0.029999999329447746,0.9399999976158142,0.029999999329447746,0.029999999329447746,0.9399999976158142,0.029999999329447746,0.029999999329447746,0.0,0.0,0.0,0.0,0.0,0.0
767,-102.31400000000005,0.0,0.03500000014901161,0.9350000023841858,0.029999999329447746,0.04500000178813934,0.925000011920929,0.029999999329447746,0.03500000014901161,0.9350000023841858,0.029999999329447746,0.0,0.0,0.0,0.0,0.0,0.0
768,-98.70433333333341,0.0,0.03500000014901161,0.9350000023841858,0.029999999329447746,0.03500000014901161,0.9350000023841858,0.029999999329447746,0.9399999976158142,0.029999999329447746,0.029999999329447746,0.0,0.0,0.0,0.0,0.0,0.0
769,-132.8963333333333,0.0,0.03500000014901161,0.9350000023841858,0.029999999329447746,0.03500000014901161,0.9350000023841858,0.029999999329447746,0.03500000014901161,0.9350000023841858,0.029999999329447746,0.0,0.0,0.0,0.0,0.0,0.0
770,-261.1056666666666,0.0,0.03500000014901161,0.9350000023841858,0.029999999329447746,0.03500000014901161,0.9350000023841858,0.029999999329447746,0.03500000014901161,0.9350000023841858,0.029999999329447746,0.0,0.0,0.0,0.0,0.0,0.0
771,-308.24066666666664,0.0,0.03500000014901161,0.9350000023841858,0.029999999329447746,0.03500000014901161,0.9350000023841858,0.029999999329447746,0.9399999976158142,0.029999999329447746,0.029999999329447746,0.0,0.0,0.0,0.0,0.0,0.0
772,-51.33266666666665,0.0,0.03500000014901161,0.9350000023841858,0.029999999329447746,0.03500000014901161,0.9300000071525574,0.03500000014901161,0.03500000014901161,0.9350000023841858,0.029999999329447746,0.0,0.0,0.0,0.0,0.0,0.0
773,-179.81866666666653,0.0,0.03500000014901161,0.9350000023841858,0.029999999329447746,0.03999999910593033,0.029999999329447746,0.9300000071525574,0.03500000014901161,0.9350000023841858,0.029999999329447746,0.0,0.0,0.0,0.0,0.0,0.0
774,-44.54633333333332,0.0,0.03500000014901161,0.9350000023841858,0.029999999329447746,0.03500000014901161,0.9350000023841858,0.029999999329447746,0.03500000014901161,0.9350000023841858,0.029999999329447746,0.0,0.0,0.0,0.0,0.0,0.0
775,-215.69266666666658,0.0,0.03500000014901161,0.9350000023841858,0.029999999329447746,0.03999999910593033,0.925000011920929,0.03500000014901161,0.03999999910593033,0.9300000071525574,0.029999999329447746,0.0,0.0,0.0,0.0,0.0,0.0
776,-55.618333333333304,0.0,0.03999999910593033,0.9300000071525574,0.029999999329447746,0.925000011920929,0.03999999910593033,0.03500000014901161,0.9350000023841858,0.029999999329447746,0.03500000014901161,0.0,0.0,0.0,0.0,0.0,0.0
777,-287.2126666666667,0.0,0.03500000014901161,0.9350000023841858,0.029999999329447746,0.03500000014901161,0.9350000023841858,0.029999999329447746,0.03500000014901161,0.9350000023841858,0.029999999329447746,0.0,0.0,0.0,0.0,0.0,0.0
778,-47.30400000000002,0.0,0.03500000014901161,0.9350000023841858,0.029999999329447746,0.03500000014901161,0.9350000023841858,0.029999999329447746,0.9350000023841858,0.03500000014901161,0.029999999329447746,0.0,0.0,0.0,0.0,0.0,0.0
779,-80.75666666666666,0.0,0.05999999865889549,0.8999999761581421,0.03999999910593033,0.054999999701976776,0.8999999761581421,0.04500000178813934,0.9100000262260437,0.04500000178813934,0.04500000178813934,0.0,0.0,0.0,0.0,0.0,0.0
780,-119.29000000000003,0.0,0.03500000014901161,0.9350000023841858,0.029999999329447746,0.03500000014901161,0.9350000023841858,0.029999999329447746,0.03500000014901161,0.9350000023841858,0.029999999329447746,0.0,0.0,0.0,0.0,0.0,0.0
781,-47.45966666666668,0.0,0.03500000014901161,0.9350000023841858,0.029999999329447746,0.03500000014901161,0.9350000023841858,0.029999999329447746,0.9399999976158142,0.029999999329447746,0.029999999329447746,0.0,0.0,0.0,0.0,0.0,0.0
782,-171.63366666666664,0.0,0.07000000029802322,0.8899999856948853,0.03999999910593033,0.05000000074505806,0.8849999904632568,0.06499999761581421,0.9100000262260437,0.04500000178813934,0.04500000178813934,0.0,0.0,0.0,0.0,0.0,0.0
783,-174.96499999999992,0.0,0.05999999865889549,0.9100000262260437,0.029999999329447746,0.04500000178813934,0.9100000262260437,0.04500000178813934,0.9100000262260437,0.05000000074505806,0.03999999910593033,0.0,0.0,0.0,0.0,0.0,0.0
784,-39.95800000000001,0.0,0.03500000014901161,0.9350000023841858,0.029999999329447746,0.03999999910593033,0.9300000071525574,0.029999999329447746,0.03500000014901161,0.9350000023841858,0.029999999329447746,0.0,0.0,0.0,0.0,0.0,0.0
785,-34.14666666666666,0.0,0.03500000014901161,0.9350000023841858,0.029999999329447746,0.03500000014901161,0.9350000023841858,0.029999999329447746,0.03500000014901161,0.9350000023841858,0.029999999329447746,0.0,0.0,0.0,0.0,0.0,0.0
786,-216.12133333333338,0.0,0.06499999761581421,0.8949999809265137,0.03999999910593033,0.05999999865889549,0.8899999856948853,0.05000000074505806,0.8999999761581421,0.04500000178813934,0.054999999701976776,0.0,0.0,0.0,0.0,0.0,0.0
787,-268.3426666666667,0.0,0.03500000014901161,0.9350000023841858,0.029999999329447746,0.04500000178813934,0.925000011920929,0.029999999329447746,0.03500000014901161,0.9350000023841858,0.029999999329447746,0.0,0.0,0.0,0.0,0.0,0.0
788,-45.21166666666667,0.0,0.03500000014901161,0.9350000023841858,0.029999999329447746,0.04500000178813934,0.925000011920929,0.029999999329447746,0.03500000014901161,0.9350000023841858,0.029999999329447746,0.0,0.0,0.0,0.0,0.0,0.0
789,-198.1496666666666,0.0,0.9350000023841858,0.029999999329447746,0.03500000014901161,0.9399999976158142,0.029999999329447746,0.029999999329447746,0.9399999976158142,0.029999999329447746,0.029999999329447746,0.0,0.0,0.0,0.0,0.0,0.0
790,-90.44566666666665,0.0,0.03500000014901161,0.9350000023841858,0.029999999329447746,0.03500000014901161,0.9350000023841858,0.029999999329447746,0.9399999976158142,0.029999999329447746,0.029999999329447746,0.0,0.0,0.0,0.0,0.0,0.0
791,-403.59066666666666,0.0,0.03500000014901161,0.9350000023841858,0.029999999329447746,0.03500000014901161,0.9350000023841858,0.029999999329447746,0.03500000014901161,0.9350000023841858,0.029999999329447746,0.0,0.0,0.0,0.0,0.0,0.0
792,-157.79966666666667,0.0,0.03500000014901161,0.9350000023841858,0.029999999329447746,0.03500000014901161,0.9350000023841858,0.029999999329447746,0.03500000014901161,0.9350000023841858,0.029999999329447746,0.0,0.0,0.0,0.0,0.0,0.0
793,-653.3406666666667,0.0,0.03500000014901161,0.029999999329447746,0.9350000023841858,0.03999999910593033,0.9300000071525574,0.029999999329447746,0.03500000014901161,0.9350000023841858,0.029999999329447746,0.0,0.0,0.0,0.0,0.0,0.0
794,-58.986999999999995,0.0,0.03500000014901161,0.9350000023841858,0.029999999329447746,0.03999999910593033,0.9300000071525574,0.029999999329447746,0.03500000014901161,0.9350000023841858,0.029999999329447746,0.0,0.0,0.0,0.0,0.0,0.0
795,-298.6196666666668,0.0,0.03500000014901161,0.9350000023841858,0.029999999329447746,0.03999999910593033,0.9300000071525574,0.029999999329447746,0.03500000014901161,0.9350000023841858,0.029999999329447746,0.0,0.0,0.0,0.0,0.0,0.0
796,-184.43633333333335,0.0,0.03500000014901161,0.9350000023841858,0.029999999329447746,0.04500000178813934,0.925000011920929,0.029999999329447746,0.9300000071525574,0.03999999910593033,0.029999999329447746,0.0,0.0,0.0,0.0,0.0,0.0
797,-54.09099999999999,0.0,0.03999999910593033,0.029999999329447746,0.9300000071525574,0.05000000074505806,0.9150000214576721,0.03500000014901161,0.925000011920929,0.03999999910593033,0.03500000014901161,0.0,0.0,0.0,0.0,0.0,0.0
798,-223.16833333333324,0.0,0.03500000014901161,0.9350000023841858,0.029999999329447746,0.03999999910593033,0.9300000071525574,0.029999999329447746,0.03500000014901161,0.9350000023841858,0.029999999329447746,0.0,0.0,0.0,0.0,0.0,0.0
799,-207.53299999999996,0.0,0.03500000014901161,0.9350000023841858,0.029999999329447746,0.03500000014901161,0.9350000023841858,0.029999999329447746,0.03500000014901161,0.9350000023841858,0.029999999329447746,0.0,0.0,0.0,0.0,0.0,0.0
800,-470.28700000000003,0.0,0.06499999761581421,0.8949999809265137,0.03999999910593033,0.8949999809265137,0.03999999910593033,0.06499999761581421,0.9150000214576721,0.03999999910593033,0.04500000178813934,0.0,0.0,0.0,0.0,0.0,0.0
801,-315.9203333333335,0.0,0.07000000029802322,0.8799999952316284,0.05000000074505806,0.05000000074505806,0.8799999952316284,0.07000000029802322,0.8999999761581421,0.04500000178813934,0.054999999701976776,0.0,0.0,0.0,0.0,0.0,0.0
802,-378.97600000000006,0.0,0.03500000014901161,0.9350000023841858,0.029999999329447746,0.05000000074505806,0.9200000166893005,0.029999999329447746,0.03500000014901161,0.9350000023841858,0.029999999329447746,0.0,0.0,0.0,0.0,0.0,0.0
803,-32.905666666666654,0.0,0.03500000014901161,0.9350000023841858,0.029999999329447746,0.04500000178813934,0.925000011920929,0.029999999329447746,0.03500000014901161,0.9350000023841858,0.029999999329447746,0.0,0.0,0.0,0.0,0.0,0.0
804,-187.99766666666673,0.0,0.03500000014901161,0.9350000023841858,0.029999999329447746,0.03500000014901161,0.9350000023841858,0.029999999329447746,0.03500000014901161,0.9350000023841858,0.029999999329447746,0.0,0.0,0.0,0.0,0.0,0.0
805,-221.9833333333333,0.0,0.03500000014901161,0.9350000023841858,0.029999999329447746,0.03500000014901161,0.9350000023841858,0.029999999329447746,0.03500000014901161,0.9350000023841858,0.029999999329447746,0.0,0.0,0.0,0.0,0.0,0.0
806,-44.51233333333332,0.0,0.03500000014901161,0.9350000023841858,0.029999999329447746,0.05000000074505806,0.9200000166893005,0.029999999329447746,0.03500000014901161,0.9350000023841858,0.029999999329447746,0.0,0.0,0.0,0.0,0.0,0.0
807,-54.33099999999999,0.0,0.9399999976158142,0.029999999329447746,0.029999999329447746,0.9399999976158142,0.029999999329447746,0.029999999329447746,0.9399999976158142,0.029999999329447746,0.029999999329447746,0.0,0.0,0.0,0.0,0.0,0.0
808,-31.451000000000008,0.0,0.03500000014901161,0.029999999329447746,0.9350000023841858,0.03500000014901161,0.9350000023841858,0.029999999329447746,0.03500000014901161,0.9350000023841858,0.029999999329447746,0.0,0.0,0.0,0.0,0.0,0.0
809,-34.03933333333333,0.0,0.03500000014901161,0.9350000023841858,0.029999999329447746,0.04500000178813934,0.925000011920929,0.029999999329447746,0.03500000014901161,0.9350000023841858,0.029999999329447746,0.0,0.0,0.0,0.0,0.0,0.0
810,-45.387333333333316,0.0,0.03500000014901161,0.9350000023841858,0.029999999329447746,0.04500000178813934,0.925000011920929,0.029999999329447746,0.9300000071525574,0.029999999329447746,0.03999999910593033,0.0,0.0,0.0,0.0,0.0,0.0
811,-45.23833333333332,0.0,0.03500000014901161,0.9350000023841858,0.029999999329447746,0.03500000014901161,0.9350000023841858,0.029999999329447746,0.03500000014901161,0.9350000023841858,0.029999999329447746,0.0,0.0,0.0,0.0,0.0,0.0
812,-183.5556666666666,0.0,0.07500000298023224,0.8799999952316284,0.04500000178813934,0.09000000357627869,0.875,0.03500000014901161,0.9049999713897705,0.03500000014901161,0.05999999865889549,0.0,0.0,0.0,0.0,0.0,0.0
813,-36.78099999999999,0.0,0.03500000014901161,0.029999999329447746,0.9350000023841858,0.03500000014901161,0.9350000023841858,0.029999999329447746,0.03500000014901161,0.9350000023841858,0.029999999329447746,0.0,0.0,0.0,0.0,0.0,0.0
814,-326.822,0.0,0.03500000014901161,0.9350000023841858,0.029999999329447746,0.03500000014901161,0.9350000023841858,0.029999999329447746,0.03500000014901161,0.9350000023841858,0.029999999329447746,0.0,0.0,0.0,0.0,0.0,0.0
815,-190.41066666666669,0.0,0.03500000014901161,0.9350000023841858,0.029999999329447746,0.03500000014901161,0.9350000023841858,0.029999999329447746,0.03500000014901161,0.9350000023841858,0.029999999329447746,0.0,0.0,0.0,0.0,0.0,0.0
816,-39.04733333333332,0.0,0.03500000014901161,0.9350000023841858,0.029999999329447746,0.04500000178813934,0.925000011920929,0.029999999329447746,0.03500000014901161,0.9350000023841858,0.029999999329447746,0.0,0.0,0.0,0.0,0.0,0.0
817,-57.39733333333336,0.0,0.9150000214576721,0.029999999329447746,0.054999999701976776,0.9300000071525574,0.03500000014901161,0.03500000014901161,0.9399999976158142,0.029999999329447746,0.029999999329447746,0.0,0.0,0.0,0.0,0.0,0.0
818,-415.7523333333333,0.0,0.03500000014901161,0.9350000023841858,0.029999999329447746,0.03999999910593033,0.9300000071525574,0.029999999329447746,0.03500000014901161,0.9350000023841858,0.029999999329447746,0.0,0.0,0.0,0.0,0.0,0.0
819,-56.436333333333344,0.0,0.03500000014901161,0.9350000023841858,0.029999999329447746,0.03999999910593033,0.925000011920929,0.03500000014901161,0.9300000071525574,0.03500000014901161,0.03500000014901161,0.0,0.0,0.0,0.0,0.0,0.0
820,-177.64899999999986,0.0,0.03500000014901161,0.9350000023841858,0.029999999329447746,0.03500000014901161,0.9350000023841858,0.029999999329447746,0.03500000014901161,0.9350000023841858,0.029999999329447746,0.0,0.0,0.0,0.0,0.0,0.0
821,-223.22233333333338,0.0,0.03500000014901161,0.9350000023841858,0.029999999329447746,0.03500000014901161,0.9350000023841858,0.029999999329447746,0.9399999976158142,0.029999999329447746,0.029999999329447746,0.0,0.0,0.0,0.0,0.0,0.0
822,-149.65266666666665,0.0,0.03500000014901161,0.9350000023841858,0.029999999329447746,0.03500000014901161,0.9350000023841858,0.029999999329447746,0.03500000014901161,0.9350000023841858,0.029999999329447746,0.0,0.0,0.0,0.0,0.0,0.0
823,-275.08433333333335,0.0,0.03500000014901161,0.9350000023841858,0.029999999329447746,0.03500000014901161,0.9350000023841858,0.029999999329447746,0.03500000014901161,0.9350000023841858,0.029999999329447746,0.0,0.0,0.0,0.0,0.0,0.0
824,-34.44633333333333,0.0,0.03500000014901161,0.9350000023841858,0.029999999329447746,0.03999999910593033,0.9300000071525574,0.029999999329447746,0.03500000014901161,0.9350000023841858,0.029999999329447746,0.0,0.0,0.0,0.0,0.0,0.0
