episode,reward,service_level,agent0_rule0,agent0_rule1,agent0_rule2,agent1_rule0,agent1_rule1,agent1_rule2,agent2_rule0,agent2_rule1,agent2_rule2,agent0_order_variance,agent1_order_variance,agent2_order_variance,agent0_bullwhip,agent1_bullwhip,agent2_bullwhip
0,-647.8608333333332,0.0,0.05000000074505806,0.8799999952316284,0.07000000029802322,0.04500000178813934,0.8849999904632568,0.07000000029802322,0.8849999904632568,0.05000000074505806,0.06499999761581421,0.0,0.0,0.0,0.0,0.0,0.0
1,-48.45166666666667,0.0,0.03500000014901161,0.9350000023841858,0.029999999329447746,0.03500000014901161,0.9300000071525574,0.03500000014901161,0.03500000014901161,0.9350000023841858,0.029999999329447746,0.0,0.0,0.0,0.0,0.0,0.0
2,-34.380000000000024,0.0,0.03500000014901161,0.9350000023841858,0.029999999329447746,0.03500000014901161,0.9350000023841858,0.029999999329447746,0.03500000014901161,0.9350000023841858,0.029999999329447746,0.0,0.0,0.0,0.0,0.0,0.0
3,-62.75416666666663,0.0,0.03500000014901161,0.9350000023841858,0.029999999329447746,0.04500000178813934,0.9200000166893005,0.03500000014901161,0.03500000014901161,0.9350000023841858,0.029999999329447746,0.0,0.0,0.0,0.0,0.0,0.0
4,-100.66750000000002,0.0,0.03500000014901161,0.9350000023841858,0.029999999329447746,0.03500000014901161,0.925000011920929,0.03999999910593033,0.03500000014901161,0.9350000023841858,0.029999999329447746,0.0,0.0,0.0,0.0,0.0,0.0
5,-53.05333333333332,0.0,0.03500000014901161,0.9350000023841858,0.029999999329447746,0.03500000014901161,0.925000011920929,0.03999999910593033,0.03500000014901161,0.9350000023841858,0.029999999329447746,0.0,0.0,0.0,0.0,0.0,0.0
6,-81.76416666666664,0.0,0.03500000014901161,0.9350000023841858,0.029999999329447746,0.04500000178813934,0.9200000166893005,0.03500000014901161,0.03500000014901161,0.9350000023841858,0.029999999329447746,0.0,0.0,0.0,0.0,0.0,0.0
7,-596.0750000000002,0.0,0.03500000014901161,0.9350000023841858,0.029999999329447746,0.03999999910593033,0.9300000071525574,0.029999999329447746,0.03500000014901161,0.9300000071525574,0.03500000014901161,0.0,0.0,0.0,0.0,0.0,0.0
8,-34.34250000000001,0.0,0.03500000014901161,0.9350000023841858,0.029999999329447746,0.03500000014901161,0.9350000023841858,0.029999999329447746,0.03500000014901161,0.9350000023841858,0.029999999329447746,0.0,0.0,0.0,0.0,0.0,0.0
9,-43.51666666666667,0.0,0.9399999976158142,0.029999999329447746,0.029999999329447746,0.9399999976158142,0.029999999329447746,0.029999999329447746,0.9399999976158142,0.029999999329447746,0.029999999329447746,0.0,0.0,0.0,0.0,0.0,0.0
10,-31.82500000000001,0.0,0.03500000014901161,0.029999999329447746,0.9350000023841858,0.03500000014901161,0.9350000023841858,0.029999999329447746,0.03500000014901161,0.9350000023841858,0.029999999329447746,0.0,0.0,0.0,0.0,0.0,0.0
11,-497.8966666666666,0.0,0.03500000014901161,0.9350000023841858,0.029999999329447746,0.9399999976158142,0.029999999329447746,0.029999999329447746,0.9399999976158142,0.029999999329447746,0.029999999329447746,0.0,0.0,0.0,0.0,0.0,0.0
12,-17.020000000000014,0.0,0.03500000014901161,0.9350000023841858,0.029999999329447746,0.03500000014901161,0.9350000023841858,0.029999999329447746,0.03500000014901161,0.9350000023841858,0.029999999329447746,0.0,0.0,0.0,0.0,0.0,0.0
13,-364.2541666666667,0.0,0.03500000014901161,0.8849999904632568,0.07999999821186066,0.03999999910593033,0.8899999856948853,0.07000000029802322,0.8899999856948853,0.03500000014901161,0.07500000298023224,0.0,0.0,0.0,0.0,0.0,0.0
14,-30.025,0.0,0.03500000014901161,0.9350000023841858,0.029999999329447746,0.03500000014901161,0.9300000071525574,0.03500000014901161,0.03500000014901161,0.9350000023841858,0.029999999329447746,0.0,0.0,0.0,0.0,0.0,0.0
15,-27.270833333333318,0.0,0.03500000014901161,0.029999999329447746,0.9350000023841858,0.03500000014901161,0.9350000023841858,0.029999999329447746,0.03500000014901161,0.9350000023841858,0.029999999329447746,0.0,0.0,0.0,0.0,0.0,0.0
16,-35.66916666666666,0.0,0.03500000014901161,0.9350000023841858,0.029999999329447746,0.04500000178813934,0.9200000166893005,0.03500000014901161,0.03999999910593033,0.9300000071525574,0.029999999329447746,0.0,0.0,0.0,0.0,0.0,0.0
17,-22.91,0.0,0.03500000014901161,0.9350000023841858,0.029999999329447746,0.03500000014901161,0.9350000023841858,0.029999999329447746,0.9399999976158142,0.029999999329447746,0.029999999329447746,0.0,0.0,0.0,0.0,0.0,0.0
18,-28.695833333333336,0.0,0.03500000014901161,0.9350000023841858,0.029999999329447746,0.03500000014901161,0.9350000023841858,0.029999999329447746,0.03500000014901161,0.9350000023841858,0.029999999329447746,0.0,0.0,0.0,0.0,0.0,0.0
19,-411.36916666666673,0.0,0.04500000178813934,0.8849999904632568,0.07000000029802322,0.054999999701976776,0.8799999952316284,0.06499999761581421,0.8799999952316284,0.04500000178813934,0.07500000298023224,0.0,0.0,0.0,0.0,0.0,0.0
20,-357.31666666666666,0.0,0.03500000014901161,0.9049999713897705,0.05999999865889549,0.04500000178813934,0.8999999761581421,0.054999999701976776,0.9049999713897705,0.03500000014901161,0.05999999865889549,0.0,0.0,0.0,0.0,0.0,0.0
21,-25.389166666666664,0.0,0.03500000014901161,0.9350000023841858,0.029999999329447746,0.03500000014901161,0.9350000023841858,0.029999999329447746,0.9399999976158142,0.029999999329447746,0.029999999329447746,0.0,0.0,0.0,0.0,0.0,0.0
22,-25.999999999999996,0.0,0.03500000014901161,0.9350000023841858,0.029999999329447746,0.03500000014901161,0.9350000023841858,0.029999999329447746,0.03500000014901161,0.9350000023841858,0.029999999329447746,0.0,0.0,0.0,0.0,0.0,0.0
23,-502.3066666666665,0.0,0.03500000014901161,0.8849999904632568,0.07999999821186066,0.04500000178813934,0.8799999952316284,0.07500000298023224,0.8849999904632568,0.03500000014901161,0.07999999821186066,0.0,0.0,0.0,0.0,0.0,0.0
24,-131.3025,0.0,0.04500000178813934,0.9049999713897705,0.05000000074505806,0.05000000074505806,0.8899999856948853,0.05999999865889549,0.8949999809265137,0.029999999329447746,0.07500000298023224,0.0,0.0,0.0,0.0,0.0,0.0
0,-279.03533333333326,0.0,0.03500000014901161,0.9350000023841858,0.029999999329447746,0.03500000014901161,0.9350000023841858,0.029999999329447746,0.9300000071525574,0.029999999329447746,0.03999999910593033,0.0,0.0,0.0,0.0,0.0,0.0
1,-70.4316666666667,0.0,0.03500000014901161,0.9350000023841858,0.029999999329447746,0.03999999910593033,0.925000011920929,0.03500000014901161,0.03500000014901161,0.9350000023841858,0.029999999329447746,0.0,0.0,0.0,0.0,0.0,0.0
2,-282.5183333333334,0.0,0.05999999865889549,0.8799999952316284,0.05999999865889549,0.07500000298023224,0.8799999952316284,0.04500000178813934,0.8849999904632568,0.06499999761581421,0.05000000074505806,0.0,0.0,0.0,0.0,0.0,0.0
3,-40.79366666666669,0.0,0.9399999976158142,0.029999999329447746,0.029999999329447746,0.9399999976158142,0.029999999329447746,0.029999999329447746,0.9399999976158142,0.029999999329447746,0.029999999329447746,0.0,0.0,0.0,0.0,0.0,0.0
4,-216.5583333333334,0.0,0.03500000014901161,0.9350000023841858,0.029999999329447746,0.03500000014901161,0.9350000023841858,0.029999999329447746,0.9399999976158142,0.029999999329447746,0.029999999329447746,0.0,0.0,0.0,0.0,0.0,0.0
5,-157.00800000000004,0.0,0.03500000014901161,0.9350000023841858,0.029999999329447746,0.03999999910593033,0.9300000071525574,0.029999999329447746,0.03500000014901161,0.9350000023841858,0.029999999329447746,0.0,0.0,0.0,0.0,0.0,0.0
6,-29.93066666666669,0.0,0.03500000014901161,0.9350000023841858,0.029999999329447746,0.03500000014901161,0.9350000023841858,0.029999999329447746,0.03500000014901161,0.9350000023841858,0.029999999329447746,0.0,0.0,0.0,0.0,0.0,0.0
7,-178.93999999999994,0.0,0.06499999761581421,0.8799999952316284,0.054999999701976776,0.06499999761581421,0.8799999952316284,0.054999999701976776,0.8849999904632568,0.054999999701976776,0.05999999865889549,0.0,0.0,0.0,0.0,0.0,0.0
8,-153.12666666666672,0.0,0.9399999976158142,0.029999999329447746,0.029999999329447746,0.9399999976158142,0.029999999329447746,0.029999999329447746,0.9399999976158142,0.029999999329447746,0.029999999329447746,0.0,0.0,0.0,0.0,0.0,0.0
9,-252.7173333333334,0.0,0.054999999701976776,0.9049999713897705,0.03999999910593033,0.054999999701976776,0.8899999856948853,0.054999999701976776,0.8949999809265137,0.054999999701976776,0.05000000074505806,0.0,0.0,0.0,0.0,0.0,0.0
10,-47.81999999999998,0.0,0.03500000014901161,0.9350000023841858,0.029999999329447746,0.03999999910593033,0.9300000071525574,0.029999999329447746,0.03500000014901161,0.9350000023841858,0.029999999329447746,0.0,0.0,0.0,0.0,0.0,0.0
11,-96.68066666666671,0.0,0.07500000298023224,0.8849999904632568,0.03999999910593033,0.8899999856948853,0.054999999701976776,0.054999999701976776,0.8949999809265137,0.05000000074505806,0.054999999701976776,0.0,0.0,0.0,0.0,0.0,0.0
12,-253.88733333333323,0.0,0.03500000014901161,0.9350000023841858,0.029999999329447746,0.04500000178813934,0.925000011920929,0.029999999329447746,0.03500000014901161,0.9350000023841858,0.029999999329447746,0.0,0.0,0.0,0.0,0.0,0.0
13,-236.8269999999998,0.0,0.03500000014901161,0.029999999329447746,0.9350000023841858,0.03500000014901161,0.9350000023841858,0.029999999329447746,0.9399999976158142,0.029999999329447746,0.029999999329447746,0.0,0.0,0.0,0.0,0.0,0.0
14,-49.138666666666666,0.0,0.03500000014901161,0.9350000023841858,0.029999999329447746,0.03999999910593033,0.9300000071525574,0.029999999329447746,0.03500000014901161,0.9350000023841858,0.029999999329447746,0.0,0.0,0.0,0.0,0.0,0.0
15,-80.84633333333335,0.0,0.03500000014901161,0.9350000023841858,0.029999999329447746,0.03999999910593033,0.9300000071525574,0.029999999329447746,0.03500000014901161,0.9350000023841858,0.029999999329447746,0.0,0.0,0.0,0.0,0.0,0.0
16,-43.93666666666665,0.0,0.03500000014901161,0.9350000023841858,0.029999999329447746,0.03500000014901161,0.9350000023841858,0.029999999329447746,0.03500000014901161,0.9350000023841858,0.029999999329447746,0.0,0.0,0.0,0.0,0.0,0.0
17,-95.09633333333336,0.0,0.03500000014901161,0.9350000023841858,0.029999999329447746,0.03500000014901161,0.9350000023841858,0.029999999329447746,0.03500000014901161,0.9350000023841858,0.029999999329447746,0.0,0.0,0.0,0.0,0.0,0.0
18,-65.22500000000005,0.0,0.03500000014901161,0.9350000023841858,0.029999999329447746,0.03500000014901161,0.9350000023841858,0.029999999329447746,0.03500000014901161,0.9350000023841858,0.029999999329447746,0.0,0.0,0.0,0.0,0.0,0.0
19,-167.47300000000004,0.0,0.05000000074505806,0.8999999761581421,0.05000000074505806,0.06499999761581421,0.8999999761581421,0.03500000014901161,0.8949999809265137,0.07000000029802322,0.03500000014901161,0.0,0.0,0.0,0.0,0.0,0.0
20,-121.72533333333332,0.0,0.05999999865889549,0.9049999713897705,0.03500000014901161,0.05999999865889549,0.8999999761581421,0.03999999910593033,0.8999999761581421,0.05999999865889549,0.03999999910593033,0.0,0.0,0.0,0.0,0.0,0.0
21,-107.5543333333333,0.0,0.03500000014901161,0.9350000023841858,0.029999999329447746,0.03999999910593033,0.9300000071525574,0.029999999329447746,0.03500000014901161,0.9350000023841858,0.029999999329447746,0.0,0.0,0.0,0.0,0.0,0.0
22,-173.3473333333333,0.0,0.03500000014901161,0.9350000023841858,0.029999999329447746,0.03999999910593033,0.925000011920929,0.03500000014901161,0.03500000014901161,0.9350000023841858,0.029999999329447746,0.0,0.0,0.0,0.0,0.0,0.0
23,-269.96200000000005,0.0,0.03500000014901161,0.9350000023841858,0.029999999329447746,0.03500000014901161,0.9350000023841858,0.029999999329447746,0.03500000014901161,0.9350000023841858,0.029999999329447746,0.0,0.0,0.0,0.0,0.0,0.0
24,-34.10599999999998,0.0,0.03500000014901161,0.9350000023841858,0.029999999329447746,0.04500000178813934,0.9200000166893005,0.03500000014901161,0.03500000014901161,0.9300000071525574,0.03500000014901161,0.0,0.0,0.0,0.0,0.0,0.0
25,-48.326333333333324,0.0,0.03500000014901161,0.9350000023841858,0.029999999329447746,0.04500000178813934,0.925000011920929,0.029999999329447746,0.9300000071525574,0.03500000014901161,0.03500000014901161,0.0,0.0,0.0,0.0,0.0,0.0
26,-58.17433333333331,0.0,0.03500000014901161,0.9350000023841858,0.029999999329447746,0.03500000014901161,0.9350000023841858,0.029999999329447746,0.9399999976158142,0.029999999329447746,0.029999999329447746,0.0,0.0,0.0,0.0,0.0,0.0
27,-255.61666666666662,0.0,0.05999999865889549,0.8899999856948853,0.05000000074505806,0.06499999761581421,0.8899999856948853,0.04500000178813934,0.8899999856948853,0.04500000178813934,0.06499999761581421,0.0,0.0,0.0,0.0,0.0,0.0
28,-41.0913333333333,0.0,0.03500000014901161,0.9350000023841858,0.029999999329447746,0.03500000014901161,0.9350000023841858,0.029999999329447746,0.9350000023841858,0.03500000014901161,0.029999999329447746,0.0,0.0,0.0,0.0,0.0,0.0
29,-352.162,0.0,0.03500000014901161,0.9350000023841858,0.029999999329447746,0.054999999701976776,0.9150000214576721,0.029999999329447746,0.03500000014901161,0.9350000023841858,0.029999999329447746,0.0,0.0,0.0,0.0,0.0,0.0
30,-41.812000000000026,0.0,0.03500000014901161,0.9350000023841858,0.029999999329447746,0.03500000014901161,0.9350000023841858,0.029999999329447746,0.03500000014901161,0.9350000023841858,0.029999999329447746,0.0,0.0,0.0,0.0,0.0,0.0
31,-194.01733333333326,0.0,0.06499999761581421,0.8899999856948853,0.04500000178813934,0.05000000074505806,0.8999999761581421,0.05000000074505806,0.8949999809265137,0.05999999865889549,0.04500000178813934,0.0,0.0,0.0,0.0,0.0,0.0
32,-244.43,0.0,0.05999999865889549,0.8999999761581421,0.03999999910593033,0.9049999713897705,0.06499999761581421,0.029999999329447746,0.9100000262260437,0.04500000178813934,0.04500000178813934,0.0,0.0,0.0,0.0,0.0,0.0
33,-309.10566666666665,0.0,0.03500000014901161,0.029999999329447746,0.9350000023841858,0.03999999910593033,0.925000011920929,0.03500000014901161,0.03500000014901161,0.9350000023841858,0.029999999329447746,0.0,0.0,0.0,0.0,0.0,0.0
34,-254.08199999999994,0.0,0.054999999701976776,0.8999999761581421,0.04500000178813934,0.05000000074505806,0.9049999713897705,0.04500000178813934,0.9049999713897705,0.054999999701976776,0.03999999910593033,0.0,0.0,0.0,0.0,0.0,0.0
35,-75.86033333333334,0.0,0.03500000014901161,0.9350000023841858,0.029999999329447746,0.9399999976158142,0.029999999329447746,0.029999999329447746,0.9399999976158142,0.029999999329447746,0.029999999329447746,0.0,0.0,0.0,0.0,0.0,0.0
36,-45.318000000000005,0.0,0.03500000014901161,0.9350000023841858,0.029999999329447746,0.04500000178813934,0.925000011920929,0.029999999329447746,0.03500000014901161,0.9350000023841858,0.029999999329447746,0.0,0.0,0.0,0.0,0.0,0.0
37,-44.747666666666646,0.0,0.03500000014901161,0.9350000023841858,0.029999999329447746,0.04500000178813934,0.9200000166893005,0.03500000014901161,0.03500000014901161,0.925000011920929,0.03999999910593033,0.0,0.0,0.0,0.0,0.0,0.0
38,-105.97100000000007,0.0,0.03500000014901161,0.9350000023841858,0.029999999329447746,0.03500000014901161,0.9350000023841858,0.029999999329447746,0.03500000014901161,0.9350000023841858,0.029999999329447746,0.0,0.0,0.0,0.0,0.0,0.0
39,-34.45633333333335,0.0,0.03500000014901161,0.9350000023841858,0.029999999329447746,0.03500000014901161,0.9350000023841858,0.029999999329447746,0.9350000023841858,0.029999999329447746,0.03500000014901161,0.0,0.0,0.0,0.0,0.0,0.0
40,-45.14566666666668,0.0,0.03500000014901161,0.9350000023841858,0.029999999329447746,0.03500000014901161,0.9200000166893005,0.04500000178813934,0.03500000014901161,0.9300000071525574,0.03500000014901161,0.0,0.0,0.0,0.0,0.0,0.0
41,-123.36333333333334,0.0,0.03500000014901161,0.029999999329447746,0.9350000023841858,0.03500000014901161,0.9350000023841858,0.029999999329447746,0.03500000014901161,0.9350000023841858,0.029999999329447746,0.0,0.0,0.0,0.0,0.0,0.0
42,-369.16966666666667,0.0,0.03500000014901161,0.9350000023841858,0.029999999329447746,0.03500000014901161,0.029999999329447746,0.9350000023841858,0.03500000014901161,0.9350000023841858,0.029999999329447746,0.0,0.0,0.0,0.0,0.0,0.0
43,-34.87766666666668,0.0,0.03500000014901161,0.9350000023841858,0.029999999329447746,0.03500000014901161,0.9300000071525574,0.03500000014901161,0.03500000014901161,0.9350000023841858,0.029999999329447746,0.0,0.0,0.0,0.0,0.0,0.0
44,-470.98099999999977,0.0,0.9399999976158142,0.029999999329447746,0.029999999329447746,0.9399999976158142,0.029999999329447746,0.029999999329447746,0.9399999976158142,0.029999999329447746,0.029999999329447746,0.0,0.0,0.0,0.0,0.0,0.0
45,-48.832666666666654,0.0,0.03500000014901161,0.9350000023841858,0.029999999329447746,0.03500000014901161,0.9350000023841858,0.029999999329447746,0.03500000014901161,0.9350000023841858,0.029999999329447746,0.0,0.0,0.0,0.0,0.0,0.0
46,-59.28133333333335,0.0,0.03500000014901161,0.9350000023841858,0.029999999329447746,0.03999999910593033,0.9300000071525574,0.029999999329447746,0.9399999976158142,0.029999999329447746,0.029999999329447746,0.0,0.0,0.0,0.0,0.0,0.0
47,-141.17833333333328,0.0,0.03500000014901161,0.9350000023841858,0.029999999329447746,0.9399999976158142,0.029999999329447746,0.029999999329447746,0.9399999976158142,0.029999999329447746,0.029999999329447746,0.0,0.0,0.0,0.0,0.0,0.0
48,-220.73599999999996,0.0,0.03500000014901161,0.9350000023841858,0.029999999329447746,0.03500000014901161,0.9350000023841858,0.029999999329447746,0.9399999976158142,0.029999999329447746,0.029999999329447746,0.0,0.0,0.0,0.0,0.0,0.0
49,-34.992000000000004,0.0,0.03500000014901161,0.029999999329447746,0.9350000023841858,0.03500000014901161,0.03999999910593033,0.925000011920929,0.03999999910593033,0.03500000014901161,0.925000011920929,0.0,0.0,0.0,0.0,0.0,0.0
50,-330.47333333333336,0.0,0.03500000014901161,0.9350000023841858,0.029999999329447746,0.03500000014901161,0.029999999329447746,0.9350000023841858,0.03500000014901161,0.029999999329447746,0.9350000023841858,0.0,0.0,0.0,0.0,0.0,0.0
51,-35.705333333333314,0.0,0.03500000014901161,0.9350000023841858,0.029999999329447746,0.03500000014901161,0.9300000071525574,0.03500000014901161,0.03500000014901161,0.9350000023841858,0.029999999329447746,0.0,0.0,0.0,0.0,0.0,0.0
52,-331.9889999999999,0.0,0.03500000014901161,0.9350000023841858,0.029999999329447746,0.9399999976158142,0.029999999329447746,0.029999999329447746,0.9399999976158142,0.029999999329447746,0.029999999329447746,0.0,0.0,0.0,0.0,0.0,0.0
53,-472.7299999999999,0.0,0.05999999865889549,0.8849999904632568,0.054999999701976776,0.06499999761581421,0.8799999952316284,0.054999999701976776,0.8849999904632568,0.04500000178813934,0.07000000029802322,0.0,0.0,0.0,0.0,0.0,0.0
54,-67.45933333333328,0.0,0.03500000014901161,0.9350000023841858,0.029999999329447746,0.03500000014901161,0.9350000023841858,0.029999999329447746,0.03500000014901161,0.9350000023841858,0.029999999329447746,0.0,0.0,0.0,0.0,0.0,0.0
55,-79.54566666666665,0.0,0.03500000014901161,0.9350000023841858,0.029999999329447746,0.03500000014901161,0.9350000023841858,0.029999999329447746,0.03500000014901161,0.9350000023841858,0.029999999329447746,0.0,0.0,0.0,0.0,0.0,0.0
56,-229.40366666666677,0.0,0.03500000014901161,0.9350000023841858,0.029999999329447746,0.03500000014901161,0.9350000023841858,0.029999999329447746,0.03500000014901161,0.9350000023841858,0.029999999329447746,0.0,0.0,0.0,0.0,0.0,0.0
57,-428.29000000000013,0.0,0.03500000014901161,0.9350000023841858,0.029999999329447746,0.9399999976158142,0.029999999329447746,0.029999999329447746,0.9399999976158142,0.029999999329447746,0.029999999329447746,0.0,0.0,0.0,0.0,0.0,0.0
58,-123.67166666666668,0.0,0.9399999976158142,0.029999999329447746,0.029999999329447746,0.9399999976158142,0.029999999329447746,0.029999999329447746,0.9399999976158142,0.029999999329447746,0.029999999329447746,0.0,0.0,0.0,0.0,0.0,0.0
59,-310.6266666666668,0.0,0.03500000014901161,0.029999999329447746,0.9350000023841858,0.03500000014901161,0.029999999329447746,0.9350000023841858,0.03500000014901161,0.9350000023841858,0.029999999329447746,0.0,0.0,0.0,0.0,0.0,0.0
60,-247.44266666666664,0.0,0.03500000014901161,0.029999999329447746,0.9350000023841858,0.03500000014901161,0.9350000023841858,0.029999999329447746,0.03500000014901161,0.9350000023841858,0.029999999329447746,0.0,0.0,0.0,0.0,0.0,0.0
61,-122.87199999999996,0.0,0.03500000014901161,0.9350000023841858,0.029999999329447746,0.03500000014901161,0.9350000023841858,0.029999999329447746,0.03500000014901161,0.9350000023841858,0.029999999329447746,0.0,0.0,0.0,0.0,0.0,0.0
62,-164.13066666666666,0.0,0.03500000014901161,0.9350000023841858,0.029999999329447746,0.03500000014901161,0.925000011920929,0.03999999910593033,0.03999999910593033,0.9300000071525574,0.029999999329447746,0.0,0.0,0.0,0.0,0.0,0.0
63,-31.893333333333317,0.0,0.03500000014901161,0.9350000023841858,0.029999999329447746,0.03500000014901161,0.9350000023841858,0.029999999329447746,0.9399999976158142,0.029999999329447746,0.029999999329447746,0.0,0.0,0.0,0.0,0.0,0.0
64,-91.72933333333334,0.0,0.04500000178813934,0.9200000166893005,0.03500000014901161,0.04500000178813934,0.9100000262260437,0.04500000178813934,0.9100000262260437,0.029999999329447746,0.05999999865889549,0.0,0.0,0.0,0.0,0.0,0.0
65,-47.01366666666666,0.0,0.03500000014901161,0.9350000023841858,0.029999999329447746,0.03999999910593033,0.9200000166893005,0.03999999910593033,0.9200000166893005,0.03500000014901161,0.04500000178813934,0.0,0.0,0.0,0.0,0.0,0.0
66,-82.15266666666665,0.0,0.03500000014901161,0.9350000023841858,0.029999999329447746,0.03500000014901161,0.9350000023841858,0.029999999329447746,0.9399999976158142,0.029999999329447746,0.029999999329447746,0.0,0.0,0.0,0.0,0.0,0.0
67,-221.45833333333343,0.0,0.04500000178813934,0.9049999713897705,0.05000000074505806,0.04500000178813934,0.8849999904632568,0.07000000029802322,0.8949999809265137,0.03500000014901161,0.07000000029802322,0.0,0.0,0.0,0.0,0.0,0.0
68,-182.26166666666649,0.0,0.03500000014901161,0.9350000023841858,0.029999999329447746,0.03500000014901161,0.925000011920929,0.03999999910593033,0.04500000178813934,0.925000011920929,0.029999999329447746,0.0,0.0,0.0,0.0,0.0,0.0
69,-201.08900000000006,0.0,0.03500000014901161,0.9350000023841858,0.029999999329447746,0.9399999976158142,0.029999999329447746,0.029999999329447746,0.9399999976158142,0.029999999329447746,0.029999999329447746,0.0,0.0,0.0,0.0,0.0,0.0
70,-53.87499999999998,0.0,0.03500000014901161,0.9350000023841858,0.029999999329447746,0.03500000014901161,0.9350000023841858,0.029999999329447746,0.9399999976158142,0.029999999329447746,0.029999999329447746,0.0,0.0,0.0,0.0,0.0,0.0
71,-318.3503333333334,0.0,0.03500000014901161,0.9350000023841858,0.029999999329447746,0.03500000014901161,0.9300000071525574,0.03500000014901161,0.03500000014901161,0.9350000023841858,0.029999999329447746,0.0,0.0,0.0,0.0,0.0,0.0
72,-223.73199999999989,0.0,0.03500000014901161,0.9350000023841858,0.029999999329447746,0.03500000014901161,0.9350000023841858,0.029999999329447746,0.03500000014901161,0.9350000023841858,0.029999999329447746,0.0,0.0,0.0,0.0,0.0,0.0
73,-62.019666666666645,0.0,0.9399999976158142,0.029999999329447746,0.029999999329447746,0.9399999976158142,0.029999999329447746,0.029999999329447746,0.9399999976158142,0.029999999329447746,0.029999999329447746,0.0,0.0,0.0,0.0,0.0,0.0
74,-49.16533333333337,0.0,0.03500000014901161,0.9350000023841858,0.029999999329447746,0.03500000014901161,0.9300000071525574,0.03500000014901161,0.03500000014901161,0.9350000023841858,0.029999999329447746,0.0,0.0,0.0,0.0,0.0,0.0
75,-156.86533333333335,0.0,0.03999999910593033,0.9200000166893005,0.03999999910593033,0.05000000074505806,0.9049999713897705,0.04500000178813934,0.9100000262260437,0.029999999329447746,0.05999999865889549,0.0,0.0,0.0,0.0,0.0,0.0
76,-123.1993333333334,0.0,0.03500000014901161,0.9350000023841858,0.029999999329447746,0.04500000178813934,0.9200000166893005,0.03500000014901161,0.03500000014901161,0.9350000023841858,0.029999999329447746,0.0,0.0,0.0,0.0,0.0,0.0
77,-93.91333333333334,0.0,0.03500000014901161,0.9350000023841858,0.029999999329447746,0.03500000014901161,0.9350000023841858,0.029999999329447746,0.9399999976158142,0.029999999329447746,0.029999999329447746,0.0,0.0,0.0,0.0,0.0,0.0
78,-186.08899999999994,0.0,0.9150000214576721,0.03999999910593033,0.04500000178813934,0.925000011920929,0.03999999910593033,0.03500000014901161,0.9300000071525574,0.03500000014901161,0.03500000014901161,0.0,0.0,0.0,0.0,0.0,0.0
79,-214.071,0.0,0.03500000014901161,0.9350000023841858,0.029999999329447746,0.03500000014901161,0.9350000023841858,0.029999999329447746,0.03500000014901161,0.9350000023841858,0.029999999329447746,0.0,0.0,0.0,0.0,0.0,0.0
80,-41.987666666666655,0.0,0.03500000014901161,0.9350000023841858,0.029999999329447746,0.03500000014901161,0.9350000023841858,0.029999999329447746,0.03500000014901161,0.9350000023841858,0.029999999329447746,0.0,0.0,0.0,0.0,0.0,0.0
81,-38.51333333333335,0.0,0.03500000014901161,0.9350000023841858,0.029999999329447746,0.03999999910593033,0.9300000071525574,0.029999999329447746,0.925000011920929,0.03500000014901161,0.03999999910593033,0.0,0.0,0.0,0.0,0.0,0.0
82,-41.620666666666686,0.0,0.03500000014901161,0.029999999329447746,0.9350000023841858,0.9300000071525574,0.03999999910593033,0.029999999329447746,0.9399999976158142,0.029999999329447746,0.029999999329447746,0.0,0.0,0.0,0.0,0.0,0.0
83,-91.10266666666666,0.0,0.03500000014901161,0.9350000023841858,0.029999999329447746,0.03500000014901161,0.9350000023841858,0.029999999329447746,0.03500000014901161,0.9350000023841858,0.029999999329447746,0.0,0.0,0.0,0.0,0.0,0.0
84,-40.86066666666668,0.0,0.9399999976158142,0.029999999329447746,0.029999999329447746,0.9399999976158142,0.029999999329447746,0.029999999329447746,0.9399999976158142,0.029999999329447746,0.029999999329447746,0.0,0.0,0.0,0.0,0.0,0.0
85,-73.002,0.0,0.9049999713897705,0.05999999865889549,0.03500000014901161,0.9200000166893005,0.04500000178813934,0.03500000014901161,0.925000011920929,0.029999999329447746,0.04500000178813934,0.0,0.0,0.0,0.0,0.0,0.0
86,-130.56333333333333,0.0,0.04500000178813934,0.8849999904632568,0.07000000029802322,0.8849999904632568,0.07999999821186066,0.03500000014901161,0.8899999856948853,0.029999999329447746,0.07999999821186066,0.0,0.0,0.0,0.0,0.0,0.0
87,-259.12099999999987,0.0,0.03500000014901161,0.9350000023841858,0.029999999329447746,0.03500000014901161,0.9350000023841858,0.029999999329447746,0.03500000014901161,0.9350000023841858,0.029999999329447746,0.0,0.0,0.0,0.0,0.0,0.0
88,-33.99566666666667,0.0,0.03500000014901161,0.029999999329447746,0.9350000023841858,0.03500000014901161,0.9350000023841858,0.029999999329447746,0.03500000014901161,0.9350000023841858,0.029999999329447746,0.0,0.0,0.0,0.0,0.0,0.0
89,-142.12499999999997,0.0,0.03500000014901161,0.9350000023841858,0.029999999329447746,0.03500000014901161,0.9350000023841858,0.029999999329447746,0.03500000014901161,0.9350000023841858,0.029999999329447746,0.0,0.0,0.0,0.0,0.0,0.0
90,-358.399,0.0,0.03500000014901161,0.9350000023841858,0.029999999329447746,0.03500000014901161,0.9350000023841858,0.029999999329447746,0.9399999976158142,0.029999999329447746,0.029999999329447746,0.0,0.0,0.0,0.0,0.0,0.0
91,-127.16733333333339,0.0,0.03500000014901161,0.9350000023841858,0.029999999329447746,0.03500000014901161,0.9350000023841858,0.029999999329447746,0.03500000014901161,0.9350000023841858,0.029999999329447746,0.0,0.0,0.0,0.0,0.0,0.0
92,-199.03999999999994,0.0,0.06499999761581421,0.8799999952316284,0.054999999701976776,0.05999999865889549,0.8799999952316284,0.05999999865889549,0.8849999904632568,0.029999999329447746,0.08500000089406967,0.0,0.0,0.0,0.0,0.0,0.0
93,-458.26866666666683,0.0,0.05000000074505806,0.8799999952316284,0.07000000029802322,0.06499999761581421,0.8799999952316284,0.054999999701976776,0.8799999952316284,0.04500000178813934,0.07500000298023224,0.0,0.0,0.0,0.0,0.0,0.0
94,-74.95333333333335,0.0,0.03500000014901161,0.9350000023841858,0.029999999329447746,0.03999999910593033,0.9300000071525574,0.029999999329447746,0.03500000014901161,0.9350000023841858,0.029999999329447746,0.0,0.0,0.0,0.0,0.0,0.0
95,-147.754,0.0,0.06499999761581421,0.8899999856948853,0.04500000178813934,0.04500000178813934,0.8899999856948853,0.06499999761581421,0.8899999856948853,0.03500000014901161,0.07500000298023224,0.0,0.0,0.0,0.0,0.0,0.0
96,-62.467666666666716,0.0,0.03500000014901161,0.9350000023841858,0.029999999329447746,0.03500000014901161,0.9350000023841858,0.029999999329447746,0.03500000014901161,0.9350000023841858,0.029999999329447746,0.0,0.0,0.0,0.0,0.0,0.0
97,-37.251666666666694,0.0,0.03500000014901161,0.9350000023841858,0.029999999329447746,0.03500000014901161,0.9300000071525574,0.03500000014901161,0.03500000014901161,0.9350000023841858,0.029999999329447746,0.0,0.0,0.0,0.0,0.0,0.0
98,-36.382000000000005,0.0,0.03500000014901161,0.9350000023841858,0.029999999329447746,0.03500000014901161,0.9350000023841858,0.029999999329447746,0.03500000014901161,0.9350000023841858,0.029999999329447746,0.0,0.0,0.0,0.0,0.0,0.0
99,-81.19733333333333,0.0,0.054999999701976776,0.8949999809265137,0.05000000074505806,0.054999999701976776,0.8899999856948853,0.054999999701976776,0.8899999856948853,0.03500000014901161,0.07500000298023224,0.0,0.0,0.0,0.0,0.0,0.0
100,-246.66266666666692,0.0,0.07500000298023224,0.8799999952316284,0.04500000178813934,0.054999999701976776,0.8799999952316284,0.06499999761581421,0.8849999904632568,0.03500000014901161,0.07999999821186066,0.0,0.0,0.0,0.0,0.0,0.0
101,-330.7380000000001,0.0,0.054999999701976776,0.9100000262260437,0.03500000014901161,0.03999999910593033,0.8999999761581421,0.05999999865889549,0.8999999761581421,0.03999999910593033,0.05999999865889549,0.0,0.0,0.0,0.0,0.0,0.0
102,-117.87100000000004,0.0,0.03500000014901161,0.9350000023841858,0.029999999329447746,0.03500000014901161,0.9350000023841858,0.029999999329447746,0.03500000014901161,0.9350000023841858,0.029999999329447746,0.0,0.0,0.0,0.0,0.0,0.0
103,-47.16533333333333,0.0,0.03500000014901161,0.9350000023841858,0.029999999329447746,0.03500000014901161,0.9350000023841858,0.029999999329447746,0.03500000014901161,0.9350000023841858,0.029999999329447746,0.0,0.0,0.0,0.0,0.0,0.0
104,-30.35533333333334,0.0,0.03500000014901161,0.9350000023841858,0.029999999329447746,0.03500000014901161,0.9350000023841858,0.029999999329447746,0.03500000014901161,0.9350000023841858,0.029999999329447746,0.0,0.0,0.0,0.0,0.0,0.0
105,-156.39999999999998,0.0,0.03500000014901161,0.9350000023841858,0.029999999329447746,0.03500000014901161,0.9350000023841858,0.029999999329447746,0.03500000014901161,0.9350000023841858,0.029999999329447746,0.0,0.0,0.0,0.0,0.0,0.0
106,-46.281666666666695,0.0,0.03500000014901161,0.029999999329447746,0.9350000023841858,0.9399999976158142,0.029999999329447746,0.029999999329447746,0.9399999976158142,0.029999999329447746,0.029999999329447746,0.0,0.0,0.0,0.0,0.0,0.0
107,-239.45399999999995,0.0,0.03500000014901161,0.9350000023841858,0.029999999329447746,0.03500000014901161,0.9350000023841858,0.029999999329447746,0.03500000014901161,0.9350000023841858,0.029999999329447746,0.0,0.0,0.0,0.0,0.0,0.0
108,-55.83766666666667,0.0,0.03500000014901161,0.9350000023841858,0.029999999329447746,0.03500000014901161,0.9350000023841858,0.029999999329447746,0.03500000014901161,0.9350000023841858,0.029999999329447746,0.0,0.0,0.0,0.0,0.0,0.0
109,-398.8156666666666,0.0,0.06499999761581421,0.8799999952316284,0.054999999701976776,0.03999999910593033,0.8849999904632568,0.07500000298023224,0.8849999904632568,0.04500000178813934,0.07000000029802322,0.0,0.0,0.0,0.0,0.0,0.0
110,-46.75900000000001,0.0,0.03500000014901161,0.9350000023841858,0.029999999329447746,0.04500000178813934,0.925000011920929,0.029999999329447746,0.03500000014901161,0.9350000023841858,0.029999999329447746,0.0,0.0,0.0,0.0,0.0,0.0
111,-97.53766666666661,0.0,0.03500000014901161,0.9350000023841858,0.029999999329447746,0.03500000014901161,0.9350000023841858,0.029999999329447746,0.03500000014901161,0.9350000023841858,0.029999999329447746,0.0,0.0,0.0,0.0,0.0,0.0
112,-120.96733333333339,0.0,0.03500000014901161,0.029999999329447746,0.9350000023841858,0.03500000014901161,0.9350000023841858,0.029999999329447746,0.03500000014901161,0.9350000023841858,0.029999999329447746,0.0,0.0,0.0,0.0,0.0,0.0
113,-38.61100000000001,0.0,0.03500000014901161,0.9350000023841858,0.029999999329447746,0.03500000014901161,0.9350000023841858,0.029999999329447746,0.9399999976158142,0.029999999329447746,0.029999999329447746,0.0,0.0,0.0,0.0,0.0,0.0
114,-39.599,0.0,0.03500000014901161,0.029999999329447746,0.9350000023841858,0.03500000014901161,0.04500000178813934,0.9200000166893005,0.03500000014901161,0.9300000071525574,0.03500000014901161,0.0,0.0,0.0,0.0,0.0,0.0
115,-48.02899999999999,0.0,0.03500000014901161,0.9350000023841858,0.029999999329447746,0.03500000014901161,0.9350000023841858,0.029999999329447746,0.03500000014901161,0.9350000023841858,0.029999999329447746,0.0,0.0,0.0,0.0,0.0,0.0
116,-52.51466666666668,0.0,0.03500000014901161,0.9350000023841858,0.029999999329447746,0.9399999976158142,0.029999999329447746,0.029999999329447746,0.9399999976158142,0.029999999329447746,0.029999999329447746,0.0,0.0,0.0,0.0,0.0,0.0
117,-386.0693333333335,0.0,0.03500000014901161,0.9350000023841858,0.029999999329447746,0.03500000014901161,0.9300000071525574,0.03500000014901161,0.03500000014901161,0.9350000023841858,0.029999999329447746,0.0,0.0,0.0,0.0,0.0,0.0
118,-102.52700000000006,0.0,0.03500000014901161,0.9100000262260437,0.054999999701976776,0.04500000178813934,0.9049999713897705,0.05000000074505806,0.9150000214576721,0.03500000014901161,0.05000000074505806,0.0,0.0,0.0,0.0,0.0,0.0
119,-37.511333333333326,0.0,0.03500000014901161,0.9350000023841858,0.029999999329447746,0.03500000014901161,0.9350000023841858,0.029999999329447746,0.03500000014901161,0.9350000023841858,0.029999999329447746,0.0,0.0,0.0,0.0,0.0,0.0
120,-48.865333333333375,0.0,0.03500000014901161,0.9350000023841858,0.029999999329447746,0.9399999976158142,0.029999999329447746,0.029999999329447746,0.9399999976158142,0.029999999329447746,0.029999999329447746,0.0,0.0,0.0,0.0,0.0,0.0
121,-403.547,0.0,0.03500000014901161,0.9350000023841858,0.029999999329447746,0.03500000014901161,0.9350000023841858,0.029999999329447746,0.9399999976158142,0.029999999329447746,0.029999999329447746,0.0,0.0,0.0,0.0,0.0,0.0
122,-77.49500000000002,0.0,0.03500000014901161,0.9350000023841858,0.029999999329447746,0.03500000014901161,0.9300000071525574,0.03500000014901161,0.03500000014901161,0.9300000071525574,0.03500000014901161,0.0,0.0,0.0,0.0,0.0,0.0
123,-239.86100000000022,0.0,0.06499999761581421,0.8799999952316284,0.054999999701976776,0.03999999910593033,0.8999999761581421,0.05999999865889549,0.8899999856948853,0.03500000014901161,0.07500000298023224,0.0,0.0,0.0,0.0,0.0,0.0
124,-44.995333333333335,0.0,0.03500000014901161,0.9350000023841858,0.029999999329447746,0.03500000014901161,0.9350000023841858,0.029999999329447746,0.03500000014901161,0.9350000023841858,0.029999999329447746,0.0,0.0,0.0,0.0,0.0,0.0
125,-121.072,0.0,0.03999999910593033,0.9150000214576721,0.04500000178813934,0.054999999701976776,0.8949999809265137,0.05000000074505806,0.8999999761581421,0.05000000074505806,0.05000000074505806,0.0,0.0,0.0,0.0,0.0,0.0
126,-139.7236666666666,0.0,0.03500000014901161,0.9350000023841858,0.029999999329447746,0.04500000178813934,0.925000011920929,0.029999999329447746,0.03500000014901161,0.9350000023841858,0.029999999329447746,0.0,0.0,0.0,0.0,0.0,0.0
127,-42.50033333333334,0.0,0.03500000014901161,0.9350000023841858,0.029999999329447746,0.03500000014901161,0.9350000023841858,0.029999999329447746,0.03500000014901161,0.029999999329447746,0.9350000023841858,0.0,0.0,0.0,0.0,0.0,0.0
128,-29.329666666666668,0.0,0.9399999976158142,0.029999999329447746,0.029999999329447746,0.9399999976158142,0.029999999329447746,0.029999999329447746,0.9399999976158142,0.029999999329447746,0.029999999329447746,0.0,0.0,0.0,0.0,0.0,0.0
129,-144.42733333333328,0.0,0.03500000014901161,0.9350000023841858,0.029999999329447746,0.03500000014901161,0.9350000023841858,0.029999999329447746,0.03500000014901161,0.9350000023841858,0.029999999329447746,0.0,0.0,0.0,0.0,0.0,0.0
130,-153.7123333333333,0.0,0.03500000014901161,0.029999999329447746,0.9350000023841858,0.03500000014901161,0.029999999329447746,0.9350000023841858,0.03500000014901161,0.9350000023841858,0.029999999329447746,0.0,0.0,0.0,0.0,0.0,0.0
131,-55.66366666666665,0.0,0.03500000014901161,0.9350000023841858,0.029999999329447746,0.03999999910593033,0.9300000071525574,0.029999999329447746,0.03500000014901161,0.9350000023841858,0.029999999329447746,0.0,0.0,0.0,0.0,0.0,0.0
132,-48.63433333333331,0.0,0.03500000014901161,0.9350000023841858,0.029999999329447746,0.04500000178813934,0.925000011920929,0.029999999329447746,0.03500000014901161,0.925000011920929,0.03999999910593033,0.0,0.0,0.0,0.0,0.0,0.0
133,-49.472999999999985,0.0,0.03500000014901161,0.9350000023841858,0.029999999329447746,0.03999999910593033,0.925000011920929,0.03500000014901161,0.03500000014901161,0.9300000071525574,0.03500000014901161,0.0,0.0,0.0,0.0,0.0,0.0
134,-214.65433333333317,0.0,0.054999999701976776,0.8899999856948853,0.054999999701976776,0.03999999910593033,0.9150000214576721,0.04500000178813934,0.8949999809265137,0.04500000178813934,0.05999999865889549,0.0,0.0,0.0,0.0,0.0,0.0
135,-389.94633333333354,0.0,0.9300000071525574,0.03999999910593033,0.029999999329447746,0.9399999976158142,0.029999999329447746,0.029999999329447746,0.9399999976158142,0.029999999329447746,0.029999999329447746,0.0,0.0,0.0,0.0,0.0,0.0
136,-47.28833333333333,0.0,0.03500000014901161,0.9350000023841858,0.029999999329447746,0.03500000014901161,0.9350000023841858,0.029999999329447746,0.03500000014901161,0.9350000023841858,0.029999999329447746,0.0,0.0,0.0,0.0,0.0,0.0
137,-197.87166666666656,0.0,0.054999999701976776,0.8899999856948853,0.054999999701976776,0.05999999865889549,0.9100000262260437,0.029999999329447746,0.8899999856948853,0.03999999910593033,0.07000000029802322,0.0,0.0,0.0,0.0,0.0,0.0
138,-53.36166666666665,0.0,0.03500000014901161,0.9350000023841858,0.029999999329447746,0.04500000178813934,0.9200000166893005,0.03500000014901161,0.03500000014901161,0.9350000023841858,0.029999999329447746,0.0,0.0,0.0,0.0,0.0,0.0
139,-263.68933333333337,0.0,0.03500000014901161,0.9350000023841858,0.029999999329447746,0.03500000014901161,0.9350000023841858,0.029999999329447746,0.03500000014901161,0.9350000023841858,0.029999999329447746,0.0,0.0,0.0,0.0,0.0,0.0
140,-193.89433333333326,0.0,0.03500000014901161,0.029999999329447746,0.9350000023841858,0.03500000014901161,0.029999999329447746,0.9350000023841858,0.03500000014901161,0.029999999329447746,0.9350000023841858,0.0,0.0,0.0,0.0,0.0,0.0
141,-72.98,0.0,0.03500000014901161,0.9350000023841858,0.029999999329447746,0.04500000178813934,0.925000011920929,0.029999999329447746,0.03500000014901161,0.9300000071525574,0.03500000014901161,0.0,0.0,0.0,0.0,0.0,0.0
142,-43.65599999999999,0.0,0.03500000014901161,0.9350000023841858,0.029999999329447746,0.03999999910593033,0.9300000071525574,0.029999999329447746,0.03500000014901161,0.9350000023841858,0.029999999329447746,0.0,0.0,0.0,0.0,0.0,0.0
143,-27.32833333333333,0.0,0.03500000014901161,0.9350000023841858,0.029999999329447746,0.03500000014901161,0.9350000023841858,0.029999999329447746,0.03500000014901161,0.9350000023841858,0.029999999329447746,0.0,0.0,0.0,0.0,0.0,0.0
144,-92.32033333333337,0.0,0.03500000014901161,0.029999999329447746,0.9350000023841858,0.03500000014901161,0.9350000023841858,0.029999999329447746,0.03500000014901161,0.9350000023841858,0.029999999329447746,0.0,0.0,0.0,0.0,0.0,0.0
145,-155.79833333333343,0.0,0.03500000014901161,0.029999999329447746,0.9350000023841858,0.9399999976158142,0.029999999329447746,0.029999999329447746,0.9399999976158142,0.029999999329447746,0.029999999329447746,0.0,0.0,0.0,0.0,0.0,0.0
146,-294.9126666666667,0.0,0.04500000178813934,0.8849999904632568,0.07000000029802322,0.8849999904632568,0.08500000089406967,0.029999999329447746,0.8849999904632568,0.05999999865889549,0.054999999701976776,0.0,0.0,0.0,0.0,0.0,0.0
147,-284.60599999999994,0.0,0.06499999761581421,0.8849999904632568,0.05000000074505806,0.05999999865889549,0.9100000262260437,0.029999999329447746,0.8849999904632568,0.054999999701976776,0.05999999865889549,0.0,0.0,0.0,0.0,0.0,0.0
148,-291.843,0.0,0.03500000014901161,0.9350000023841858,0.029999999329447746,0.04500000178813934,0.925000011920929,0.029999999329447746,0.03500000014901161,0.9350000023841858,0.029999999329447746,0.0,0.0,0.0,0.0,0.0,0.0
149,-52.68166666666664,0.0,0.03500000014901161,0.029999999329447746,0.9350000023841858,0.03500000014901161,0.9350000023841858,0.029999999329447746,0.03500000014901161,0.9350000023841858,0.029999999329447746,0.0,0.0,0.0,0.0,0.0,0.0
150,-276.10566666666665,0.0,0.05000000074505806,0.9100000262260437,0.03999999910593033,0.05999999865889549,0.9100000262260437,0.029999999329447746,0.9100000262260437,0.05000000074505806,0.03999999910593033,0.0,0.0,0.0,0.0,0.0,0.0
151,-187.52599999999993,0.0,0.03500000014901161,0.9350000023841858,0.029999999329447746,0.03500000014901161,0.9350000023841858,0.029999999329447746,0.03500000014901161,0.9350000023841858,0.029999999329447746,0.0,0.0,0.0,0.0,0.0,0.0
152,-96.03566666666666,0.0,0.04500000178813934,0.8949999809265137,0.05999999865889549,0.07000000029802322,0.8949999809265137,0.03500000014901161,0.8999999761581421,0.04500000178813934,0.054999999701976776,0.0,0.0,0.0,0.0,0.0,0.0
153,-33.62866666666667,0.0,0.03500000014901161,0.9350000023841858,0.029999999329447746,0.03500000014901161,0.9300000071525574,0.03500000014901161,0.03500000014901161,0.9350000023841858,0.029999999329447746,0.0,0.0,0.0,0.0,0.0,0.0
154,-281.22700000000003,0.0,0.03999999910593033,0.05000000074505806,0.9100000262260437,0.9100000262260437,0.05999999865889549,0.029999999329447746,0.9200000166893005,0.03999999910593033,0.03999999910593033,0.0,0.0,0.0,0.0,0.0,0.0
155,-67.23333333333333,0.0,0.03500000014901161,0.9350000023841858,0.029999999329447746,0.03500000014901161,0.9350000023841858,0.029999999329447746,0.03500000014901161,0.9350000023841858,0.029999999329447746,0.0,0.0,0.0,0.0,0.0,0.0
156,-90.44766666666666,0.0,0.03500000014901161,0.029999999329447746,0.9350000023841858,0.03500000014901161,0.9350000023841858,0.029999999329447746,0.03500000014901161,0.9350000023841858,0.029999999329447746,0.0,0.0,0.0,0.0,0.0,0.0
157,-60.505999999999986,0.0,0.03500000014901161,0.9350000023841858,0.029999999329447746,0.9399999976158142,0.029999999329447746,0.029999999329447746,0.9399999976158142,0.029999999329447746,0.029999999329447746,0.0,0.0,0.0,0.0,0.0,0.0
158,-427.1819999999999,0.0,0.04500000178813934,0.8899999856948853,0.06499999761581421,0.07999999821186066,0.8849999904632568,0.03500000014901161,0.8899999856948853,0.04500000178813934,0.06499999761581421,0.0,0.0,0.0,0.0,0.0,0.0
159,-20.317000000000004,0.0,0.03500000014901161,0.029999999329447746,0.9350000023841858,0.03500000014901161,0.029999999329447746,0.9350000023841858,0.9399999976158142,0.029999999329447746,0.029999999329447746,0.0,0.0,0.0,0.0,0.0,0.0
160,-110.73866666666672,0.0,0.03500000014901161,0.9350000023841858,0.029999999329447746,0.03500000014901161,0.9350000023841858,0.029999999329447746,0.03500000014901161,0.9350000023841858,0.029999999329447746,0.0,0.0,0.0,0.0,0.0,0.0
161,-312.77333333333326,0.0,0.9399999976158142,0.029999999329447746,0.029999999329447746,0.9399999976158142,0.029999999329447746,0.029999999329447746,0.9399999976158142,0.029999999329447746,0.029999999329447746,0.0,0.0,0.0,0.0,0.0,0.0
162,-33.22266666666665,0.0,0.03500000014901161,0.9350000023841858,0.029999999329447746,0.03999999910593033,0.9300000071525574,0.029999999329447746,0.03500000014901161,0.9350000023841858,0.029999999329447746,0.0,0.0,0.0,0.0,0.0,0.0
163,-191.52200000000005,0.0,0.04500000178813934,0.8899999856948853,0.06499999761581421,0.05999999865889549,0.8999999761581421,0.03999999910593033,0.8949999809265137,0.07000000029802322,0.03500000014901161,0.0,0.0,0.0,0.0,0.0,0.0
164,-31.07566666666665,0.0,0.03500000014901161,0.9350000023841858,0.029999999329447746,0.03500000014901161,0.9350000023841858,0.029999999329447746,0.03500000014901161,0.9350000023841858,0.029999999329447746,0.0,0.0,0.0,0.0,0.0,0.0
165,-110.24000000000005,0.0,0.03500000014901161,0.9350000023841858,0.029999999329447746,0.03999999910593033,0.9300000071525574,0.029999999329447746,0.9300000071525574,0.03999999910593033,0.029999999329447746,0.0,0.0,0.0,0.0,0.0,0.0
166,-114.76766666666667,0.0,0.03500000014901161,0.029999999329447746,0.9350000023841858,0.03500000014901161,0.9350000023841858,0.029999999329447746,0.03500000014901161,0.9350000023841858,0.029999999329447746,0.0,0.0,0.0,0.0,0.0,0.0
167,-25.765,0.0,0.03500000014901161,0.029999999329447746,0.9350000023841858,0.9399999976158142,0.029999999329447746,0.029999999329447746,0.9399999976158142,0.029999999329447746,0.029999999329447746,0.0,0.0,0.0,0.0,0.0,0.0
168,-336.6046666666665,0.0,0.03500000014901161,0.8849999904632568,0.07999999821186066,0.06499999761581421,0.8849999904632568,0.05000000074505806,0.8899999856948853,0.07000000029802322,0.03999999910593033,0.0,0.0,0.0,0.0,0.0,0.0
169,-209.35199999999995,0.0,0.05000000074505806,0.8799999952316284,0.07000000029802322,0.08500000089406967,0.8799999952316284,0.03500000014901161,0.8849999904632568,0.07500000298023224,0.03999999910593033,0.0,0.0,0.0,0.0,0.0,0.0
170,-274.77399999999994,0.0,0.03500000014901161,0.9350000023841858,0.029999999329447746,0.03500000014901161,0.9350000023841858,0.029999999329447746,0.03500000014901161,0.9350000023841858,0.029999999329447746,0.0,0.0,0.0,0.0,0.0,0.0
171,-149.97866666666658,0.0,0.03500000014901161,0.9300000071525574,0.03500000014901161,0.05000000074505806,0.9200000166893005,0.029999999329447746,0.03500000014901161,0.9300000071525574,0.03500000014901161,0.0,0.0,0.0,0.0,0.0,0.0
172,-45.704666666666654,0.0,0.03500000014901161,0.9350000023841858,0.029999999329447746,0.03500000014901161,0.9350000023841858,0.029999999329447746,0.03500000014901161,0.9350000023841858,0.029999999329447746,0.0,0.0,0.0,0.0,0.0,0.0
173,-71.96400000000006,0.0,0.03500000014901161,0.9350000023841858,0.029999999329447746,0.03500000014901161,0.9350000023841858,0.029999999329447746,0.9399999976158142,0.029999999329447746,0.029999999329447746,0.0,0.0,0.0,0.0,0.0,0.0
174,-337.5666666666667,0.0,0.05000000074505806,0.8849999904632568,0.06499999761581421,0.08500000089406967,0.8849999904632568,0.029999999329447746,0.8849999904632568,0.06499999761581421,0.05000000074505806,0.0,0.0,0.0,0.0,0.0,0.0
175,-521.1289999999999,0.0,0.04500000178813934,0.8799999952316284,0.07500000298023224,0.08500000089406967,0.8849999904632568,0.029999999329447746,0.8849999904632568,0.07999999821186066,0.03500000014901161,0.0,0.0,0.0,0.0,0.0,0.0
176,-64.71766666666666,0.0,0.03500000014901161,0.9350000023841858,0.029999999329447746,0.03999999910593033,0.04500000178813934,0.9150000214576721,0.03500000014901161,0.925000011920929,0.03999999910593033,0.0,0.0,0.0,0.0,0.0,0.0
177,-101.0826666666667,0.0,0.05000000074505806,0.9049999713897705,0.04500000178813934,0.05999999865889549,0.9049999713897705,0.03500000014901161,0.9100000262260437,0.05999999865889549,0.029999999329447746,0.0,0.0,0.0,0.0,0.0,0.0
178,-237.6686666666667,0.0,0.04500000178813934,0.03500000014901161,0.9200000166893005,0.054999999701976776,0.9150000214576721,0.029999999329447746,0.9200000166893005,0.03999999910593033,0.03999999910593033,0.0,0.0,0.0,0.0,0.0,0.0
179,-192.60166666666672,0.0,0.03500000014901161,0.9350000023841858,0.029999999329447746,0.03500000014901161,0.9350000023841858,0.029999999329447746,0.9399999976158142,0.029999999329447746,0.029999999329447746,0.0,0.0,0.0,0.0,0.0,0.0
180,-38.03833333333333,0.0,0.03500000014901161,0.9350000023841858,0.029999999329447746,0.05000000074505806,0.9200000166893005,0.029999999329447746,0.03500000014901161,0.9350000023841858,0.029999999329447746,0.0,0.0,0.0,0.0,0.0,0.0
181,-80.19933333333333,0.0,0.054999999701976776,0.8899999856948853,0.054999999701976776,0.07999999821186066,0.8899999856948853,0.029999999329447746,0.9100000262260437,0.03999999910593033,0.05000000074505806,0.0,0.0,0.0,0.0,0.0,0.0
182,-69.99933333333334,0.0,0.03500000014901161,0.9350000023841858,0.029999999329447746,0.03500000014901161,0.9350000023841858,0.029999999329447746,0.03500000014901161,0.9350000023841858,0.029999999329447746,0.0,0.0,0.0,0.0,0.0,0.0
183,-296.5589999999999,0.0,0.03500000014901161,0.9350000023841858,0.029999999329447746,0.05000000074505806,0.9200000166893005,0.029999999329447746,0.03500000014901161,0.9350000023841858,0.029999999329447746,0.0,0.0,0.0,0.0,0.0,0.0
184,-202.64966666666666,0.0,0.03500000014901161,0.9350000023841858,0.029999999329447746,0.03500000014901161,0.9350000023841858,0.029999999329447746,0.03500000014901161,0.9350000023841858,0.029999999329447746,0.0,0.0,0.0,0.0,0.0,0.0
185,-50.99199999999997,0.0,0.03500000014901161,0.9350000023841858,0.029999999329447746,0.05000000074505806,0.9200000166893005,0.029999999329447746,0.03500000014901161,0.9300000071525574,0.03500000014901161,0.0,0.0,0.0,0.0,0.0,0.0
186,-284.41433333333333,0.0,0.03500000014901161,0.9350000023841858,0.029999999329447746,0.03500000014901161,0.9350000023841858,0.029999999329447746,0.03500000014901161,0.9350000023841858,0.029999999329447746,0.0,0.0,0.0,0.0,0.0,0.0
187,-306.7226666666665,0.0,0.03500000014901161,0.029999999329447746,0.9350000023841858,0.03500000014901161,0.03500000014901161,0.9300000071525574,0.03500000014901161,0.9350000023841858,0.029999999329447746,0.0,0.0,0.0,0.0,0.0,0.0
188,-127.87699999999991,0.0,0.03999999910593033,0.9200000166893005,0.03999999910593033,0.08500000089406967,0.8799999952316284,0.03500000014901161,0.8999999761581421,0.04500000178813934,0.054999999701976776,0.0,0.0,0.0,0.0,0.0,0.0
189,-53.14166666666671,0.0,0.03500000014901161,0.9350000023841858,0.029999999329447746,0.04500000178813934,0.925000011920929,0.029999999329447746,0.03500000014901161,0.9350000023841858,0.029999999329447746,0.0,0.0,0.0,0.0,0.0,0.0
190,-206.71866666666668,0.0,0.03500000014901161,0.9350000023841858,0.029999999329447746,0.03500000014901161,0.9350000023841858,0.029999999329447746,0.03500000014901161,0.9350000023841858,0.029999999329447746,0.0,0.0,0.0,0.0,0.0,0.0
191,-26.119666666666657,0.0,0.03500000014901161,0.9350000023841858,0.029999999329447746,0.04500000178813934,0.925000011920929,0.029999999329447746,0.03500000014901161,0.9300000071525574,0.03500000014901161,0.0,0.0,0.0,0.0,0.0,0.0
192,-33.95633333333335,0.0,0.03500000014901161,0.9350000023841858,0.029999999329447746,0.03500000014901161,0.9350000023841858,0.029999999329447746,0.03500000014901161,0.9350000023841858,0.029999999329447746,0.0,0.0,0.0,0.0,0.0,0.0
193,-370.62066666666664,0.0,0.05000000074505806,0.8999999761581421,0.05000000074505806,0.07500000298023224,0.8949999809265137,0.029999999329447746,0.9049999713897705,0.04500000178813934,0.05000000074505806,0.0,0.0,0.0,0.0,0.0,0.0
194,-41.70699999999997,0.0,0.03500000014901161,0.9350000023841858,0.029999999329447746,0.03999999910593033,0.9300000071525574,0.029999999329447746,0.9350000023841858,0.029999999329447746,0.03500000014901161,0.0,0.0,0.0,0.0,0.0,0.0
195,-28.17433333333332,0.0,0.03500000014901161,0.9350000023841858,0.029999999329447746,0.03500000014901161,0.9350000023841858,0.029999999329447746,0.9399999976158142,0.029999999329447746,0.029999999329447746,0.0,0.0,0.0,0.0,0.0,0.0
196,-169.30133333333336,0.0,0.03500000014901161,0.07999999821186066,0.8849999904632568,0.8899999856948853,0.07999999821186066,0.029999999329447746,0.8949999809265137,0.04500000178813934,0.05999999865889549,0.0,0.0,0.0,0.0,0.0,0.0
197,-298.3409999999999,0.0,0.04500000178813934,0.8799999952316284,0.07500000298023224,0.08500000089406967,0.8849999904632568,0.029999999329447746,0.8899999856948853,0.07000000029802322,0.03999999910593033,0.0,0.0,0.0,0.0,0.0,0.0
198,-138.6076666666667,0.0,0.03500000014901161,0.029999999329447746,0.9350000023841858,0.9399999976158142,0.029999999329447746,0.029999999329447746,0.9399999976158142,0.029999999329447746,0.029999999329447746,0.0,0.0,0.0,0.0,0.0,0.0
199,-526.8706666666667,0.0,0.03999999910593033,0.8799999952316284,0.07999999821186066,0.08500000089406967,0.8849999904632568,0.029999999329447746,0.8849999904632568,0.07000000029802322,0.04500000178813934,0.0,0.0,0.0,0.0,0.0,0.0
200,-171.39466666666675,0.0,0.03500000014901161,0.9350000023841858,0.029999999329447746,0.03500000014901161,0.9350000023841858,0.029999999329447746,0.03500000014901161,0.9350000023841858,0.029999999329447746,0.0,0.0,0.0,0.0,0.0,0.0
201,-214.78033333333326,0.0,0.04500000178813934,0.8899999856948853,0.06499999761581421,0.07000000029802322,0.8999999761581421,0.029999999329447746,0.8899999856948853,0.07000000029802322,0.03999999910593033,0.0,0.0,0.0,0.0,0.0,0.0
202,-238.8666666666667,0.0,0.03999999910593033,0.8849999904632568,0.07500000298023224,0.07500000298023224,0.8849999904632568,0.03999999910593033,0.8849999904632568,0.08500000089406967,0.029999999329447746,0.0,0.0,0.0,0.0,0.0,0.0
203,-34.348000000000006,0.0,0.03500000014901161,0.029999999329447746,0.9350000023841858,0.03500000014901161,0.029999999329447746,0.9350000023841858,0.03500000014901161,0.029999999329447746,0.9350000023841858,0.0,0.0,0.0,0.0,0.0,0.0
204,-117.44300000000004,0.0,0.03500000014901161,0.9350000023841858,0.029999999329447746,0.03500000014901161,0.9350000023841858,0.029999999329447746,0.03500000014901161,0.9350000023841858,0.029999999329447746,0.0,0.0,0.0,0.0,0.0,0.0
205,-57.09333333333331,0.0,0.03500000014901161,0.925000011920929,0.03999999910593033,0.925000011920929,0.04500000178813934,0.029999999329447746,0.03999999910593033,0.9300000071525574,0.029999999329447746,0.0,0.0,0.0,0.0,0.0,0.0
206,-52.174333333333315,0.0,0.03500000014901161,0.9350000023841858,0.029999999329447746,0.03500000014901161,0.9350000023841858,0.029999999329447746,0.03500000014901161,0.9350000023841858,0.029999999329447746,0.0,0.0,0.0,0.0,0.0,0.0
207,-71.57100000000001,0.0,0.04500000178813934,0.9100000262260437,0.04500000178813934,0.06499999761581421,0.8999999761581421,0.03500000014901161,0.9049999713897705,0.054999999701976776,0.03999999910593033,0.0,0.0,0.0,0.0,0.0,0.0
208,-54.67666666666663,0.0,0.03500000014901161,0.9350000023841858,0.029999999329447746,0.03500000014901161,0.9350000023841858,0.029999999329447746,0.03500000014901161,0.9350000023841858,0.029999999329447746,0.0,0.0,0.0,0.0,0.0,0.0
209,-24.591666666666665,0.0,0.03500000014901161,0.9350000023841858,0.029999999329447746,0.03500000014901161,0.9350000023841858,0.029999999329447746,0.03500000014901161,0.9350000023841858,0.029999999329447746,0.0,0.0,0.0,0.0,0.0,0.0
210,-178.67500000000007,0.0,0.03500000014901161,0.9350000023841858,0.029999999329447746,0.03500000014901161,0.9350000023841858,0.029999999329447746,0.03500000014901161,0.9350000023841858,0.029999999329447746,0.0,0.0,0.0,0.0,0.0,0.0
211,-356.5293333333331,0.0,0.05000000074505806,0.8799999952316284,0.07000000029802322,0.05000000074505806,0.9150000214576721,0.03500000014901161,0.8949999809265137,0.05000000074505806,0.054999999701976776,0.0,0.0,0.0,0.0,0.0,0.0
212,-96.55433333333335,0.0,0.03500000014901161,0.9350000023841858,0.029999999329447746,0.03999999910593033,0.9300000071525574,0.029999999329447746,0.03500000014901161,0.9350000023841858,0.029999999329447746,0.0,0.0,0.0,0.0,0.0,0.0
213,-228.55899999999997,0.0,0.04500000178813934,0.8999999761581421,0.054999999701976776,0.05000000074505806,0.9150000214576721,0.03500000014901161,0.8999999761581421,0.03500000014901161,0.06499999761581421,0.0,0.0,0.0,0.0,0.0,0.0
214,-48.558000000000014,0.0,0.03500000014901161,0.9350000023841858,0.029999999329447746,0.03500000014901161,0.029999999329447746,0.9350000023841858,0.9399999976158142,0.029999999329447746,0.029999999329447746,0.0,0.0,0.0,0.0,0.0,0.0
215,-40.647666666666666,0.0,0.03500000014901161,0.9350000023841858,0.029999999329447746,0.03500000014901161,0.9350000023841858,0.029999999329447746,0.03500000014901161,0.9350000023841858,0.029999999329447746,0.0,0.0,0.0,0.0,0.0,0.0
216,-265.44266666666647,0.0,0.03500000014901161,0.029999999329447746,0.9350000023841858,0.03500000014901161,0.03500000014901161,0.9300000071525574,0.03500000014901161,0.9350000023841858,0.029999999329447746,0.0,0.0,0.0,0.0,0.0,0.0
217,-60.152333333333345,0.0,0.03999999910593033,0.9300000071525574,0.029999999329447746,0.05999999865889549,0.9100000262260437,0.029999999329447746,0.9300000071525574,0.029999999329447746,0.03999999910593033,0.0,0.0,0.0,0.0,0.0,0.0
218,-274.7800000000001,0.0,0.03500000014901161,0.9350000023841858,0.029999999329447746,0.04500000178813934,0.925000011920929,0.029999999329447746,0.03500000014901161,0.9350000023841858,0.029999999329447746,0.0,0.0,0.0,0.0,0.0,0.0
219,-44.24766666666665,0.0,0.03500000014901161,0.9350000023841858,0.029999999329447746,0.03500000014901161,0.9350000023841858,0.029999999329447746,0.03500000014901161,0.9350000023841858,0.029999999329447746,0.0,0.0,0.0,0.0,0.0,0.0
220,-42.577333333333314,0.0,0.03500000014901161,0.9350000023841858,0.029999999329447746,0.054999999701976776,0.9150000214576721,0.029999999329447746,0.03500000014901161,0.029999999329447746,0.9350000023841858,0.0,0.0,0.0,0.0,0.0,0.0
221,-316.05400000000014,0.0,0.03500000014901161,0.029999999329447746,0.9350000023841858,0.03500000014901161,0.9350000023841858,0.029999999329447746,0.03500000014901161,0.9350000023841858,0.029999999329447746,0.0,0.0,0.0,0.0,0.0,0.0
222,-28.99266666666666,0.0,0.03500000014901161,0.9350000023841858,0.029999999329447746,0.03500000014901161,0.9350000023841858,0.029999999329447746,0.9399999976158142,0.029999999329447746,0.029999999329447746,0.0,0.0,0.0,0.0,0.0,0.0
223,-138.67833333333328,0.0,0.03500000014901161,0.029999999329447746,0.9350000023841858,0.03500000014901161,0.029999999329447746,0.9350000023841858,0.03500000014901161,0.9350000023841858,0.029999999329447746,0.0,0.0,0.0,0.0,0.0,0.0
224,-33.06266666666668,0.0,0.9399999976158142,0.029999999329447746,0.029999999329447746,0.9399999976158142,0.029999999329447746,0.029999999329447746,0.9399999976158142,0.029999999329447746,0.029999999329447746,0.0,0.0,0.0,0.0,0.0,0.0
225,-36.792666666666676,0.0,0.03500000014901161,0.9350000023841858,0.029999999329447746,0.03500000014901161,0.9350000023841858,0.029999999329447746,0.03500000014901161,0.9350000023841858,0.029999999329447746,0.0,0.0,0.0,0.0,0.0,0.0
226,-435.45233333333346,0.0,0.03500000014901161,0.9350000023841858,0.029999999329447746,0.03500000014901161,0.9350000023841858,0.029999999329447746,0.03500000014901161,0.9350000023841858,0.029999999329447746,0.0,0.0,0.0,0.0,0.0,0.0
227,-238.7666666666667,0.0,0.03999999910593033,0.8899999856948853,0.07000000029802322,0.8849999904632568,0.08500000089406967,0.029999999329447746,0.8999999761581421,0.03999999910593033,0.05999999865889549,0.0,0.0,0.0,0.0,0.0,0.0
228,-46.271666666666675,0.0,0.03500000014901161,0.029999999329447746,0.9350000023841858,0.9399999976158142,0.029999999329447746,0.029999999329447746,0.9399999976158142,0.029999999329447746,0.029999999329447746,0.0,0.0,0.0,0.0,0.0,0.0
229,-178.85233333333335,0.0,0.06499999761581421,0.8799999952316284,0.054999999701976776,0.05000000074505806,0.9100000262260437,0.03999999910593033,0.8999999761581421,0.04500000178813934,0.054999999701976776,0.0,0.0,0.0,0.0,0.0,0.0
230,-338.25000000000017,0.0,0.03500000014901161,0.8949999809265137,0.07000000029802322,0.8949999809265137,0.07500000298023224,0.029999999329447746,0.8999999761581421,0.03999999910593033,0.05999999865889549,0.0,0.0,0.0,0.0,0.0,0.0
231,-174.71733333333333,0.0,0.9300000071525574,0.03999999910593033,0.029999999329447746,0.9399999976158142,0.029999999329447746,0.029999999329447746,0.9399999976158142,0.029999999329447746,0.029999999329447746,0.0,0.0,0.0,0.0,0.0,0.0
232,-203.55100000000004,0.0,0.03500000014901161,0.9350000023841858,0.029999999329447746,0.03500000014901161,0.9350000023841858,0.029999999329447746,0.03500000014901161,0.9350000023841858,0.029999999329447746,0.0,0.0,0.0,0.0,0.0,0.0
233,-65.22033333333331,0.0,0.05999999865889549,0.03999999910593033,0.8999999761581421,0.9049999713897705,0.06499999761581421,0.029999999329447746,0.925000011920929,0.029999999329447746,0.04500000178813934,0.0,0.0,0.0,0.0,0.0,0.0
234,-46.335333333333345,0.0,0.03500000014901161,0.029999999329447746,0.9350000023841858,0.03500000014901161,0.9350000023841858,0.029999999329447746,0.03500000014901161,0.9350000023841858,0.029999999329447746,0.0,0.0,0.0,0.0,0.0,0.0
235,-82.74366666666666,0.0,0.03999999910593033,0.9300000071525574,0.029999999329447746,0.03999999910593033,0.9300000071525574,0.029999999329447746,0.9200000166893005,0.03500000014901161,0.04500000178813934,0.0,0.0,0.0,0.0,0.0,0.0
236,-298.0776666666668,0.0,0.03500000014901161,0.9350000023841858,0.029999999329447746,0.03500000014901161,0.9350000023841858,0.029999999329447746,0.03500000014901161,0.9300000071525574,0.03500000014901161,0.0,0.0,0.0,0.0,0.0,0.0
237,-89.98600000000005,0.0,0.03500000014901161,0.9350000023841858,0.029999999329447746,0.9399999976158142,0.029999999329447746,0.029999999329447746,0.9399999976158142,0.029999999329447746,0.029999999329447746,0.0,0.0,0.0,0.0,0.0,0.0
238,-515.2453333333335,0.0,0.03500000014901161,0.9350000023841858,0.029999999329447746,0.03500000014901161,0.9350000023841858,0.029999999329447746,0.9100000262260437,0.05999999865889549,0.029999999329447746,0.0,0.0,0.0,0.0,0.0,0.0
239,-64.69300000000001,0.0,0.03500000014901161,0.9350000023841858,0.029999999329447746,0.03500000014901161,0.9300000071525574,0.03500000014901161,0.9150000214576721,0.03500000014901161,0.05000000074505806,0.0,0.0,0.0,0.0,0.0,0.0
240,-44.493666666666684,0.0,0.03500000014901161,0.9350000023841858,0.029999999329447746,0.03500000014901161,0.9350000023841858,0.029999999329447746,0.03500000014901161,0.9350000023841858,0.029999999329447746,0.0,0.0,0.0,0.0,0.0,0.0
241,-139.05666666666667,0.0,0.04500000178813934,0.9100000262260437,0.04500000178813934,0.05000000074505806,0.9200000166893005,0.029999999329447746,0.9100000262260437,0.03500000014901161,0.054999999701976776,0.0,0.0,0.0,0.0,0.0,0.0
242,-36.347,0.0,0.03500000014901161,0.9350000023841858,0.029999999329447746,0.03500000014901161,0.9300000071525574,0.03500000014901161,0.03500000014901161,0.9350000023841858,0.029999999329447746,0.0,0.0,0.0,0.0,0.0,0.0
243,-280.04366666666664,0.0,0.03500000014901161,0.9300000071525574,0.03500000014901161,0.03999999910593033,0.9300000071525574,0.029999999329447746,0.03500000014901161,0.9300000071525574,0.03500000014901161,0.0,0.0,0.0,0.0,0.0,0.0
244,-65.34400000000001,0.0,0.03500000014901161,0.9350000023841858,0.029999999329447746,0.04500000178813934,0.925000011920929,0.029999999329447746,0.03500000014901161,0.9300000071525574,0.03500000014901161,0.0,0.0,0.0,0.0,0.0,0.0
245,-100.12633333333333,0.0,0.03500000014901161,0.9350000023841858,0.029999999329447746,0.03999999910593033,0.9300000071525574,0.029999999329447746,0.03500000014901161,0.9300000071525574,0.03500000014901161,0.0,0.0,0.0,0.0,0.0,0.0
246,-111.983,0.0,0.03500000014901161,0.9350000023841858,0.029999999329447746,0.03500000014901161,0.9350000023841858,0.029999999329447746,0.03500000014901161,0.9350000023841858,0.029999999329447746,0.0,0.0,0.0,0.0,0.0,0.0
247,-140.6176666666667,0.0,0.03500000014901161,0.9350000023841858,0.029999999329447746,0.03500000014901161,0.9350000023841858,0.029999999329447746,0.03500000014901161,0.9350000023841858,0.029999999329447746,0.0,0.0,0.0,0.0,0.0,0.0
248,-277.6823333333334,0.0,0.03500000014901161,0.9350000023841858,0.029999999329447746,0.03999999910593033,0.9300000071525574,0.029999999329447746,0.03500000014901161,0.9350000023841858,0.029999999329447746,0.0,0.0,0.0,0.0,0.0,0.0
249,-463.1946666666669,0.0,0.05000000074505806,0.8799999952316284,0.07000000029802322,0.054999999701976776,0.9150000214576721,0.029999999329447746,0.8849999904632568,0.054999999701976776,0.05999999865889549,0.0,0.0,0.0,0.0,0.0,0.0
250,-160.88966666666667,0.0,0.03500000014901161,0.9350000023841858,0.029999999329447746,0.03500000014901161,0.9300000071525574,0.03500000014901161,0.03500000014901161,0.9350000023841858,0.029999999329447746,0.0,0.0,0.0,0.0,0.0,0.0
251,-327.525,0.0,0.03500000014901161,0.029999999329447746,0.9350000023841858,0.03500000014901161,0.029999999329447746,0.9350000023841858,0.03500000014901161,0.9350000023841858,0.029999999329447746,0.0,0.0,0.0,0.0,0.0,0.0
252,-225.12699999999992,0.0,0.03500000014901161,0.9350000023841858,0.029999999329447746,0.03500000014901161,0.9350000023841858,0.029999999329447746,0.03500000014901161,0.9350000023841858,0.029999999329447746,0.0,0.0,0.0,0.0,0.0,0.0
253,-41.64999999999997,0.0,0.03500000014901161,0.029999999329447746,0.9350000023841858,0.03500000014901161,0.029999999329447746,0.9350000023841858,0.03500000014901161,0.9350000023841858,0.029999999329447746,0.0,0.0,0.0,0.0,0.0,0.0
254,-39.788333333333355,0.0,0.9399999976158142,0.029999999329447746,0.029999999329447746,0.9399999976158142,0.029999999329447746,0.029999999329447746,0.9399999976158142,0.029999999329447746,0.029999999329447746,0.0,0.0,0.0,0.0,0.0,0.0
255,-70.99466666666667,0.0,0.03500000014901161,0.9350000023841858,0.029999999329447746,0.03500000014901161,0.9350000023841858,0.029999999329447746,0.03500000014901161,0.9350000023841858,0.029999999329447746,0.0,0.0,0.0,0.0,0.0,0.0
256,-149.91133333333337,0.0,0.03500000014901161,0.9350000023841858,0.029999999329447746,0.03500000014901161,0.9350000023841858,0.029999999329447746,0.03500000014901161,0.9350000023841858,0.029999999329447746,0.0,0.0,0.0,0.0,0.0,0.0
257,-302.6326666666667,0.0,0.04500000178813934,0.03500000014901161,0.9200000166893005,0.03500000014901161,0.05999999865889549,0.9049999713897705,0.9200000166893005,0.04500000178813934,0.03500000014901161,0.0,0.0,0.0,0.0,0.0,0.0
258,-376.85366666666664,0.0,0.05000000074505806,0.8899999856948853,0.05999999865889549,0.03999999910593033,0.9300000071525574,0.029999999329447746,0.8999999761581421,0.054999999701976776,0.04500000178813934,0.0,0.0,0.0,0.0,0.0,0.0
259,-91.31533333333337,0.0,0.054999999701976776,0.8899999856948853,0.054999999701976776,0.05000000074505806,0.9200000166893005,0.029999999329447746,0.8999999761581421,0.06499999761581421,0.03500000014901161,0.0,0.0,0.0,0.0,0.0,0.0
260,-44.376,0.0,0.03500000014901161,0.9150000214576721,0.05000000074505806,0.03999999910593033,0.9300000071525574,0.029999999329447746,0.925000011920929,0.04500000178813934,0.029999999329447746,0.0,0.0,0.0,0.0,0.0,0.0
261,-38.963666666666654,0.0,0.03500000014901161,0.9350000023841858,0.029999999329447746,0.05999999865889549,0.9049999713897705,0.03500000014901161,0.9150000214576721,0.054999999701976776,0.029999999329447746,0.0,0.0,0.0,0.0,0.0,0.0
262,-209.34033333333332,0.0,0.03500000014901161,0.9350000023841858,0.029999999329447746,0.03500000014901161,0.9350000023841858,0.029999999329447746,0.03500000014901161,0.9350000023841858,0.029999999329447746,0.0,0.0,0.0,0.0,0.0,0.0
263,-238.65166666666653,0.0,0.03500000014901161,0.9350000023841858,0.029999999329447746,0.03500000014901161,0.9350000023841858,0.029999999329447746,0.03500000014901161,0.925000011920929,0.03999999910593033,0.0,0.0,0.0,0.0,0.0,0.0
264,-35.77166666666667,0.0,0.9399999976158142,0.029999999329447746,0.029999999329447746,0.9399999976158142,0.029999999329447746,0.029999999329447746,0.9399999976158142,0.029999999329447746,0.029999999329447746,0.0,0.0,0.0,0.0,0.0,0.0
265,-617.92,0.0,0.05999999865889549,0.9049999713897705,0.03500000014901161,0.06499999761581421,0.9049999713897705,0.029999999329447746,0.9049999713897705,0.06499999761581421,0.029999999329447746,0.0,0.0,0.0,0.0,0.0,0.0
266,-647.2470000000003,0.0,0.054999999701976776,0.9049999713897705,0.03999999910593033,0.9049999713897705,0.06499999761581421,0.029999999329447746,0.9150000214576721,0.05000000074505806,0.03500000014901161,0.0,0.0,0.0,0.0,0.0,0.0
267,-23.277666666666683,0.0,0.03500000014901161,0.9350000023841858,0.029999999329447746,0.03500000014901161,0.9350000023841858,0.029999999329447746,0.03500000014901161,0.9350000023841858,0.029999999329447746,0.0,0.0,0.0,0.0,0.0,0.0
268,-160.121,0.0,0.03500000014901161,0.9350000023841858,0.029999999329447746,0.9399999976158142,0.029999999329447746,0.029999999329447746,0.9399999976158142,0.029999999329447746,0.029999999329447746,0.0,0.0,0.0,0.0,0.0,0.0
269,-140.97866666666673,0.0,0.05999999865889549,0.8799999952316284,0.05999999865889549,0.06499999761581421,0.9049999713897705,0.029999999329447746,0.8849999904632568,0.05999999865889549,0.054999999701976776,0.0,0.0,0.0,0.0,0.0,0.0
270,-33.30466666666668,0.0,0.03500000014901161,0.029999999329447746,0.9350000023841858,0.03500000014901161,0.029999999329447746,0.9350000023841858,0.03500000014901161,0.9350000023841858,0.029999999329447746,0.0,0.0,0.0,0.0,0.0,0.0
271,-50.13300000000003,0.0,0.03500000014901161,0.9350000023841858,0.029999999329447746,0.03500000014901161,0.9350000023841858,0.029999999329447746,0.9399999976158142,0.029999999329447746,0.029999999329447746,0.0,0.0,0.0,0.0,0.0,0.0
272,-157.51366666666664,0.0,0.03500000014901161,0.9350000023841858,0.029999999329447746,0.03500000014901161,0.9350000023841858,0.029999999329447746,0.03500000014901161,0.9350000023841858,0.029999999329447746,0.0,0.0,0.0,0.0,0.0,0.0
273,-24.548999999999996,0.0,0.03500000014901161,0.9350000023841858,0.029999999329447746,0.03999999910593033,0.9300000071525574,0.029999999329447746,0.03500000014901161,0.9350000023841858,0.029999999329447746,0.0,0.0,0.0,0.0,0.0,0.0
274,-70.61099999999996,0.0,0.03500000014901161,0.029999999329447746,0.9350000023841858,0.03500000014901161,0.9350000023841858,0.029999999329447746,0.03500000014901161,0.9300000071525574,0.03500000014901161,0.0,0.0,0.0,0.0,0.0,0.0
275,-83.34066666666669,0.0,0.06499999761581421,0.03500000014901161,0.8999999761581421,0.05999999865889549,0.9100000262260437,0.029999999329447746,0.8999999761581421,0.06499999761581421,0.03500000014901161,0.0,0.0,0.0,0.0,0.0,0.0
276,-79.32500000000003,0.0,0.03500000014901161,0.9350000023841858,0.029999999329447746,0.03500000014901161,0.9350000023841858,0.029999999329447746,0.03500000014901161,0.9350000023841858,0.029999999329447746,0.0,0.0,0.0,0.0,0.0,0.0
277,-268.95133333333337,0.0,0.03500000014901161,0.9350000023841858,0.029999999329447746,0.03500000014901161,0.9350000023841858,0.029999999329447746,0.03500000014901161,0.9200000166893005,0.04500000178813934,0.0,0.0,0.0,0.0,0.0,0.0
278,-63.61033333333332,0.0,0.03500000014901161,0.9350000023841858,0.029999999329447746,0.03500000014901161,0.9350000023841858,0.029999999329447746,0.03500000014901161,0.9350000023841858,0.029999999329447746,0.0,0.0,0.0,0.0,0.0,0.0
279,-100.61833333333334,0.0,0.054999999701976776,0.04500000178813934,0.8999999761581421,0.8899999856948853,0.07999999821186066,0.029999999329447746,0.8999999761581421,0.054999999701976776,0.04500000178813934,0.0,0.0,0.0,0.0,0.0,0.0
280,-204.79033333333328,0.0,0.04500000178813934,0.9100000262260437,0.04500000178813934,0.03999999910593033,0.9300000071525574,0.029999999329447746,0.9100000262260437,0.05999999865889549,0.029999999329447746,0.0,0.0,0.0,0.0,0.0,0.0
281,-36.93499999999999,0.0,0.03500000014901161,0.029999999329447746,0.9350000023841858,0.03500000014901161,0.03500000014901161,0.9300000071525574,0.9350000023841858,0.03500000014901161,0.029999999329447746,0.0,0.0,0.0,0.0,0.0,0.0
282,-121.81566666666666,0.0,0.04500000178813934,0.9049999713897705,0.05000000074505806,0.05000000074505806,0.9200000166893005,0.029999999329447746,0.9100000262260437,0.054999999701976776,0.03500000014901161,0.0,0.0,0.0,0.0,0.0,0.0
283,-278.3446666666666,0.0,0.03500000014901161,0.9350000023841858,0.029999999329447746,0.03500000014901161,0.9350000023841858,0.029999999329447746,0.9399999976158142,0.029999999329447746,0.029999999329447746,0.0,0.0,0.0,0.0,0.0,0.0
284,-263.0973333333334,0.0,0.07000000029802322,0.8799999952316284,0.05000000074505806,0.05000000074505806,0.9200000166893005,0.029999999329447746,0.8849999904632568,0.054999999701976776,0.05999999865889549,0.0,0.0,0.0,0.0,0.0,0.0
285,-235.97266666666653,0.0,0.07000000029802322,0.875,0.054999999701976776,0.07999999821186066,0.8849999904632568,0.03500000014901161,0.8849999904632568,0.07000000029802322,0.04500000178813934,0.0,0.0,0.0,0.0,0.0,0.0
286,-371.95599999999985,0.0,0.054999999701976776,0.9150000214576721,0.029999999329447746,0.054999999701976776,0.9049999713897705,0.03999999910593033,0.8899999856948853,0.04500000178813934,0.06499999761581421,0.0,0.0,0.0,0.0,0.0,0.0
287,-264.8466666666665,0.0,0.03500000014901161,0.9350000023841858,0.029999999329447746,0.03500000014901161,0.9350000023841858,0.029999999329447746,0.03500000014901161,0.9350000023841858,0.029999999329447746,0.0,0.0,0.0,0.0,0.0,0.0
288,-130.164,0.0,0.03500000014901161,0.029999999329447746,0.9350000023841858,0.9399999976158142,0.029999999329447746,0.029999999329447746,0.9399999976158142,0.029999999329447746,0.029999999329447746,0.0,0.0,0.0,0.0,0.0,0.0
289,-51.34066666666665,0.0,0.03500000014901161,0.9350000023841858,0.029999999329447746,0.03500000014901161,0.9350000023841858,0.029999999329447746,0.03500000014901161,0.9350000023841858,0.029999999329447746,0.0,0.0,0.0,0.0,0.0,0.0
290,-39.417333333333325,0.0,0.03500000014901161,0.9350000023841858,0.029999999329447746,0.04500000178813934,0.925000011920929,0.029999999329447746,0.9300000071525574,0.03500000014901161,0.03500000014901161,0.0,0.0,0.0,0.0,0.0,0.0
291,-589.4463333333333,0.0,0.06499999761581421,0.8899999856948853,0.04500000178813934,0.8899999856948853,0.07999999821186066,0.029999999329447746,0.8999999761581421,0.029999999329447746,0.07000000029802322,0.0,0.0,0.0,0.0,0.0,0.0
292,-208.98833333333343,0.0,0.9399999976158142,0.029999999329447746,0.029999999329447746,0.9399999976158142,0.029999999329447746,0.029999999329447746,0.9399999976158142,0.029999999329447746,0.029999999329447746,0.0,0.0,0.0,0.0,0.0,0.0
293,-65.64233333333337,0.0,0.03500000014901161,0.9350000023841858,0.029999999329447746,0.03500000014901161,0.9350000023841858,0.029999999329447746,0.03500000014901161,0.9350000023841858,0.029999999329447746,0.0,0.0,0.0,0.0,0.0,0.0
294,-289.85766666666666,0.0,0.05999999865889549,0.8799999952316284,0.05999999865889549,0.07500000298023224,0.8899999856948853,0.03500000014901161,0.8799999952316284,0.07999999821186066,0.03999999910593033,0.0,0.0,0.0,0.0,0.0,0.0
295,-123.12066666666662,0.0,0.04500000178813934,0.8899999856948853,0.06499999761581421,0.07500000298023224,0.8949999809265137,0.029999999329447746,0.8949999809265137,0.07500000298023224,0.029999999329447746,0.0,0.0,0.0,0.0,0.0,0.0
296,-27.344999999999995,0.0,0.03500000014901161,0.029999999329447746,0.9350000023841858,0.03500000014901161,0.029999999329447746,0.9350000023841858,0.03500000014901161,0.029999999329447746,0.9350000023841858,0.0,0.0,0.0,0.0,0.0,0.0
297,-39.666999999999994,0.0,0.03500000014901161,0.029999999329447746,0.9350000023841858,0.03500000014901161,0.9350000023841858,0.029999999329447746,0.03500000014901161,0.9350000023841858,0.029999999329447746,0.0,0.0,0.0,0.0,0.0,0.0
298,-242.7286666666666,0.0,0.07500000298023224,0.8849999904632568,0.03999999910593033,0.07500000298023224,0.8899999856948853,0.03500000014901161,0.8899999856948853,0.07000000029802322,0.03999999910593033,0.0,0.0,0.0,0.0,0.0,0.0
299,-30.448333333333334,0.0,0.03500000014901161,0.9350000023841858,0.029999999329447746,0.03999999910593033,0.925000011920929,0.03500000014901161,0.03500000014901161,0.9350000023841858,0.029999999329447746,0.0,0.0,0.0,0.0,0.0,0.0
300,-193.68500000000006,0.0,0.03500000014901161,0.029999999329447746,0.9350000023841858,0.03500000014901161,0.9350000023841858,0.029999999329447746,0.03500000014901161,0.9350000023841858,0.029999999329447746,0.0,0.0,0.0,0.0,0.0,0.0
301,-271.375,0.0,0.05999999865889549,0.9100000262260437,0.029999999329447746,0.9100000262260437,0.05999999865889549,0.029999999329447746,0.9350000023841858,0.029999999329447746,0.03500000014901161,0.0,0.0,0.0,0.0,0.0,0.0
302,-48.150666666666645,0.0,0.03500000014901161,0.9350000023841858,0.029999999329447746,0.03999999910593033,0.9300000071525574,0.029999999329447746,0.03500000014901161,0.9350000023841858,0.029999999329447746,0.0,0.0,0.0,0.0,0.0,0.0
303,-141.02733333333327,0.0,0.05999999865889549,0.8849999904632568,0.054999999701976776,0.07000000029802322,0.8899999856948853,0.03999999910593033,0.8899999856948853,0.07000000029802322,0.03999999910593033,0.0,0.0,0.0,0.0,0.0,0.0
304,-88.181,0.0,0.03500000014901161,0.9350000023841858,0.029999999329447746,0.03999999910593033,0.9300000071525574,0.029999999329447746,0.03500000014901161,0.9350000023841858,0.029999999329447746,0.0,0.0,0.0,0.0,0.0,0.0
305,-44.64600000000004,0.0,0.03500000014901161,0.9350000023841858,0.029999999329447746,0.03999999910593033,0.9300000071525574,0.029999999329447746,0.03500000014901161,0.9350000023841858,0.029999999329447746,0.0,0.0,0.0,0.0,0.0,0.0
306,-84.49166666666672,0.0,0.9399999976158142,0.029999999329447746,0.029999999329447746,0.9399999976158142,0.029999999329447746,0.029999999329447746,0.9399999976158142,0.029999999329447746,0.029999999329447746,0.0,0.0,0.0,0.0,0.0,0.0
307,-94.41600000000004,0.0,0.07000000029802322,0.8799999952316284,0.05000000074505806,0.07500000298023224,0.8799999952316284,0.04500000178813934,0.8849999904632568,0.07500000298023224,0.03999999910593033,0.0,0.0,0.0,0.0,0.0,0.0
308,-105.22433333333335,0.0,0.05999999865889549,0.8999999761581421,0.03999999910593033,0.07500000298023224,0.8899999856948853,0.03500000014901161,0.9049999713897705,0.05000000074505806,0.04500000178813934,0.0,0.0,0.0,0.0,0.0,0.0
309,-299.83799999999997,0.0,0.03500000014901161,0.9350000023841858,0.029999999329447746,0.03500000014901161,0.9350000023841858,0.029999999329447746,0.03500000014901161,0.9350000023841858,0.029999999329447746,0.0,0.0,0.0,0.0,0.0,0.0
310,-29.450666666666656,0.0,0.03500000014901161,0.9350000023841858,0.029999999329447746,0.03500000014901161,0.9350000023841858,0.029999999329447746,0.03500000014901161,0.9350000023841858,0.029999999329447746,0.0,0.0,0.0,0.0,0.0,0.0
311,-226.49133333333324,0.0,0.03500000014901161,0.9350000023841858,0.029999999329447746,0.03500000014901161,0.9350000023841858,0.029999999329447746,0.03500000014901161,0.9350000023841858,0.029999999329447746,0.0,0.0,0.0,0.0,0.0,0.0
312,-98.98200000000006,0.0,0.03500000014901161,0.9350000023841858,0.029999999329447746,0.03500000014901161,0.9350000023841858,0.029999999329447746,0.03500000014901161,0.9350000023841858,0.029999999329447746,0.0,0.0,0.0,0.0,0.0,0.0
313,-41.848333333333336,0.0,0.03500000014901161,0.9350000023841858,0.029999999329447746,0.054999999701976776,0.9100000262260437,0.03500000014901161,0.9200000166893005,0.03500000014901161,0.04500000178813934,0.0,0.0,0.0,0.0,0.0,0.0
314,-36.33533333333337,0.0,0.03500000014901161,0.029999999329447746,0.9350000023841858,0.03500000014901161,0.03999999910593033,0.925000011920929,0.03500000014901161,0.029999999329447746,0.9350000023841858,0.0,0.0,0.0,0.0,0.0,0.0
315,-63.965666666666685,0.0,0.03500000014901161,0.9350000023841858,0.029999999329447746,0.03500000014901161,0.9350000023841858,0.029999999329447746,0.03500000014901161,0.9350000023841858,0.029999999329447746,0.0,0.0,0.0,0.0,0.0,0.0
316,-172.40799999999993,0.0,0.03500000014901161,0.9350000023841858,0.029999999329447746,0.03500000014901161,0.9300000071525574,0.03500000014901161,0.03500000014901161,0.9350000023841858,0.029999999329447746,0.0,0.0,0.0,0.0,0.0,0.0
317,-18.235,0.0,0.03500000014901161,0.9350000023841858,0.029999999329447746,0.03500000014901161,0.9350000023841858,0.029999999329447746,0.03500000014901161,0.9350000023841858,0.029999999329447746,0.0,0.0,0.0,0.0,0.0,0.0
318,-43.34833333333332,0.0,0.03500000014901161,0.9350000023841858,0.029999999329447746,0.03500000014901161,0.9350000023841858,0.029999999329447746,0.03500000014901161,0.9350000023841858,0.029999999329447746,0.0,0.0,0.0,0.0,0.0,0.0
319,-299.6373333333334,0.0,0.05000000074505806,0.8799999952316284,0.07000000029802322,0.06499999761581421,0.8799999952316284,0.054999999701976776,0.8799999952316284,0.05000000074505806,0.07000000029802322,0.0,0.0,0.0,0.0,0.0,0.0
320,-166.53766666666672,0.0,0.03500000014901161,0.029999999329447746,0.9350000023841858,0.03500000014901161,0.9350000023841858,0.029999999329447746,0.03500000014901161,0.9350000023841858,0.029999999329447746,0.0,0.0,0.0,0.0,0.0,0.0
321,-484.57666666666665,0.0,0.06499999761581421,0.8799999952316284,0.054999999701976776,0.07500000298023224,0.8799999952316284,0.04500000178813934,0.8799999952316284,0.06499999761581421,0.054999999701976776,0.0,0.0,0.0,0.0,0.0,0.0
322,-347.68333333333334,0.0,0.03500000014901161,0.9350000023841858,0.029999999329447746,0.03500000014901161,0.9350000023841858,0.029999999329447746,0.03500000014901161,0.9350000023841858,0.029999999329447746,0.0,0.0,0.0,0.0,0.0,0.0
323,-114.34866666666667,0.0,0.03500000014901161,0.029999999329447746,0.9350000023841858,0.9399999976158142,0.029999999329447746,0.029999999329447746,0.9399999976158142,0.029999999329447746,0.029999999329447746,0.0,0.0,0.0,0.0,0.0,0.0
324,-55.98699999999998,0.0,0.04500000178813934,0.9200000166893005,0.03500000014901161,0.05999999865889549,0.03500000014901161,0.9049999713897705,0.9100000262260437,0.05000000074505806,0.03999999910593033,0.0,0.0,0.0,0.0,0.0,0.0
325,-235.53066666666666,0.0,0.03500000014901161,0.029999999329447746,0.9350000023841858,0.03500000014901161,0.029999999329447746,0.9350000023841858,0.03500000014901161,0.9350000023841858,0.029999999329447746,0.0,0.0,0.0,0.0,0.0,0.0
326,-62.08966666666668,0.0,0.03500000014901161,0.9350000023841858,0.029999999329447746,0.04500000178813934,0.9200000166893005,0.03500000014901161,0.9300000071525574,0.03500000014901161,0.03500000014901161,0.0,0.0,0.0,0.0,0.0,0.0
327,-453.4329999999999,0.0,0.05999999865889549,0.8799999952316284,0.05999999865889549,0.07000000029802322,0.8849999904632568,0.04500000178813934,0.8849999904632568,0.05999999865889549,0.054999999701976776,0.0,0.0,0.0,0.0,0.0,0.0
328,-34.16099999999999,0.0,0.03500000014901161,0.9350000023841858,0.029999999329447746,0.03500000014901161,0.9350000023841858,0.029999999329447746,0.03500000014901161,0.9350000023841858,0.029999999329447746,0.0,0.0,0.0,0.0,0.0,0.0
329,-38.030666666666654,0.0,0.03500000014901161,0.9350000023841858,0.029999999329447746,0.03500000014901161,0.9350000023841858,0.029999999329447746,0.03500000014901161,0.9350000023841858,0.029999999329447746,0.0,0.0,0.0,0.0,0.0,0.0
330,-48.355,0.0,0.03500000014901161,0.9350000023841858,0.029999999329447746,0.03500000014901161,0.9350000023841858,0.029999999329447746,0.9399999976158142,0.029999999329447746,0.029999999329447746,0.0,0.0,0.0,0.0,0.0,0.0
331,-52.258666666666706,0.0,0.03500000014901161,0.9350000023841858,0.029999999329447746,0.03500000014901161,0.9350000023841858,0.029999999329447746,0.03500000014901161,0.9350000023841858,0.029999999329447746,0.0,0.0,0.0,0.0,0.0,0.0
332,-48.35066666666665,0.0,0.03500000014901161,0.9350000023841858,0.029999999329447746,0.03500000014901161,0.9350000023841858,0.029999999329447746,0.03500000014901161,0.9350000023841858,0.029999999329447746,0.0,0.0,0.0,0.0,0.0,0.0
333,-246.88300000000018,0.0,0.06499999761581421,0.8849999904632568,0.05000000074505806,0.8899999856948853,0.054999999701976776,0.054999999701976776,0.8949999809265137,0.029999999329447746,0.07500000298023224,0.0,0.0,0.0,0.0,0.0,0.0
334,-180.4863333333333,0.0,0.03999999910593033,0.9100000262260437,0.05000000074505806,0.07500000298023224,0.8799999952316284,0.04500000178813934,0.8999999761581421,0.06499999761581421,0.03500000014901161,0.0,0.0,0.0,0.0,0.0,0.0
335,-142.68333333333337,0.0,0.03999999910593033,0.8899999856948853,0.07000000029802322,0.06499999761581421,0.8899999856948853,0.04500000178813934,0.8899999856948853,0.07500000298023224,0.03500000014901161,0.0,0.0,0.0,0.0,0.0,0.0
336,-246.42766666666674,0.0,0.03500000014901161,0.9350000023841858,0.029999999329447746,0.03500000014901161,0.9350000023841858,0.029999999329447746,0.9399999976158142,0.029999999329447746,0.029999999329447746,0.0,0.0,0.0,0.0,0.0,0.0
337,-102.80399999999997,0.0,0.04500000178813934,0.9049999713897705,0.05000000074505806,0.05000000074505806,0.9100000262260437,0.03999999910593033,0.9100000262260437,0.04500000178813934,0.04500000178813934,0.0,0.0,0.0,0.0,0.0,0.0
338,-131.52666666666673,0.0,0.03500000014901161,0.9350000023841858,0.029999999329447746,0.03999999910593033,0.9200000166893005,0.03999999910593033,0.03500000014901161,0.925000011920929,0.03999999910593033,0.0,0.0,0.0,0.0,0.0,0.0
339,-48.864333333333335,0.0,0.03500000014901161,0.9350000023841858,0.029999999329447746,0.03500000014901161,0.925000011920929,0.03999999910593033,0.03500000014901161,0.9300000071525574,0.03500000014901161,0.0,0.0,0.0,0.0,0.0,0.0
340,-285.32166666666666,0.0,0.05000000074505806,0.8999999761581421,0.05000000074505806,0.04500000178813934,0.8999999761581421,0.054999999701976776,0.9049999713897705,0.05000000074505806,0.04500000178813934,0.0,0.0,0.0,0.0,0.0,0.0
341,-228.0896666666666,0.0,0.03999999910593033,0.8799999952316284,0.07999999821186066,0.06499999761581421,0.8799999952316284,0.054999999701976776,0.8849999904632568,0.06499999761581421,0.05000000074505806,0.0,0.0,0.0,0.0,0.0,0.0
342,-55.23866666666664,0.0,0.03500000014901161,0.029999999329447746,0.9350000023841858,0.03500000014901161,0.03500000014901161,0.9300000071525574,0.03500000014901161,0.029999999329447746,0.9350000023841858,0.0,0.0,0.0,0.0,0.0,0.0
343,-47.62833333333335,0.0,0.03500000014901161,0.9350000023841858,0.029999999329447746,0.03999999910593033,0.9300000071525574,0.029999999329447746,0.03500000014901161,0.9350000023841858,0.029999999329447746,0.0,0.0,0.0,0.0,0.0,0.0
344,-199.92233333333348,0.0,0.04500000178813934,0.8899999856948853,0.06499999761581421,0.05999999865889549,0.8849999904632568,0.054999999701976776,0.8899999856948853,0.06499999761581421,0.04500000178813934,0.0,0.0,0.0,0.0,0.0,0.0
345,-503.41866666666664,0.0,0.03500000014901161,0.9350000023841858,0.029999999329447746,0.03500000014901161,0.9350000023841858,0.029999999329447746,0.03500000014901161,0.9350000023841858,0.029999999329447746,0.0,0.0,0.0,0.0,0.0,0.0
346,-36.62000000000001,0.0,0.03500000014901161,0.9350000023841858,0.029999999329447746,0.03500000014901161,0.9350000023841858,0.029999999329447746,0.03500000014901161,0.9350000023841858,0.029999999329447746,0.0,0.0,0.0,0.0,0.0,0.0
347,-125.62233333333333,0.0,0.03500000014901161,0.9300000071525574,0.03500000014901161,0.03999999910593033,0.9200000166893005,0.03999999910593033,0.925000011920929,0.03999999910593033,0.03500000014901161,0.0,0.0,0.0,0.0,0.0,0.0
348,-81.44666666666667,0.0,0.03500000014901161,0.9350000023841858,0.029999999329447746,0.054999999701976776,0.9150000214576721,0.029999999329447746,0.03500000014901161,0.9350000023841858,0.029999999329447746,0.0,0.0,0.0,0.0,0.0,0.0
349,-41.66466666666666,0.0,0.03500000014901161,0.9350000023841858,0.029999999329447746,0.03500000014901161,0.9350000023841858,0.029999999329447746,0.03500000014901161,0.9350000023841858,0.029999999329447746,0.0,0.0,0.0,0.0,0.0,0.0
350,-691.9229999999998,0.0,0.07999999821186066,0.8799999952316284,0.03999999910593033,0.03999999910593033,0.875,0.08500000089406967,0.8799999952316284,0.05000000074505806,0.07000000029802322,0.0,0.0,0.0,0.0,0.0,0.0
351,-235.80933333333326,0.0,0.08500000089406967,0.8799999952316284,0.03500000014901161,0.07000000029802322,0.875,0.054999999701976776,0.8849999904632568,0.05000000074505806,0.06499999761581421,0.0,0.0,0.0,0.0,0.0,0.0
352,-87.25566666666664,0.0,0.03500000014901161,0.9350000023841858,0.029999999329447746,0.03999999910593033,0.9300000071525574,0.029999999329447746,0.03500000014901161,0.9350000023841858,0.029999999329447746,0.0,0.0,0.0,0.0,0.0,0.0
353,-51.445666666666654,0.0,0.03500000014901161,0.9350000023841858,0.029999999329447746,0.03500000014901161,0.9350000023841858,0.029999999329447746,0.03500000014901161,0.9350000023841858,0.029999999329447746,0.0,0.0,0.0,0.0,0.0,0.0
354,-223.26600000000005,0.0,0.03500000014901161,0.9350000023841858,0.029999999329447746,0.03500000014901161,0.9350000023841858,0.029999999329447746,0.9399999976158142,0.029999999329447746,0.029999999329447746,0.0,0.0,0.0,0.0,0.0,0.0
355,-382.1186666666667,0.0,0.03500000014901161,0.9350000023841858,0.029999999329447746,0.03500000014901161,0.9350000023841858,0.029999999329447746,0.03500000014901161,0.9350000023841858,0.029999999329447746,0.0,0.0,0.0,0.0,0.0,0.0
356,-95.6473333333333,0.0,0.03500000014901161,0.029999999329447746,0.9350000023841858,0.03500000014901161,0.9350000023841858,0.029999999329447746,0.03500000014901161,0.9350000023841858,0.029999999329447746,0.0,0.0,0.0,0.0,0.0,0.0
357,-344.88400000000007,0.0,0.03500000014901161,0.9350000023841858,0.029999999329447746,0.03500000014901161,0.9350000023841858,0.029999999329447746,0.03500000014901161,0.9350000023841858,0.029999999329447746,0.0,0.0,0.0,0.0,0.0,0.0
358,-142.9236666666666,0.0,0.03500000014901161,0.9350000023841858,0.029999999329447746,0.04500000178813934,0.925000011920929,0.029999999329447746,0.03500000014901161,0.9350000023841858,0.029999999329447746,0.0,0.0,0.0,0.0,0.0,0.0
359,-262.855,0.0,0.03500000014901161,0.9350000023841858,0.029999999329447746,0.03500000014901161,0.9350000023841858,0.029999999329447746,0.03500000014901161,0.9350000023841858,0.029999999329447746,0.0,0.0,0.0,0.0,0.0,0.0
360,-326.47366666666653,0.0,0.07500000298023224,0.8799999952316284,0.04500000178813934,0.054999999701976776,0.8799999952316284,0.06499999761581421,0.8849999904632568,0.07500000298023224,0.03999999910593033,0.0,0.0,0.0,0.0,0.0,0.0
361,-36.15566666666666,0.0,0.03500000014901161,0.9350000023841858,0.029999999329447746,0.03500000014901161,0.9350000023841858,0.029999999329447746,0.03500000014901161,0.9350000023841858,0.029999999329447746,0.0,0.0,0.0,0.0,0.0,0.0
362,-134.09533333333334,0.0,0.03500000014901161,0.9350000023841858,0.029999999329447746,0.03500000014901161,0.9350000023841858,0.029999999329447746,0.03500000014901161,0.9350000023841858,0.029999999329447746,0.0,0.0,0.0,0.0,0.0,0.0
363,-532.5843333333335,0.0,0.06499999761581421,0.8799999952316284,0.054999999701976776,0.054999999701976776,0.875,0.07000000029802322,0.8849999904632568,0.07999999821186066,0.03500000014901161,0.0,0.0,0.0,0.0,0.0,0.0
364,-91.66366666666669,0.0,0.03500000014901161,0.029999999329447746,0.9350000023841858,0.03500000014901161,0.9350000023841858,0.029999999329447746,0.9399999976158142,0.029999999329447746,0.029999999329447746,0.0,0.0,0.0,0.0,0.0,0.0
365,-73.83200000000001,0.0,0.03999999910593033,0.8899999856948853,0.07000000029802322,0.8899999856948853,0.03500000014901161,0.07500000298023224,0.8999999761581421,0.029999999329447746,0.07000000029802322,0.0,0.0,0.0,0.0,0.0,0.0
366,-353.30566666666687,0.0,0.03500000014901161,0.029999999329447746,0.9350000023841858,0.03500000014901161,0.029999999329447746,0.9350000023841858,0.03500000014901161,0.9350000023841858,0.029999999329447746,0.0,0.0,0.0,0.0,0.0,0.0
367,-222.52700000000004,0.0,0.03999999910593033,0.8799999952316284,0.07999999821186066,0.054999999701976776,0.8799999952316284,0.06499999761581421,0.8849999904632568,0.06499999761581421,0.05000000074505806,0.0,0.0,0.0,0.0,0.0,0.0
368,-64.46866666666664,0.0,0.03500000014901161,0.9350000023841858,0.029999999329447746,0.03500000014901161,0.9350000023841858,0.029999999329447746,0.9399999976158142,0.029999999329447746,0.029999999329447746,0.0,0.0,0.0,0.0,0.0,0.0
369,-105.61933333333334,0.0,0.9399999976158142,0.029999999329447746,0.029999999329447746,0.9399999976158142,0.029999999329447746,0.029999999329447746,0.9399999976158142,0.029999999329447746,0.029999999329447746,0.0,0.0,0.0,0.0,0.0,0.0
370,-34.48033333333332,0.0,0.03500000014901161,0.9350000023841858,0.029999999329447746,0.03500000014901161,0.029999999329447746,0.9350000023841858,0.03500000014901161,0.9350000023841858,0.029999999329447746,0.0,0.0,0.0,0.0,0.0,0.0
371,-116.50233333333328,0.0,0.03999999910593033,0.8899999856948853,0.07000000029802322,0.9049999713897705,0.03999999910593033,0.054999999701976776,0.9200000166893005,0.029999999329447746,0.05000000074505806,0.0,0.0,0.0,0.0,0.0,0.0
372,-128.5096666666667,0.0,0.04500000178813934,0.8799999952316284,0.07500000298023224,0.06499999761581421,0.875,0.05999999865889549,0.8849999904632568,0.04500000178813934,0.07000000029802322,0.0,0.0,0.0,0.0,0.0,0.0
373,-240.72266666666678,0.0,0.03500000014901161,0.9350000023841858,0.029999999329447746,0.03500000014901161,0.9350000023841858,0.029999999329447746,0.03500000014901161,0.9350000023841858,0.029999999329447746,0.0,0.0,0.0,0.0,0.0,0.0
374,-40.08233333333335,0.0,0.03500000014901161,0.9350000023841858,0.029999999329447746,0.03500000014901161,0.9350000023841858,0.029999999329447746,0.03500000014901161,0.9350000023841858,0.029999999329447746,0.0,0.0,0.0,0.0,0.0,0.0
375,-36.77866666666665,0.0,0.03500000014901161,0.9350000023841858,0.029999999329447746,0.03500000014901161,0.9350000023841858,0.029999999329447746,0.03500000014901161,0.9350000023841858,0.029999999329447746,0.0,0.0,0.0,0.0,0.0,0.0
376,-21.676,0.0,0.03500000014901161,0.9350000023841858,0.029999999329447746,0.03500000014901161,0.9350000023841858,0.029999999329447746,0.03500000014901161,0.9350000023841858,0.029999999329447746,0.0,0.0,0.0,0.0,0.0,0.0
377,-142.9366666666667,0.0,0.03500000014901161,0.9350000023841858,0.029999999329447746,0.03999999910593033,0.9300000071525574,0.029999999329447746,0.03500000014901161,0.9300000071525574,0.03500000014901161,0.0,0.0,0.0,0.0,0.0,0.0
378,-46.19600000000002,0.0,0.03500000014901161,0.029999999329447746,0.9350000023841858,0.03500000014901161,0.9350000023841858,0.029999999329447746,0.03500000014901161,0.9350000023841858,0.029999999329447746,0.0,0.0,0.0,0.0,0.0,0.0
379,-253.67333333333326,0.0,0.03500000014901161,0.9350000023841858,0.029999999329447746,0.03500000014901161,0.9350000023841858,0.029999999329447746,0.03500000014901161,0.9300000071525574,0.03500000014901161,0.0,0.0,0.0,0.0,0.0,0.0
380,-35.56100000000001,0.0,0.03500000014901161,0.029999999329447746,0.9350000023841858,0.03500000014901161,0.029999999329447746,0.9350000023841858,0.03500000014901161,0.029999999329447746,0.9350000023841858,0.0,0.0,0.0,0.0,0.0,0.0
381,-144.06966666666665,0.0,0.05000000074505806,0.8949999809265137,0.054999999701976776,0.054999999701976776,0.8949999809265137,0.05000000074505806,0.8949999809265137,0.03999999910593033,0.06499999761581421,0.0,0.0,0.0,0.0,0.0,0.0
382,-278.62733333333335,0.0,0.03500000014901161,0.029999999329447746,0.9350000023841858,0.03500000014901161,0.03500000014901161,0.9300000071525574,0.03500000014901161,0.029999999329447746,0.9350000023841858,0.0,0.0,0.0,0.0,0.0,0.0
383,-274.93400000000014,0.0,0.04500000178813934,0.8999999761581421,0.054999999701976776,0.054999999701976776,0.8849999904632568,0.05999999865889549,0.8849999904632568,0.07000000029802322,0.04500000178813934,0.0,0.0,0.0,0.0,0.0,0.0
384,-41.329333333333345,0.0,0.03500000014901161,0.03500000014901161,0.9300000071525574,0.03999999910593033,0.925000011920929,0.03500000014901161,0.9350000023841858,0.029999999329447746,0.03500000014901161,0.0,0.0,0.0,0.0,0.0,0.0
385,-169.06200000000004,0.0,0.03500000014901161,0.9350000023841858,0.029999999329447746,0.03500000014901161,0.9350000023841858,0.029999999329447746,0.03500000014901161,0.9350000023841858,0.029999999329447746,0.0,0.0,0.0,0.0,0.0,0.0
386,-104.37066666666668,0.0,0.03999999910593033,0.9100000262260437,0.05000000074505806,0.05000000074505806,0.9049999713897705,0.04500000178813934,0.9100000262260437,0.05000000074505806,0.03999999910593033,0.0,0.0,0.0,0.0,0.0,0.0
387,-57.812666666666665,0.0,0.03500000014901161,0.9350000023841858,0.029999999329447746,0.04500000178813934,0.925000011920929,0.029999999329447746,0.9300000071525574,0.03999999910593033,0.029999999329447746,0.0,0.0,0.0,0.0,0.0,0.0
388,-65.34866666666663,0.0,0.03500000014901161,0.9350000023841858,0.029999999329447746,0.03500000014901161,0.9350000023841858,0.029999999329447746,0.9399999976158142,0.029999999329447746,0.029999999329447746,0.0,0.0,0.0,0.0,0.0,0.0
389,-47.413333333333355,0.0,0.03500000014901161,0.9350000023841858,0.029999999329447746,0.03999999910593033,0.9300000071525574,0.029999999329447746,0.03500000014901161,0.9350000023841858,0.029999999329447746,0.0,0.0,0.0,0.0,0.0,0.0
390,-404.43666666666667,0.0,0.05000000074505806,0.8949999809265137,0.054999999701976776,0.05999999865889549,0.8999999761581421,0.03999999910593033,0.8999999761581421,0.05000000074505806,0.05000000074505806,0.0,0.0,0.0,0.0,0.0,0.0
391,-40.16366666666668,0.0,0.03500000014901161,0.9350000023841858,0.029999999329447746,0.03500000014901161,0.9350000023841858,0.029999999329447746,0.03500000014901161,0.9350000023841858,0.029999999329447746,0.0,0.0,0.0,0.0,0.0,0.0
392,-43.03866666666668,0.0,0.03500000014901161,0.9350000023841858,0.029999999329447746,0.03500000014901161,0.9350000023841858,0.029999999329447746,0.03500000014901161,0.9350000023841858,0.029999999329447746,0.0,0.0,0.0,0.0,0.0,0.0
393,-266.48866666666663,0.0,0.03500000014901161,0.9100000262260437,0.054999999701976776,0.06499999761581421,0.8999999761581421,0.03500000014901161,0.8899999856948853,0.04500000178813934,0.06499999761581421,0.0,0.0,0.0,0.0,0.0,0.0
394,-282.5809999999998,0.0,0.03500000014901161,0.9350000023841858,0.029999999329447746,0.03500000014901161,0.9350000023841858,0.029999999329447746,0.03500000014901161,0.9350000023841858,0.029999999329447746,0.0,0.0,0.0,0.0,0.0,0.0
395,-229.91166666666658,0.0,0.03500000014901161,0.9350000023841858,0.029999999329447746,0.03500000014901161,0.9350000023841858,0.029999999329447746,0.03500000014901161,0.9350000023841858,0.029999999329447746,0.0,0.0,0.0,0.0,0.0,0.0
396,-231.49299999999988,0.0,0.03500000014901161,0.9350000023841858,0.029999999329447746,0.9399999976158142,0.029999999329447746,0.029999999329447746,0.9399999976158142,0.029999999329447746,0.029999999329447746,0.0,0.0,0.0,0.0,0.0,0.0
397,-86.71399999999998,0.0,0.03500000014901161,0.9350000023841858,0.029999999329447746,0.04500000178813934,0.925000011920929,0.029999999329447746,0.03500000014901161,0.925000011920929,0.03999999910593033,0.0,0.0,0.0,0.0,0.0,0.0
398,-57.54300000000001,0.0,0.03999999910593033,0.9150000214576721,0.04500000178813934,0.07000000029802322,0.8999999761581421,0.029999999329447746,0.9049999713897705,0.03999999910593033,0.054999999701976776,0.0,0.0,0.0,0.0,0.0,0.0
399,-60.77999999999998,0.0,0.03500000014901161,0.9350000023841858,0.029999999329447746,0.03500000014901161,0.9350000023841858,0.029999999329447746,0.03500000014901161,0.9350000023841858,0.029999999329447746,0.0,0.0,0.0,0.0,0.0,0.0
400,-47.654,0.0,0.03500000014901161,0.9350000023841858,0.029999999329447746,0.03999999910593033,0.9300000071525574,0.029999999329447746,0.03500000014901161,0.9350000023841858,0.029999999329447746,0.0,0.0,0.0,0.0,0.0,0.0
401,-243.6533333333334,0.0,0.03500000014901161,0.9350000023841858,0.029999999329447746,0.03500000014901161,0.9350000023841858,0.029999999329447746,0.03500000014901161,0.9350000023841858,0.029999999329447746,0.0,0.0,0.0,0.0,0.0,0.0
402,-202.60233333333335,0.0,0.03500000014901161,0.9350000023841858,0.029999999329447746,0.9399999976158142,0.029999999329447746,0.029999999329447746,0.9399999976158142,0.029999999329447746,0.029999999329447746,0.0,0.0,0.0,0.0,0.0,0.0
403,-136.70866666666666,0.0,0.03500000014901161,0.9350000023841858,0.029999999329447746,0.03500000014901161,0.9350000023841858,0.029999999329447746,0.03500000014901161,0.9350000023841858,0.029999999329447746,0.0,0.0,0.0,0.0,0.0,0.0
404,-26.206666666666678,0.0,0.03500000014901161,0.9350000023841858,0.029999999329447746,0.03500000014901161,0.9350000023841858,0.029999999329447746,0.03500000014901161,0.9350000023841858,0.029999999329447746,0.0,0.0,0.0,0.0,0.0,0.0
405,-85.36966666666667,0.0,0.03500000014901161,0.9350000023841858,0.029999999329447746,0.05000000074505806,0.9200000166893005,0.029999999329447746,0.9100000262260437,0.03999999910593033,0.05000000074505806,0.0,0.0,0.0,0.0,0.0,0.0
406,-44.33200000000002,0.0,0.03500000014901161,0.9350000023841858,0.029999999329447746,0.03500000014901161,0.9350000023841858,0.029999999329447746,0.03500000014901161,0.9300000071525574,0.03500000014901161,0.0,0.0,0.0,0.0,0.0,0.0
407,-83.02233333333332,0.0,0.04500000178813934,0.9100000262260437,0.04500000178813934,0.8999999761581421,0.07000000029802322,0.029999999329447746,0.9100000262260437,0.029999999329447746,0.05999999865889549,0.0,0.0,0.0,0.0,0.0,0.0
408,-315.48166666666674,0.0,0.03500000014901161,0.9300000071525574,0.03500000014901161,0.03999999910593033,0.9300000071525574,0.029999999329447746,0.9300000071525574,0.029999999329447746,0.03999999910593033,0.0,0.0,0.0,0.0,0.0,0.0
409,-54.240666666666655,0.0,0.03500000014901161,0.9350000023841858,0.029999999329447746,0.03500000014901161,0.9350000023841858,0.029999999329447746,0.9399999976158142,0.029999999329447746,0.029999999329447746,0.0,0.0,0.0,0.0,0.0,0.0
410,-434.2363333333332,0.0,0.03999999910593033,0.925000011920929,0.03500000014901161,0.04500000178813934,0.925000011920929,0.029999999329447746,0.9200000166893005,0.03999999910593033,0.03999999910593033,0.0,0.0,0.0,0.0,0.0,0.0
411,-561.1239999999997,0.0,0.05999999865889549,0.8899999856948853,0.05000000074505806,0.07000000029802322,0.8999999761581421,0.029999999329447746,0.8849999904632568,0.05000000074505806,0.06499999761581421,0.0,0.0,0.0,0.0,0.0,0.0
412,-227.3333333333333,0.0,0.054999999701976776,0.9049999713897705,0.03999999910593033,0.05000000074505806,0.9200000166893005,0.029999999329447746,0.8999999761581421,0.03500000014901161,0.06499999761581421,0.0,0.0,0.0,0.0,0.0,0.0
413,-94.47566666666665,0.0,0.03500000014901161,0.9350000023841858,0.029999999329447746,0.03500000014901161,0.9350000023841858,0.029999999329447746,0.03500000014901161,0.9350000023841858,0.029999999329447746,0.0,0.0,0.0,0.0,0.0,0.0
414,-73.86300000000001,0.0,0.03500000014901161,0.9350000023841858,0.029999999329447746,0.03500000014901161,0.9350000023841858,0.029999999329447746,0.03500000014901161,0.9350000023841858,0.029999999329447746,0.0,0.0,0.0,0.0,0.0,0.0
415,-91.4933333333333,0.0,0.03500000014901161,0.9350000023841858,0.029999999329447746,0.03500000014901161,0.9350000023841858,0.029999999329447746,0.03500000014901161,0.9350000023841858,0.029999999329447746,0.0,0.0,0.0,0.0,0.0,0.0
416,-58.32366666666669,0.0,0.03500000014901161,0.9350000023841858,0.029999999329447746,0.03500000014901161,0.9350000023841858,0.029999999329447746,0.9399999976158142,0.029999999329447746,0.029999999329447746,0.0,0.0,0.0,0.0,0.0,0.0
417,-263.75500000000017,0.0,0.03500000014901161,0.029999999329447746,0.9350000023841858,0.03500000014901161,0.029999999329447746,0.9350000023841858,0.9399999976158142,0.029999999329447746,0.029999999329447746,0.0,0.0,0.0,0.0,0.0,0.0
418,-34.63033333333333,0.0,0.03500000014901161,0.9350000023841858,0.029999999329447746,0.03500000014901161,0.9350000023841858,0.029999999329447746,0.03500000014901161,0.9350000023841858,0.029999999329447746,0.0,0.0,0.0,0.0,0.0,0.0
419,-515.9753333333334,0.0,0.03500000014901161,0.9350000023841858,0.029999999329447746,0.03500000014901161,0.9350000023841858,0.029999999329447746,0.03500000014901161,0.9350000023841858,0.029999999329447746,0.0,0.0,0.0,0.0,0.0,0.0
420,-56.5846666666667,0.0,0.03500000014901161,0.9350000023841858,0.029999999329447746,0.03999999910593033,0.9300000071525574,0.029999999329447746,0.03500000014901161,0.9350000023841858,0.029999999329447746,0.0,0.0,0.0,0.0,0.0,0.0
421,-25.80066666666668,0.0,0.03500000014901161,0.9350000023841858,0.029999999329447746,0.03500000014901161,0.03500000014901161,0.9300000071525574,0.03500000014901161,0.9350000023841858,0.029999999329447746,0.0,0.0,0.0,0.0,0.0,0.0
422,-54.48733333333334,0.0,0.03500000014901161,0.9350000023841858,0.029999999329447746,0.03500000014901161,0.9350000023841858,0.029999999329447746,0.03500000014901161,0.9350000023841858,0.029999999329447746,0.0,0.0,0.0,0.0,0.0,0.0
423,-33.386,0.0,0.03500000014901161,0.9350000023841858,0.029999999329447746,0.03500000014901161,0.9350000023841858,0.029999999329447746,0.03500000014901161,0.9350000023841858,0.029999999329447746,0.0,0.0,0.0,0.0,0.0,0.0
424,-55.49433333333332,0.0,0.05000000074505806,0.9200000166893005,0.029999999329447746,0.9200000166893005,0.05000000074505806,0.029999999329447746,0.925000011920929,0.029999999329447746,0.04500000178813934,0.0,0.0,0.0,0.0,0.0,0.0
425,-167.77800000000002,0.0,0.03500000014901161,0.9350000023841858,0.029999999329447746,0.03500000014901161,0.9350000023841858,0.029999999329447746,0.03500000014901161,0.9350000023841858,0.029999999329447746,0.0,0.0,0.0,0.0,0.0,0.0
426,-207.29799999999994,0.0,0.03500000014901161,0.9350000023841858,0.029999999329447746,0.03500000014901161,0.9350000023841858,0.029999999329447746,0.03500000014901161,0.9350000023841858,0.029999999329447746,0.0,0.0,0.0,0.0,0.0,0.0
427,-253.19733333333352,0.0,0.9399999976158142,0.029999999329447746,0.029999999329447746,0.9399999976158142,0.029999999329447746,0.029999999329447746,0.9399999976158142,0.029999999329447746,0.029999999329447746,0.0,0.0,0.0,0.0,0.0,0.0
428,-316.5819999999999,0.0,0.03500000014901161,0.9350000023841858,0.029999999329447746,0.03500000014901161,0.9350000023841858,0.029999999329447746,0.03500000014901161,0.9350000023841858,0.029999999329447746,0.0,0.0,0.0,0.0,0.0,0.0
429,-101.59400000000004,0.0,0.03500000014901161,0.9350000023841858,0.029999999329447746,0.03500000014901161,0.9350000023841858,0.029999999329447746,0.03500000014901161,0.9350000023841858,0.029999999329447746,0.0,0.0,0.0,0.0,0.0,0.0
430,-80.71966666666665,0.0,0.9399999976158142,0.029999999329447746,0.029999999329447746,0.9399999976158142,0.029999999329447746,0.029999999329447746,0.9399999976158142,0.029999999329447746,0.029999999329447746,0.0,0.0,0.0,0.0,0.0,0.0
431,-149.2926666666667,0.0,0.03999999910593033,0.8849999904632568,0.07500000298023224,0.054999999701976776,0.9150000214576721,0.029999999329447746,0.8799999952316284,0.029999999329447746,0.09000000357627869,0.0,0.0,0.0,0.0,0.0,0.0
432,-277.3856666666668,0.0,0.03500000014901161,0.9350000023841858,0.029999999329447746,0.03500000014901161,0.9350000023841858,0.029999999329447746,0.03500000014901161,0.9350000023841858,0.029999999329447746,0.0,0.0,0.0,0.0,0.0,0.0
433,-255.11633333333327,0.0,0.07500000298023224,0.8799999952316284,0.04500000178813934,0.07000000029802322,0.8999999761581421,0.029999999329447746,0.8849999904632568,0.054999999701976776,0.05999999865889549,0.0,0.0,0.0,0.0,0.0,0.0
434,-37.85066666666666,0.0,0.03500000014901161,0.9350000023841858,0.029999999329447746,0.03999999910593033,0.9300000071525574,0.029999999329447746,0.03500000014901161,0.9350000023841858,0.029999999329447746,0.0,0.0,0.0,0.0,0.0,0.0
435,-237.72099999999998,0.0,0.05999999865889549,0.8799999952316284,0.05999999865889549,0.07000000029802322,0.8949999809265137,0.03500000014901161,0.8849999904632568,0.04500000178813934,0.07000000029802322,0.0,0.0,0.0,0.0,0.0,0.0
436,-52.25633333333336,0.0,0.03500000014901161,0.9350000023841858,0.029999999329447746,0.04500000178813934,0.925000011920929,0.029999999329447746,0.03500000014901161,0.9300000071525574,0.03500000014901161,0.0,0.0,0.0,0.0,0.0,0.0
437,-394.8396666666667,0.0,0.05999999865889549,0.8849999904632568,0.054999999701976776,0.07000000029802322,0.8999999761581421,0.029999999329447746,0.8849999904632568,0.03999999910593033,0.07500000298023224,0.0,0.0,0.0,0.0,0.0,0.0
438,-105.05199999999995,0.0,0.03500000014901161,0.9350000023841858,0.029999999329447746,0.9399999976158142,0.029999999329447746,0.029999999329447746,0.9399999976158142,0.029999999329447746,0.029999999329447746,0.0,0.0,0.0,0.0,0.0,0.0
439,-177.81233333333338,0.0,0.9399999976158142,0.029999999329447746,0.029999999329447746,0.9399999976158142,0.029999999329447746,0.029999999329447746,0.9399999976158142,0.029999999329447746,0.029999999329447746,0.0,0.0,0.0,0.0,0.0,0.0
440,-45.45266666666664,0.0,0.03500000014901161,0.9350000023841858,0.029999999329447746,0.03500000014901161,0.9350000023841858,0.029999999329447746,0.9350000023841858,0.029999999329447746,0.03500000014901161,0.0,0.0,0.0,0.0,0.0,0.0
441,-181.60233333333326,0.0,0.03500000014901161,0.9350000023841858,0.029999999329447746,0.03999999910593033,0.9300000071525574,0.029999999329447746,0.03500000014901161,0.9350000023841858,0.029999999329447746,0.0,0.0,0.0,0.0,0.0,0.0
442,-28.123666666666672,0.0,0.03500000014901161,0.9350000023841858,0.029999999329447746,0.03500000014901161,0.9350000023841858,0.029999999329447746,0.03500000014901161,0.9350000023841858,0.029999999329447746,0.0,0.0,0.0,0.0,0.0,0.0
443,-79.90233333333333,0.0,0.03500000014901161,0.9350000023841858,0.029999999329447746,0.03500000014901161,0.029999999329447746,0.9350000023841858,0.9399999976158142,0.029999999329447746,0.029999999329447746,0.0,0.0,0.0,0.0,0.0,0.0
444,-245.76800000000006,0.0,0.03500000014901161,0.9350000023841858,0.029999999329447746,0.03500000014901161,0.9350000023841858,0.029999999329447746,0.03500000014901161,0.9350000023841858,0.029999999329447746,0.0,0.0,0.0,0.0,0.0,0.0
445,-54.796000000000014,0.0,0.03500000014901161,0.9350000023841858,0.029999999329447746,0.04500000178813934,0.925000011920929,0.029999999329447746,0.03500000014901161,0.9350000023841858,0.029999999329447746,0.0,0.0,0.0,0.0,0.0,0.0
446,-35.02666666666667,0.0,0.03500000014901161,0.029999999329447746,0.9350000023841858,0.03500000014901161,0.029999999329447746,0.9350000023841858,0.03500000014901161,0.9350000023841858,0.029999999329447746,0.0,0.0,0.0,0.0,0.0,0.0
447,-271.0530000000002,0.0,0.03500000014901161,0.9350000023841858,0.029999999329447746,0.03500000014901161,0.9350000023841858,0.029999999329447746,0.03500000014901161,0.9350000023841858,0.029999999329447746,0.0,0.0,0.0,0.0,0.0,0.0
448,-123.2303333333333,0.0,0.03500000014901161,0.029999999329447746,0.9350000023841858,0.03500000014901161,0.029999999329447746,0.9350000023841858,0.03500000014901161,0.029999999329447746,0.9350000023841858,0.0,0.0,0.0,0.0,0.0,0.0
449,-28.013666666666662,0.0,0.03500000014901161,0.9350000023841858,0.029999999329447746,0.03500000014901161,0.9350000023841858,0.029999999329447746,0.9399999976158142,0.029999999329447746,0.029999999329447746,0.0,0.0,0.0,0.0,0.0,0.0
450,-94.05566666666664,0.0,0.054999999701976776,0.9100000262260437,0.03500000014901161,0.05999999865889549,0.9100000262260437,0.029999999329447746,0.9150000214576721,0.054999999701976776,0.029999999329447746,0.0,0.0,0.0,0.0,0.0,0.0
451,-68.46166666666667,0.0,0.03500000014901161,0.9350000023841858,0.029999999329447746,0.04500000178813934,0.925000011920929,0.029999999329447746,0.03500000014901161,0.9350000023841858,0.029999999329447746,0.0,0.0,0.0,0.0,0.0,0.0
452,-220.658,0.0,0.03500000014901161,0.9350000023841858,0.029999999329447746,0.05000000074505806,0.9200000166893005,0.029999999329447746,0.03500000014901161,0.9350000023841858,0.029999999329447746,0.0,0.0,0.0,0.0,0.0,0.0
453,-85.52133333333335,0.0,0.03500000014901161,0.9350000023841858,0.029999999329447746,0.03500000014901161,0.9350000023841858,0.029999999329447746,0.9399999976158142,0.029999999329447746,0.029999999329447746,0.0,0.0,0.0,0.0,0.0,0.0
454,-63.55099999999997,0.0,0.03500000014901161,0.9350000023841858,0.029999999329447746,0.03500000014901161,0.9350000023841858,0.029999999329447746,0.03500000014901161,0.9350000023841858,0.029999999329447746,0.0,0.0,0.0,0.0,0.0,0.0
455,-233.3096666666665,0.0,0.03500000014901161,0.9350000023841858,0.029999999329447746,0.03500000014901161,0.9350000023841858,0.029999999329447746,0.03500000014901161,0.9350000023841858,0.029999999329447746,0.0,0.0,0.0,0.0,0.0,0.0
456,-41.34833333333332,0.0,0.03500000014901161,0.9350000023841858,0.029999999329447746,0.03500000014901161,0.9350000023841858,0.029999999329447746,0.03500000014901161,0.9350000023841858,0.029999999329447746,0.0,0.0,0.0,0.0,0.0,0.0
457,-366.0513333333332,0.0,0.03500000014901161,0.9350000023841858,0.029999999329447746,0.03500000014901161,0.9350000023841858,0.029999999329447746,0.03500000014901161,0.9350000023841858,0.029999999329447746,0.0,0.0,0.0,0.0,0.0,0.0
458,-457.66366666666676,0.0,0.07500000298023224,0.8849999904632568,0.03999999910593033,0.07999999821186066,0.8899999856948853,0.029999999329447746,0.8899999856948853,0.05000000074505806,0.05999999865889549,0.0,0.0,0.0,0.0,0.0,0.0
459,-234.70866666666677,0.0,0.03500000014901161,0.9350000023841858,0.029999999329447746,0.03999999910593033,0.9300000071525574,0.029999999329447746,0.03500000014901161,0.9350000023841858,0.029999999329447746,0.0,0.0,0.0,0.0,0.0,0.0
460,-287.524,0.0,0.07000000029802322,0.8849999904632568,0.04500000178813934,0.08500000089406967,0.8849999904632568,0.029999999329447746,0.8849999904632568,0.03999999910593033,0.07500000298023224,0.0,0.0,0.0,0.0,0.0,0.0
461,-378.5393333333334,0.0,0.03500000014901161,0.9350000023841858,0.029999999329447746,0.04500000178813934,0.925000011920929,0.029999999329447746,0.03500000014901161,0.9350000023841858,0.029999999329447746,0.0,0.0,0.0,0.0,0.0,0.0
462,-365.0379999999998,0.0,0.03500000014901161,0.9350000023841858,0.029999999329447746,0.04500000178813934,0.925000011920929,0.029999999329447746,0.03500000014901161,0.9350000023841858,0.029999999329447746,0.0,0.0,0.0,0.0,0.0,0.0
463,-252.61633333333322,0.0,0.03500000014901161,0.9350000023841858,0.029999999329447746,0.03500000014901161,0.9350000023841858,0.029999999329447746,0.03500000014901161,0.9350000023841858,0.029999999329447746,0.0,0.0,0.0,0.0,0.0,0.0
464,-333.6733333333333,0.0,0.07999999821186066,0.8849999904632568,0.03500000014901161,0.07999999821186066,0.8799999952316284,0.03999999910593033,0.8849999904632568,0.03999999910593033,0.07500000298023224,0.0,0.0,0.0,0.0,0.0,0.0
465,-65.56533333333337,0.0,0.04500000178813934,0.9200000166893005,0.03500000014901161,0.9150000214576721,0.05000000074505806,0.03500000014901161,0.03500000014901161,0.9300000071525574,0.03500000014901161,0.0,0.0,0.0,0.0,0.0,0.0
466,-62.94433333333334,0.0,0.03500000014901161,0.9350000023841858,0.029999999329447746,0.03500000014901161,0.029999999329447746,0.9350000023841858,0.9399999976158142,0.029999999329447746,0.029999999329447746,0.0,0.0,0.0,0.0,0.0,0.0
467,-32.187999999999995,0.0,0.03500000014901161,0.029999999329447746,0.9350000023841858,0.03500000014901161,0.9350000023841858,0.029999999329447746,0.03500000014901161,0.9350000023841858,0.029999999329447746,0.0,0.0,0.0,0.0,0.0,0.0
468,-187.34500000000008,0.0,0.03500000014901161,0.029999999329447746,0.9350000023841858,0.03500000014901161,0.029999999329447746,0.9350000023841858,0.9399999976158142,0.029999999329447746,0.029999999329447746,0.0,0.0,0.0,0.0,0.0,0.0
469,-47.721666666666685,0.0,0.03500000014901161,0.9350000023841858,0.029999999329447746,0.03500000014901161,0.9350000023841858,0.029999999329447746,0.03500000014901161,0.9350000023841858,0.029999999329447746,0.0,0.0,0.0,0.0,0.0,0.0
470,-306.4593333333334,0.0,0.07999999821186066,0.8799999952316284,0.03999999910593033,0.09000000357627869,0.8799999952316284,0.029999999329447746,0.8849999904632568,0.04500000178813934,0.07000000029802322,0.0,0.0,0.0,0.0,0.0,0.0
471,-86.09166666666668,0.0,0.03500000014901161,0.9350000023841858,0.029999999329447746,0.03999999910593033,0.925000011920929,0.03500000014901161,0.03500000014901161,0.9350000023841858,0.029999999329447746,0.0,0.0,0.0,0.0,0.0,0.0
472,-76.08733333333333,0.0,0.054999999701976776,0.9100000262260437,0.03500000014901161,0.8949999809265137,0.054999999701976776,0.05000000074505806,0.9049999713897705,0.029999999329447746,0.06499999761581421,0.0,0.0,0.0,0.0,0.0,0.0
473,-146.0526666666666,0.0,0.054999999701976776,0.8999999761581421,0.04500000178813934,0.06499999761581421,0.8949999809265137,0.03999999910593033,0.8949999809265137,0.03999999910593033,0.06499999761581421,0.0,0.0,0.0,0.0,0.0,0.0
474,-116.01933333333332,0.0,0.05999999865889549,0.9049999713897705,0.03500000014901161,0.06499999761581421,0.9049999713897705,0.029999999329447746,0.9100000262260437,0.03999999910593033,0.05000000074505806,0.0,0.0,0.0,0.0,0.0,0.0
475,-51.38866666666666,0.0,0.03500000014901161,0.9350000023841858,0.029999999329447746,0.9399999976158142,0.029999999329447746,0.029999999329447746,0.9399999976158142,0.029999999329447746,0.029999999329447746,0.0,0.0,0.0,0.0,0.0,0.0
476,-91.07799999999993,0.0,0.03500000014901161,0.9350000023841858,0.029999999329447746,0.03500000014901161,0.9350000023841858,0.029999999329447746,0.03500000014901161,0.9350000023841858,0.029999999329447746,0.0,0.0,0.0,0.0,0.0,0.0
477,-84.0643333333333,0.0,0.03500000014901161,0.9350000023841858,0.029999999329447746,0.05000000074505806,0.9200000166893005,0.029999999329447746,0.03500000014901161,0.9350000023841858,0.029999999329447746,0.0,0.0,0.0,0.0,0.0,0.0
478,-108.25033333333339,0.0,0.9399999976158142,0.029999999329447746,0.029999999329447746,0.9399999976158142,0.029999999329447746,0.029999999329447746,0.9399999976158142,0.029999999329447746,0.029999999329447746,0.0,0.0,0.0,0.0,0.0,0.0
479,-49.82433333333337,0.0,0.03500000014901161,0.9300000071525574,0.03500000014901161,0.054999999701976776,0.9150000214576721,0.029999999329447746,0.03500000014901161,0.9300000071525574,0.03500000014901161,0.0,0.0,0.0,0.0,0.0,0.0
480,-105.28266666666664,0.0,0.03500000014901161,0.9350000023841858,0.029999999329447746,0.03500000014901161,0.9350000023841858,0.029999999329447746,0.03500000014901161,0.9350000023841858,0.029999999329447746,0.0,0.0,0.0,0.0,0.0,0.0
481,-492.2206666666664,0.0,0.03500000014901161,0.9350000023841858,0.029999999329447746,0.05000000074505806,0.9200000166893005,0.029999999329447746,0.03500000014901161,0.9350000023841858,0.029999999329447746,0.0,0.0,0.0,0.0,0.0,0.0
482,-42.67799999999998,0.0,0.03500000014901161,0.9350000023841858,0.029999999329447746,0.04500000178813934,0.9200000166893005,0.03500000014901161,0.03500000014901161,0.9350000023841858,0.029999999329447746,0.0,0.0,0.0,0.0,0.0,0.0
483,-33.790666666666674,0.0,0.03500000014901161,0.9350000023841858,0.029999999329447746,0.03999999910593033,0.9300000071525574,0.029999999329447746,0.03500000014901161,0.9300000071525574,0.03500000014901161,0.0,0.0,0.0,0.0,0.0,0.0
484,-103.57666666666665,0.0,0.9399999976158142,0.029999999329447746,0.029999999329447746,0.9399999976158142,0.029999999329447746,0.029999999329447746,0.9399999976158142,0.029999999329447746,0.029999999329447746,0.0,0.0,0.0,0.0,0.0,0.0
485,-47.830666666666666,0.0,0.03500000014901161,0.9350000023841858,0.029999999329447746,0.03999999910593033,0.9300000071525574,0.029999999329447746,0.03500000014901161,0.9300000071525574,0.03500000014901161,0.0,0.0,0.0,0.0,0.0,0.0
486,-38.34366666666669,0.0,0.03500000014901161,0.9350000023841858,0.029999999329447746,0.03500000014901161,0.9350000023841858,0.029999999329447746,0.03500000014901161,0.9350000023841858,0.029999999329447746,0.0,0.0,0.0,0.0,0.0,0.0
487,-40.21133333333332,0.0,0.03500000014901161,0.029999999329447746,0.9350000023841858,0.03999999910593033,0.03500000014901161,0.925000011920929,0.03500000014901161,0.029999999329447746,0.9350000023841858,0.0,0.0,0.0,0.0,0.0,0.0
488,-49.98233333333334,0.0,0.03500000014901161,0.9350000023841858,0.029999999329447746,0.04500000178813934,0.925000011920929,0.029999999329447746,0.03500000014901161,0.9300000071525574,0.03500000014901161,0.0,0.0,0.0,0.0,0.0,0.0
489,-64.63899999999998,0.0,0.03500000014901161,0.9350000023841858,0.029999999329447746,0.03500000014901161,0.9350000023841858,0.029999999329447746,0.9399999976158142,0.029999999329447746,0.029999999329447746,0.0,0.0,0.0,0.0,0.0,0.0
490,-251.12233333333333,0.0,0.08500000089406967,0.8799999952316284,0.03500000014901161,0.07999999821186066,0.8799999952316284,0.03999999910593033,0.8849999904632568,0.029999999329447746,0.08500000089406967,0.0,0.0,0.0,0.0,0.0,0.0
491,-209.93800000000002,0.0,0.03500000014901161,0.9350000023841858,0.029999999329447746,0.03500000014901161,0.9350000023841858,0.029999999329447746,0.03500000014901161,0.9350000023841858,0.029999999329447746,0.0,0.0,0.0,0.0,0.0,0.0
492,-32.23633333333333,0.0,0.03500000014901161,0.029999999329447746,0.9350000023841858,0.03500000014901161,0.029999999329447746,0.9350000023841858,0.03500000014901161,0.9350000023841858,0.029999999329447746,0.0,0.0,0.0,0.0,0.0,0.0
493,-170.85333333333332,0.0,0.07999999821186066,0.8849999904632568,0.03500000014901161,0.07500000298023224,0.8849999904632568,0.03999999910593033,0.8899999856948853,0.03500000014901161,0.07500000298023224,0.0,0.0,0.0,0.0,0.0,0.0
494,-50.103666666666676,0.0,0.03500000014901161,0.9350000023841858,0.029999999329447746,0.03500000014901161,0.9350000023841858,0.029999999329447746,0.03500000014901161,0.9350000023841858,0.029999999329447746,0.0,0.0,0.0,0.0,0.0,0.0
495,-262.48566666666665,0.0,0.03500000014901161,0.9350000023841858,0.029999999329447746,0.03500000014901161,0.9350000023841858,0.029999999329447746,0.03500000014901161,0.9350000023841858,0.029999999329447746,0.0,0.0,0.0,0.0,0.0,0.0
496,-222.58700000000002,0.0,0.03500000014901161,0.9350000023841858,0.029999999329447746,0.03999999910593033,0.9300000071525574,0.029999999329447746,0.03500000014901161,0.9350000023841858,0.029999999329447746,0.0,0.0,0.0,0.0,0.0,0.0
497,-117.05066666666671,0.0,0.03500000014901161,0.9350000023841858,0.029999999329447746,0.03999999910593033,0.9300000071525574,0.029999999329447746,0.03500000014901161,0.9350000023841858,0.029999999329447746,0.0,0.0,0.0,0.0,0.0,0.0
498,-97.56566666666666,0.0,0.06499999761581421,0.8849999904632568,0.05000000074505806,0.08500000089406967,0.8799999952316284,0.03500000014901161,0.8849999904632568,0.03999999910593033,0.07500000298023224,0.0,0.0,0.0,0.0,0.0,0.0
499,-24.741,0.0,0.03500000014901161,0.9350000023841858,0.029999999329447746,0.03500000014901161,0.9350000023841858,0.029999999329447746,0.9399999976158142,0.029999999329447746,0.029999999329447746,0.0,0.0,0.0,0.0,0.0,0.0
500,-324.3636666666668,0.0,0.06499999761581421,0.8899999856948853,0.04500000178813934,0.07500000298023224,0.8949999809265137,0.029999999329447746,0.8949999809265137,0.029999999329447746,0.07500000298023224,0.0,0.0,0.0,0.0,0.0,0.0
501,-80.67133333333334,0.0,0.03500000014901161,0.9350000023841858,0.029999999329447746,0.03500000014901161,0.9350000023841858,0.029999999329447746,0.03500000014901161,0.9350000023841858,0.029999999329447746,0.0,0.0,0.0,0.0,0.0,0.0
502,-33.54966666666668,0.0,0.03500000014901161,0.029999999329447746,0.9350000023841858,0.03500000014901161,0.9350000023841858,0.029999999329447746,0.03500000014901161,0.9350000023841858,0.029999999329447746,0.0,0.0,0.0,0.0,0.0,0.0
503,-302.9216666666668,0.0,0.03500000014901161,0.9350000023841858,0.029999999329447746,0.03500000014901161,0.9350000023841858,0.029999999329447746,0.9399999976158142,0.029999999329447746,0.029999999329447746,0.0,0.0,0.0,0.0,0.0,0.0
504,-143.3846666666667,0.0,0.03500000014901161,0.9350000023841858,0.029999999329447746,0.03500000014901161,0.9350000023841858,0.029999999329447746,0.03500000014901161,0.9350000023841858,0.029999999329447746,0.0,0.0,0.0,0.0,0.0,0.0
505,-313.45133333333337,0.0,0.08500000089406967,0.8799999952316284,0.03500000014901161,0.07500000298023224,0.8899999856948853,0.03500000014901161,0.8849999904632568,0.029999999329447746,0.08500000089406967,0.0,0.0,0.0,0.0,0.0,0.0
506,-111.53600000000002,0.0,0.07999999821186066,0.8849999904632568,0.03500000014901161,0.07000000029802322,0.8899999856948853,0.03999999910593033,0.8849999904632568,0.04500000178813934,0.07000000029802322,0.0,0.0,0.0,0.0,0.0,0.0
507,-191.82733333333334,0.0,0.03500000014901161,0.9350000023841858,0.029999999329447746,0.03500000014901161,0.9350000023841858,0.029999999329447746,0.03500000014901161,0.9350000023841858,0.029999999329447746,0.0,0.0,0.0,0.0,0.0,0.0
508,-56.124666666666656,0.0,0.03500000014901161,0.9350000023841858,0.029999999329447746,0.03500000014901161,0.9350000023841858,0.029999999329447746,0.9399999976158142,0.029999999329447746,0.029999999329447746,0.0,0.0,0.0,0.0,0.0,0.0
509,-80.3536666666667,0.0,0.03500000014901161,0.9350000023841858,0.029999999329447746,0.04500000178813934,0.925000011920929,0.029999999329447746,0.03500000014901161,0.9300000071525574,0.03500000014901161,0.0,0.0,0.0,0.0,0.0,0.0
510,-96.73799999999996,0.0,0.03500000014901161,0.9350000023841858,0.029999999329447746,0.03999999910593033,0.9300000071525574,0.029999999329447746,0.03500000014901161,0.9300000071525574,0.03500000014901161,0.0,0.0,0.0,0.0,0.0,0.0
511,-47.99533333333332,0.0,0.03500000014901161,0.9350000023841858,0.029999999329447746,0.03500000014901161,0.9350000023841858,0.029999999329447746,0.03500000014901161,0.9350000023841858,0.029999999329447746,0.0,0.0,0.0,0.0,0.0,0.0
512,-100.82433333333333,0.0,0.03500000014901161,0.029999999329447746,0.9350000023841858,0.03500000014901161,0.9350000023841858,0.029999999329447746,0.03500000014901161,0.9350000023841858,0.029999999329447746,0.0,0.0,0.0,0.0,0.0,0.0
513,-42.08833333333334,0.0,0.03500000014901161,0.9350000023841858,0.029999999329447746,0.03500000014901161,0.9350000023841858,0.029999999329447746,0.03500000014901161,0.9350000023841858,0.029999999329447746,0.0,0.0,0.0,0.0,0.0,0.0
514,-111.83133333333332,0.0,0.03500000014901161,0.9350000023841858,0.029999999329447746,0.03500000014901161,0.9350000023841858,0.029999999329447746,0.9399999976158142,0.029999999329447746,0.029999999329447746,0.0,0.0,0.0,0.0,0.0,0.0
515,-34.87933333333333,0.0,0.03500000014901161,0.9350000023841858,0.029999999329447746,0.03500000014901161,0.9350000023841858,0.029999999329447746,0.03500000014901161,0.9350000023841858,0.029999999329447746,0.0,0.0,0.0,0.0,0.0,0.0
516,-222.36933333333337,0.0,0.03500000014901161,0.9350000023841858,0.029999999329447746,0.03500000014901161,0.9350000023841858,0.029999999329447746,0.03500000014901161,0.9350000023841858,0.029999999329447746,0.0,0.0,0.0,0.0,0.0,0.0
517,-249.12100000000007,0.0,0.03500000014901161,0.9350000023841858,0.029999999329447746,0.03500000014901161,0.9300000071525574,0.03500000014901161,0.03500000014901161,0.9350000023841858,0.029999999329447746,0.0,0.0,0.0,0.0,0.0,0.0
518,-67.10400000000001,0.0,0.03500000014901161,0.029999999329447746,0.9350000023841858,0.03500000014901161,0.029999999329447746,0.9350000023841858,0.03500000014901161,0.9350000023841858,0.029999999329447746,0.0,0.0,0.0,0.0,0.0,0.0
519,-497.3793333333335,0.0,0.08500000089406967,0.8799999952316284,0.03500000014901161,0.07000000029802322,0.8849999904632568,0.04500000178813934,0.8899999856948853,0.03999999910593033,0.07000000029802322,0.0,0.0,0.0,0.0,0.0,0.0
520,-134.58633333333333,0.0,0.03500000014901161,0.9350000023841858,0.029999999329447746,0.03500000014901161,0.9350000023841858,0.029999999329447746,0.03500000014901161,0.9350000023841858,0.029999999329447746,0.0,0.0,0.0,0.0,0.0,0.0
521,-98.62466666666671,0.0,0.9399999976158142,0.029999999329447746,0.029999999329447746,0.9399999976158142,0.029999999329447746,0.029999999329447746,0.9399999976158142,0.029999999329447746,0.029999999329447746,0.0,0.0,0.0,0.0,0.0,0.0
522,-39.39066666666667,0.0,0.03500000014901161,0.9350000023841858,0.029999999329447746,0.03500000014901161,0.9350000023841858,0.029999999329447746,0.03500000014901161,0.9350000023841858,0.029999999329447746,0.0,0.0,0.0,0.0,0.0,0.0
523,-43.68299999999999,0.0,0.03500000014901161,0.9350000023841858,0.029999999329447746,0.03500000014901161,0.9350000023841858,0.029999999329447746,0.9399999976158142,0.029999999329447746,0.029999999329447746,0.0,0.0,0.0,0.0,0.0,0.0
524,-324.35633333333317,0.0,0.03500000014901161,0.9350000023841858,0.029999999329447746,0.03999999910593033,0.9300000071525574,0.029999999329447746,0.03500000014901161,0.9350000023841858,0.029999999329447746,0.0,0.0,0.0,0.0,0.0,0.0
525,-116.76366666666665,0.0,0.03500000014901161,0.9350000023841858,0.029999999329447746,0.03500000014901161,0.9350000023841858,0.029999999329447746,0.9399999976158142,0.029999999329447746,0.029999999329447746,0.0,0.0,0.0,0.0,0.0,0.0
526,-473.17466666666684,0.0,0.08500000089406967,0.8799999952316284,0.03500000014901161,0.03999999910593033,0.8849999904632568,0.07500000298023224,0.8849999904632568,0.05000000074505806,0.06499999761581421,0.0,0.0,0.0,0.0,0.0,0.0
527,-92.07999999999998,0.0,0.03500000014901161,0.9350000023841858,0.029999999329447746,0.03500000014901161,0.9350000023841858,0.029999999329447746,0.03500000014901161,0.9350000023841858,0.029999999329447746,0.0,0.0,0.0,0.0,0.0,0.0
528,-234.5673333333333,0.0,0.03500000014901161,0.9350000023841858,0.029999999329447746,0.03500000014901161,0.925000011920929,0.03999999910593033,0.03500000014901161,0.9300000071525574,0.03500000014901161,0.0,0.0,0.0,0.0,0.0,0.0
529,-213.85433333333333,0.0,0.9350000023841858,0.03500000014901161,0.029999999329447746,0.9399999976158142,0.029999999329447746,0.029999999329447746,0.9399999976158142,0.029999999329447746,0.029999999329447746,0.0,0.0,0.0,0.0,0.0,0.0
530,-91.21066666666667,0.0,0.07500000298023224,0.8899999856948853,0.03500000014901161,0.03500000014901161,0.8899999856948853,0.07500000298023224,0.8849999904632568,0.04500000178813934,0.07000000029802322,0.0,0.0,0.0,0.0,0.0,0.0
531,-74.65133333333328,0.0,0.07999999821186066,0.8899999856948853,0.029999999329447746,0.8899999856948853,0.06499999761581421,0.04500000178813934,0.8949999809265137,0.029999999329447746,0.07500000298023224,0.0,0.0,0.0,0.0,0.0,0.0
532,-29.265000000000004,0.0,0.03500000014901161,0.029999999329447746,0.9350000023841858,0.9399999976158142,0.029999999329447746,0.029999999329447746,0.9399999976158142,0.029999999329447746,0.029999999329447746,0.0,0.0,0.0,0.0,0.0,0.0
533,-35.70266666666667,0.0,0.03500000014901161,0.9350000023841858,0.029999999329447746,0.03500000014901161,0.9200000166893005,0.04500000178813934,0.03500000014901161,0.9300000071525574,0.03500000014901161,0.0,0.0,0.0,0.0,0.0,0.0
534,-373.28299999999996,0.0,0.09000000357627869,0.8799999952316284,0.029999999329447746,0.03999999910593033,0.8849999904632568,0.07500000298023224,0.8849999904632568,0.03999999910593033,0.07500000298023224,0.0,0.0,0.0,0.0,0.0,0.0
535,-52.80533333333336,0.0,0.9399999976158142,0.029999999329447746,0.029999999329447746,0.9399999976158142,0.029999999329447746,0.029999999329447746,0.9399999976158142,0.029999999329447746,0.029999999329447746,0.0,0.0,0.0,0.0,0.0,0.0
536,-458.7879999999999,0.0,0.03500000014901161,0.029999999329447746,0.9350000023841858,0.03500000014901161,0.03999999910593033,0.925000011920929,0.03500000014901161,0.9300000071525574,0.03500000014901161,0.0,0.0,0.0,0.0,0.0,0.0
537,-36.63199999999999,0.0,0.03500000014901161,0.029999999329447746,0.9350000023841858,0.9399999976158142,0.029999999329447746,0.029999999329447746,0.9399999976158142,0.029999999329447746,0.029999999329447746,0.0,0.0,0.0,0.0,0.0,0.0
538,-196.90200000000004,0.0,0.07000000029802322,0.03999999910593033,0.8899999856948853,0.03500000014901161,0.8899999856948853,0.07500000298023224,0.8899999856948853,0.04500000178813934,0.06499999761581421,0.0,0.0,0.0,0.0,0.0,0.0
539,-251.8873333333334,0.0,0.03500000014901161,0.9350000023841858,0.029999999329447746,0.9399999976158142,0.029999999329447746,0.029999999329447746,0.03500000014901161,0.9350000023841858,0.029999999329447746,0.0,0.0,0.0,0.0,0.0,0.0
540,-119.77433333333337,0.0,0.03999999910593033,0.9300000071525574,0.029999999329447746,0.03500000014901161,0.9300000071525574,0.03500000014901161,0.03500000014901161,0.925000011920929,0.03999999910593033,0.0,0.0,0.0,0.0,0.0,0.0
541,-127.07166666666657,0.0,0.03500000014901161,0.9350000023841858,0.029999999329447746,0.03500000014901161,0.9300000071525574,0.03500000014901161,0.03500000014901161,0.9350000023841858,0.029999999329447746,0.0,0.0,0.0,0.0,0.0,0.0
542,-93.28166666666668,0.0,0.03500000014901161,0.029999999329447746,0.9350000023841858,0.03500000014901161,0.9350000023841858,0.029999999329447746,0.03500000014901161,0.9350000023841858,0.029999999329447746,0.0,0.0,0.0,0.0,0.0,0.0
543,-116.15900000000002,0.0,0.05999999865889549,0.03500000014901161,0.9049999713897705,0.9100000262260437,0.03999999910593033,0.05000000074505806,0.9150000214576721,0.029999999329447746,0.054999999701976776,0.0,0.0,0.0,0.0,0.0,0.0
544,-118.18266666666663,0.0,0.03500000014901161,0.029999999329447746,0.9350000023841858,0.03500000014901161,0.029999999329447746,0.9350000023841858,0.03500000014901161,0.9350000023841858,0.029999999329447746,0.0,0.0,0.0,0.0,0.0,0.0
545,-41.21933333333333,0.0,0.03500000014901161,0.9350000023841858,0.029999999329447746,0.03500000014901161,0.9350000023841858,0.029999999329447746,0.03500000014901161,0.9350000023841858,0.029999999329447746,0.0,0.0,0.0,0.0,0.0,0.0
546,-95.74933333333333,0.0,0.03500000014901161,0.9350000023841858,0.029999999329447746,0.9100000262260437,0.03500000014901161,0.054999999701976776,0.9399999976158142,0.029999999329447746,0.029999999329447746,0.0,0.0,0.0,0.0,0.0,0.0
547,-201.64500000000004,0.0,0.9399999976158142,0.029999999329447746,0.029999999329447746,0.9399999976158142,0.029999999329447746,0.029999999329447746,0.9399999976158142,0.029999999329447746,0.029999999329447746,0.0,0.0,0.0,0.0,0.0,0.0
548,-57.973333333333315,0.0,0.03500000014901161,0.029999999329447746,0.9350000023841858,0.03500000014901161,0.925000011920929,0.03999999910593033,0.03500000014901161,0.9350000023841858,0.029999999329447746,0.0,0.0,0.0,0.0,0.0,0.0
549,-304.8086666666667,0.0,0.03500000014901161,0.9350000023841858,0.029999999329447746,0.03500000014901161,0.9350000023841858,0.029999999329447746,0.03500000014901161,0.9350000023841858,0.029999999329447746,0.0,0.0,0.0,0.0,0.0,0.0
550,-376.7259999999999,0.0,0.07999999821186066,0.8799999952316284,0.03999999910593033,0.03999999910593033,0.8849999904632568,0.07500000298023224,0.8849999904632568,0.04500000178813934,0.07000000029802322,0.0,0.0,0.0,0.0,0.0,0.0
551,-189.32566666666665,0.0,0.07999999821186066,0.8849999904632568,0.03500000014901161,0.03999999910593033,0.8799999952316284,0.07999999821186066,0.8849999904632568,0.054999999701976776,0.05999999865889549,0.0,0.0,0.0,0.0,0.0,0.0
552,-171.90333333333336,0.0,0.04500000178813934,0.9150000214576721,0.03999999910593033,0.03500000014901161,0.8849999904632568,0.07999999821186066,0.9049999713897705,0.04500000178813934,0.05000000074505806,0.0,0.0,0.0,0.0,0.0,0.0
553,-39.409000000000006,0.0,0.03500000014901161,0.9350000023841858,0.029999999329447746,0.03500000014901161,0.9350000023841858,0.029999999329447746,0.03500000014901161,0.9350000023841858,0.029999999329447746,0.0,0.0,0.0,0.0,0.0,0.0
554,-267.52033333333327,0.0,0.03500000014901161,0.029999999329447746,0.9350000023841858,0.03500000014901161,0.03999999910593033,0.925000011920929,0.03500000014901161,0.029999999329447746,0.9350000023841858,0.0,0.0,0.0,0.0,0.0,0.0
555,-278.414,0.0,0.03500000014901161,0.9350000023841858,0.029999999329447746,0.03500000014901161,0.9350000023841858,0.029999999329447746,0.03500000014901161,0.9350000023841858,0.029999999329447746,0.0,0.0,0.0,0.0,0.0,0.0
556,-35.657,0.0,0.03500000014901161,0.9350000023841858,0.029999999329447746,0.03500000014901161,0.9350000023841858,0.029999999329447746,0.03500000014901161,0.9350000023841858,0.029999999329447746,0.0,0.0,0.0,0.0,0.0,0.0
557,-222.57833333333346,0.0,0.03500000014901161,0.9350000023841858,0.029999999329447746,0.03500000014901161,0.9350000023841858,0.029999999329447746,0.03500000014901161,0.9350000023841858,0.029999999329447746,0.0,0.0,0.0,0.0,0.0,0.0
558,-361.659,0.0,0.054999999701976776,0.9150000214576721,0.029999999329447746,0.03500000014901161,0.9200000166893005,0.04500000178813934,0.9150000214576721,0.03500000014901161,0.05000000074505806,0.0,0.0,0.0,0.0,0.0,0.0
559,-181.03133333333324,0.0,0.03500000014901161,0.9350000023841858,0.029999999329447746,0.03500000014901161,0.9300000071525574,0.03500000014901161,0.03500000014901161,0.9300000071525574,0.03500000014901161,0.0,0.0,0.0,0.0,0.0,0.0
560,-318.30499999999995,0.0,0.03500000014901161,0.9350000023841858,0.029999999329447746,0.03500000014901161,0.9200000166893005,0.04500000178813934,0.03500000014901161,0.9300000071525574,0.03500000014901161,0.0,0.0,0.0,0.0,0.0,0.0
561,-74.68100000000003,0.0,0.05999999865889549,0.8999999761581421,0.03999999910593033,0.05000000074505806,0.8999999761581421,0.05000000074505806,0.8899999856948853,0.05000000074505806,0.05999999865889549,0.0,0.0,0.0,0.0,0.0,0.0
562,-40.778999999999996,0.0,0.03500000014901161,0.9350000023841858,0.029999999329447746,0.03500000014901161,0.9350000023841858,0.029999999329447746,0.9399999976158142,0.029999999329447746,0.029999999329447746,0.0,0.0,0.0,0.0,0.0,0.0
563,-200.53666666666663,0.0,0.03500000014901161,0.9350000023841858,0.029999999329447746,0.9399999976158142,0.029999999329447746,0.029999999329447746,0.9399999976158142,0.029999999329447746,0.029999999329447746,0.0,0.0,0.0,0.0,0.0,0.0
564,-60.43266666666666,0.0,0.03500000014901161,0.029999999329447746,0.9350000023841858,0.03500000014901161,0.029999999329447746,0.9350000023841858,0.03500000014901161,0.029999999329447746,0.9350000023841858,0.0,0.0,0.0,0.0,0.0,0.0
565,-42.92033333333331,0.0,0.03500000014901161,0.9350000023841858,0.029999999329447746,0.9200000166893005,0.04500000178813934,0.03500000014901161,0.03500000014901161,0.9350000023841858,0.029999999329447746,0.0,0.0,0.0,0.0,0.0,0.0
566,-51.92933333333332,0.0,0.03500000014901161,0.9350000023841858,0.029999999329447746,0.03500000014901161,0.9350000023841858,0.029999999329447746,0.03500000014901161,0.9350000023841858,0.029999999329447746,0.0,0.0,0.0,0.0,0.0,0.0
567,-64.00933333333336,0.0,0.03500000014901161,0.9300000071525574,0.03500000014901161,0.03999999910593033,0.9100000262260437,0.05000000074505806,0.9049999713897705,0.05000000074505806,0.04500000178813934,0.0,0.0,0.0,0.0,0.0,0.0
568,-135.81766666666667,0.0,0.03500000014901161,0.9350000023841858,0.029999999329447746,0.03500000014901161,0.9350000023841858,0.029999999329447746,0.03500000014901161,0.9350000023841858,0.029999999329447746,0.0,0.0,0.0,0.0,0.0,0.0
569,-96.77966666666669,0.0,0.03500000014901161,0.9350000023841858,0.029999999329447746,0.03999999910593033,0.9300000071525574,0.029999999329447746,0.9399999976158142,0.029999999329447746,0.029999999329447746,0.0,0.0,0.0,0.0,0.0,0.0
570,-46.60633333333331,0.0,0.03500000014901161,0.9350000023841858,0.029999999329447746,0.03500000014901161,0.9350000023841858,0.029999999329447746,0.03500000014901161,0.9350000023841858,0.029999999329447746,0.0,0.0,0.0,0.0,0.0,0.0
571,-44.62533333333334,0.0,0.03500000014901161,0.9350000023841858,0.029999999329447746,0.03999999910593033,0.9300000071525574,0.029999999329447746,0.03500000014901161,0.9350000023841858,0.029999999329447746,0.0,0.0,0.0,0.0,0.0,0.0
572,-481.29966666666667,0.0,0.03500000014901161,0.9350000023841858,0.029999999329447746,0.03500000014901161,0.9350000023841858,0.029999999329447746,0.03500000014901161,0.9350000023841858,0.029999999329447746,0.0,0.0,0.0,0.0,0.0,0.0
573,-140.46366666666668,0.0,0.03999999910593033,0.9200000166893005,0.03999999910593033,0.03500000014901161,0.9100000262260437,0.054999999701976776,0.9049999713897705,0.03500000014901161,0.05999999865889549,0.0,0.0,0.0,0.0,0.0,0.0
574,-35.35433333333334,0.0,0.03500000014901161,0.9350000023841858,0.029999999329447746,0.03500000014901161,0.9300000071525574,0.03500000014901161,0.03500000014901161,0.9300000071525574,0.03500000014901161,0.0,0.0,0.0,0.0,0.0,0.0
575,-318.7089999999999,0.0,0.03500000014901161,0.9350000023841858,0.029999999329447746,0.03500000014901161,0.9350000023841858,0.029999999329447746,0.03500000014901161,0.9350000023841858,0.029999999329447746,0.0,0.0,0.0,0.0,0.0,0.0
576,-48.27566666666666,0.0,0.03500000014901161,0.9350000023841858,0.029999999329447746,0.03500000014901161,0.9200000166893005,0.04500000178813934,0.03500000014901161,0.925000011920929,0.03999999910593033,0.0,0.0,0.0,0.0,0.0,0.0
577,-297.6746666666669,0.0,0.03500000014901161,0.9350000023841858,0.029999999329447746,0.03999999910593033,0.9200000166893005,0.03999999910593033,0.03500000014901161,0.925000011920929,0.03999999910593033,0.0,0.0,0.0,0.0,0.0,0.0
578,-39.09299999999999,0.0,0.9399999976158142,0.029999999329447746,0.029999999329447746,0.9399999976158142,0.029999999329447746,0.029999999329447746,0.9399999976158142,0.029999999329447746,0.029999999329447746,0.0,0.0,0.0,0.0,0.0,0.0
579,-229.35399999999993,0.0,0.9399999976158142,0.029999999329447746,0.029999999329447746,0.9399999976158142,0.029999999329447746,0.029999999329447746,0.9399999976158142,0.029999999329447746,0.029999999329447746,0.0,0.0,0.0,0.0,0.0,0.0
580,-532.6756666666666,0.0,0.03500000014901161,0.029999999329447746,0.9350000023841858,0.03500000014901161,0.029999999329447746,0.9350000023841858,0.03500000014901161,0.9350000023841858,0.029999999329447746,0.0,0.0,0.0,0.0,0.0,0.0
581,-66.28433333333331,0.0,0.04500000178813934,0.9200000166893005,0.03500000014901161,0.03999999910593033,0.8899999856948853,0.07000000029802322,0.9100000262260437,0.054999999701976776,0.03500000014901161,0.0,0.0,0.0,0.0,0.0,0.0
582,-263.7523333333333,0.0,0.04500000178813934,0.8799999952316284,0.07500000298023224,0.03999999910593033,0.8849999904632568,0.07500000298023224,0.8849999904632568,0.05999999865889549,0.054999999701976776,0.0,0.0,0.0,0.0,0.0,0.0
583,-119.12300000000005,0.0,0.04500000178813934,0.05000000074505806,0.9049999713897705,0.03999999910593033,0.9049999713897705,0.054999999701976776,0.8949999809265137,0.054999999701976776,0.05000000074505806,0.0,0.0,0.0,0.0,0.0,0.0
584,-215.51699999999997,0.0,0.03500000014901161,0.9350000023841858,0.029999999329447746,0.03500000014901161,0.9350000023841858,0.029999999329447746,0.9399999976158142,0.029999999329447746,0.029999999329447746,0.0,0.0,0.0,0.0,0.0,0.0
585,-358.2019999999999,0.0,0.03500000014901161,0.9300000071525574,0.03500000014901161,0.03500000014901161,0.9300000071525574,0.03500000014901161,0.03500000014901161,0.9300000071525574,0.03500000014901161,0.0,0.0,0.0,0.0,0.0,0.0
586,-110.92833333333334,0.0,0.03500000014901161,0.9350000023841858,0.029999999329447746,0.03500000014901161,0.9350000023841858,0.029999999329447746,0.03500000014901161,0.9350000023841858,0.029999999329447746,0.0,0.0,0.0,0.0,0.0,0.0
587,-35.02433333333334,0.0,0.03500000014901161,0.029999999329447746,0.9350000023841858,0.03500000014901161,0.9350000023841858,0.029999999329447746,0.03500000014901161,0.9350000023841858,0.029999999329447746,0.0,0.0,0.0,0.0,0.0,0.0
588,-275.693,0.0,0.03500000014901161,0.029999999329447746,0.9350000023841858,0.03500000014901161,0.029999999329447746,0.9350000023841858,0.03500000014901161,0.9350000023841858,0.029999999329447746,0.0,0.0,0.0,0.0,0.0,0.0
589,-143.0516666666667,0.0,0.054999999701976776,0.03999999910593033,0.9049999713897705,0.03999999910593033,0.9100000262260437,0.05000000074505806,0.9049999713897705,0.05000000074505806,0.04500000178813934,0.0,0.0,0.0,0.0,0.0,0.0
590,-411.9470000000002,0.0,0.03500000014901161,0.9350000023841858,0.029999999329447746,0.03500000014901161,0.9350000023841858,0.029999999329447746,0.03500000014901161,0.9350000023841858,0.029999999329447746,0.0,0.0,0.0,0.0,0.0,0.0
591,-41.946333333333314,0.0,0.03500000014901161,0.9350000023841858,0.029999999329447746,0.03999999910593033,0.9300000071525574,0.029999999329447746,0.03500000014901161,0.9350000023841858,0.029999999329447746,0.0,0.0,0.0,0.0,0.0,0.0
592,-283.38,0.0,0.054999999701976776,0.8849999904632568,0.05999999865889549,0.054999999701976776,0.8849999904632568,0.05999999865889549,0.8899999856948853,0.05999999865889549,0.05000000074505806,0.0,0.0,0.0,0.0,0.0,0.0
593,-46.25833333333333,0.0,0.03500000014901161,0.9350000023841858,0.029999999329447746,0.03500000014901161,0.9350000023841858,0.029999999329447746,0.03500000014901161,0.9350000023841858,0.029999999329447746,0.0,0.0,0.0,0.0,0.0,0.0
594,-40.809666666666686,0.0,0.03500000014901161,0.9350000023841858,0.029999999329447746,0.03500000014901161,0.9350000023841858,0.029999999329447746,0.03500000014901161,0.9350000023841858,0.029999999329447746,0.0,0.0,0.0,0.0,0.0,0.0
595,-45.56966666666666,0.0,0.03500000014901161,0.925000011920929,0.03999999910593033,0.04500000178813934,0.9150000214576721,0.03999999910593033,0.9200000166893005,0.03500000014901161,0.04500000178813934,0.0,0.0,0.0,0.0,0.0,0.0
596,-159.99499999999992,0.0,0.03500000014901161,0.9350000023841858,0.029999999329447746,0.03500000014901161,0.925000011920929,0.03999999910593033,0.03500000014901161,0.9350000023841858,0.029999999329447746,0.0,0.0,0.0,0.0,0.0,0.0
597,-37.66400000000001,0.0,0.03500000014901161,0.9350000023841858,0.029999999329447746,0.03500000014901161,0.9350000023841858,0.029999999329447746,0.03500000014901161,0.9350000023841858,0.029999999329447746,0.0,0.0,0.0,0.0,0.0,0.0
598,-38.504333333333335,0.0,0.03500000014901161,0.029999999329447746,0.9350000023841858,0.03500000014901161,0.029999999329447746,0.9350000023841858,0.03500000014901161,0.9350000023841858,0.029999999329447746,0.0,0.0,0.0,0.0,0.0,0.0
599,-231.1063333333334,0.0,0.03500000014901161,0.029999999329447746,0.9350000023841858,0.03500000014901161,0.9350000023841858,0.029999999329447746,0.03500000014901161,0.9350000023841858,0.029999999329447746,0.0,0.0,0.0,0.0,0.0,0.0
600,-239.39266666666666,0.0,0.054999999701976776,0.8899999856948853,0.054999999701976776,0.05999999865889549,0.8899999856948853,0.05000000074505806,0.8949999809265137,0.054999999701976776,0.05000000074505806,0.0,0.0,0.0,0.0,0.0,0.0
601,-72.8516666666667,0.0,0.03999999910593033,0.9300000071525574,0.029999999329447746,0.05999999865889549,0.9100000262260437,0.029999999329447746,0.9150000214576721,0.03500000014901161,0.05000000074505806,0.0,0.0,0.0,0.0,0.0,0.0
602,-252.65800000000007,0.0,0.03500000014901161,0.9350000023841858,0.029999999329447746,0.9399999976158142,0.029999999329447746,0.029999999329447746,0.9399999976158142,0.029999999329447746,0.029999999329447746,0.0,0.0,0.0,0.0,0.0,0.0
603,-67.16799999999996,0.0,0.03500000014901161,0.9350000023841858,0.029999999329447746,0.03500000014901161,0.9350000023841858,0.029999999329447746,0.03500000014901161,0.9350000023841858,0.029999999329447746,0.0,0.0,0.0,0.0,0.0,0.0
604,-52.128000000000014,0.0,0.03500000014901161,0.9350000023841858,0.029999999329447746,0.03500000014901161,0.9350000023841858,0.029999999329447746,0.03500000014901161,0.9350000023841858,0.029999999329447746,0.0,0.0,0.0,0.0,0.0,0.0
605,-292.01866666666655,0.0,0.03500000014901161,0.029999999329447746,0.9350000023841858,0.03500000014901161,0.029999999329447746,0.9350000023841858,0.03500000014901161,0.029999999329447746,0.9350000023841858,0.0,0.0,0.0,0.0,0.0,0.0
606,-47.63733333333335,0.0,0.03500000014901161,0.9350000023841858,0.029999999329447746,0.03500000014901161,0.9350000023841858,0.029999999329447746,0.03500000014901161,0.9350000023841858,0.029999999329447746,0.0,0.0,0.0,0.0,0.0,0.0
607,-158.10833333333332,0.0,0.03999999910593033,0.8899999856948853,0.07000000029802322,0.8949999809265137,0.05999999865889549,0.04500000178813934,0.8999999761581421,0.029999999329447746,0.07000000029802322,0.0,0.0,0.0,0.0,0.0,0.0
608,-233.2663333333333,0.0,0.03500000014901161,0.9350000023841858,0.029999999329447746,0.04500000178813934,0.925000011920929,0.029999999329447746,0.03500000014901161,0.9300000071525574,0.03500000014901161,0.0,0.0,0.0,0.0,0.0,0.0
609,-61.80266666666667,0.0,0.03500000014901161,0.9350000023841858,0.029999999329447746,0.9300000071525574,0.03500000014901161,0.03500000014901161,0.9399999976158142,0.029999999329447746,0.029999999329447746,0.0,0.0,0.0,0.0,0.0,0.0
610,-53.92966666666669,0.0,0.03500000014901161,0.9350000023841858,0.029999999329447746,0.04500000178813934,0.925000011920929,0.029999999329447746,0.03500000014901161,0.9350000023841858,0.029999999329447746,0.0,0.0,0.0,0.0,0.0,0.0
611,-311.4876666666667,0.0,0.9399999976158142,0.029999999329447746,0.029999999329447746,0.9399999976158142,0.029999999329447746,0.029999999329447746,0.9399999976158142,0.029999999329447746,0.029999999329447746,0.0,0.0,0.0,0.0,0.0,0.0
612,-127.27699999999999,0.0,0.04500000178813934,0.8949999809265137,0.05999999865889549,0.06499999761581421,0.8949999809265137,0.03999999910593033,0.8899999856948853,0.05000000074505806,0.05999999865889549,0.0,0.0,0.0,0.0,0.0,0.0
613,-94.71099999999998,0.0,0.03500000014901161,0.029999999329447746,0.9350000023841858,0.03500000014901161,0.029999999329447746,0.9350000023841858,0.9399999976158142,0.029999999329447746,0.029999999329447746,0.0,0.0,0.0,0.0,0.0,0.0
614,-554.663,0.0,0.04500000178813934,0.8899999856948853,0.06499999761581421,0.07000000029802322,0.8799999952316284,0.05000000074505806,0.8899999856948853,0.054999999701976776,0.054999999701976776,0.0,0.0,0.0,0.0,0.0,0.0
615,-40.58233333333335,0.0,0.03500000014901161,0.9350000023841858,0.029999999329447746,0.03500000014901161,0.029999999329447746,0.9350000023841858,0.9399999976158142,0.029999999329447746,0.029999999329447746,0.0,0.0,0.0,0.0,0.0,0.0
616,-23.889333333333315,0.0,0.03500000014901161,0.9350000023841858,0.029999999329447746,0.03500000014901161,0.9350000023841858,0.029999999329447746,0.03500000014901161,0.9350000023841858,0.029999999329447746,0.0,0.0,0.0,0.0,0.0,0.0
617,-65.52533333333335,0.0,0.03500000014901161,0.9350000023841858,0.029999999329447746,0.9300000071525574,0.03999999910593033,0.029999999329447746,0.03500000014901161,0.9350000023841858,0.029999999329447746,0.0,0.0,0.0,0.0,0.0,0.0
618,-241.78533333333334,0.0,0.03500000014901161,0.9350000023841858,0.029999999329447746,0.03500000014901161,0.9350000023841858,0.029999999329447746,0.9399999976158142,0.029999999329447746,0.029999999329447746,0.0,0.0,0.0,0.0,0.0,0.0
619,-50.853333333333325,0.0,0.03500000014901161,0.9350000023841858,0.029999999329447746,0.05000000074505806,0.9200000166893005,0.029999999329447746,0.03500000014901161,0.9350000023841858,0.029999999329447746,0.0,0.0,0.0,0.0,0.0,0.0
620,-166.41066666666666,0.0,0.04500000178813934,0.9150000214576721,0.03999999910593033,0.07999999821186066,0.8799999952316284,0.03999999910593033,0.9200000166893005,0.03999999910593033,0.03999999910593033,0.0,0.0,0.0,0.0,0.0,0.0
621,-44.132333333333335,0.0,0.03500000014901161,0.9350000023841858,0.029999999329447746,0.04500000178813934,0.925000011920929,0.029999999329447746,0.03999999910593033,0.9300000071525574,0.029999999329447746,0.0,0.0,0.0,0.0,0.0,0.0
622,-176.12400000000002,0.0,0.03500000014901161,0.9350000023841858,0.029999999329447746,0.05999999865889549,0.9100000262260437,0.029999999329447746,0.8999999761581421,0.03999999910593033,0.05999999865889549,0.0,0.0,0.0,0.0,0.0,0.0
623,-268.3376666666667,0.0,0.04500000178813934,0.8799999952316284,0.07500000298023224,0.07999999821186066,0.8799999952316284,0.03999999910593033,0.8849999904632568,0.05999999865889549,0.054999999701976776,0.0,0.0,0.0,0.0,0.0,0.0
624,-161.80933333333337,0.0,0.03500000014901161,0.9350000023841858,0.029999999329447746,0.03500000014901161,0.9350000023841858,0.029999999329447746,0.03500000014901161,0.9350000023841858,0.029999999329447746,0.0,0.0,0.0,0.0,0.0,0.0
625,-27.773333333333344,0.0,0.03500000014901161,0.9350000023841858,0.029999999329447746,0.03500000014901161,0.9350000023841858,0.029999999329447746,0.03500000014901161,0.9350000023841858,0.029999999329447746,0.0,0.0,0.0,0.0,0.0,0.0
626,-33.077000000000005,0.0,0.03500000014901161,0.9350000023841858,0.029999999329447746,0.03500000014901161,0.9350000023841858,0.029999999329447746,0.03500000014901161,0.9350000023841858,0.029999999329447746,0.0,0.0,0.0,0.0,0.0,0.0
627,-246.74333333333328,0.0,0.03500000014901161,0.9350000023841858,0.029999999329447746,0.03999999910593033,0.9300000071525574,0.029999999329447746,0.03500000014901161,0.9350000023841858,0.029999999329447746,0.0,0.0,0.0,0.0,0.0,0.0
628,-19.231666666666644,0.0,0.03500000014901161,0.029999999329447746,0.9350000023841858,0.03500000014901161,0.029999999329447746,0.9350000023841858,0.03500000014901161,0.029999999329447746,0.9350000023841858,0.0,0.0,0.0,0.0,0.0,0.0
629,-39.99833333333333,0.0,0.03500000014901161,0.9350000023841858,0.029999999329447746,0.04500000178813934,0.925000011920929,0.029999999329447746,0.03500000014901161,0.9350000023841858,0.029999999329447746,0.0,0.0,0.0,0.0,0.0,0.0
630,-196.8793333333334,0.0,0.03500000014901161,0.9350000023841858,0.029999999329447746,0.03999999910593033,0.925000011920929,0.03500000014901161,0.03500000014901161,0.9350000023841858,0.029999999329447746,0.0,0.0,0.0,0.0,0.0,0.0
631,-46.39933333333335,0.0,0.03500000014901161,0.029999999329447746,0.9350000023841858,0.03500000014901161,0.9350000023841858,0.029999999329447746,0.03500000014901161,0.9350000023841858,0.029999999329447746,0.0,0.0,0.0,0.0,0.0,0.0
632,-58.583,0.0,0.03500000014901161,0.9350000023841858,0.029999999329447746,0.04500000178813934,0.9200000166893005,0.03500000014901161,0.03500000014901161,0.9300000071525574,0.03500000014901161,0.0,0.0,0.0,0.0,0.0,0.0
633,-218.24999999999997,0.0,0.03500000014901161,0.9350000023841858,0.029999999329447746,0.04500000178813934,0.029999999329447746,0.925000011920929,0.03500000014901161,0.9350000023841858,0.029999999329447746,0.0,0.0,0.0,0.0,0.0,0.0
634,-198.62733333333333,0.0,0.03500000014901161,0.9350000023841858,0.029999999329447746,0.03999999910593033,0.9300000071525574,0.029999999329447746,0.03500000014901161,0.9350000023841858,0.029999999329447746,0.0,0.0,0.0,0.0,0.0,0.0
635,-322.7193333333334,0.0,0.03500000014901161,0.9350000023841858,0.029999999329447746,0.03500000014901161,0.9350000023841858,0.029999999329447746,0.03500000014901161,0.9350000023841858,0.029999999329447746,0.0,0.0,0.0,0.0,0.0,0.0
636,-261.55999999999995,0.0,0.03999999910593033,0.8799999952316284,0.07999999821186066,0.09000000357627869,0.875,0.03500000014901161,0.8849999904632568,0.05000000074505806,0.06499999761581421,0.0,0.0,0.0,0.0,0.0,0.0
637,-311.9223333333333,0.0,0.05000000074505806,0.8799999952316284,0.07000000029802322,0.09000000357627869,0.8799999952316284,0.029999999329447746,0.8849999904632568,0.04500000178813934,0.07000000029802322,0.0,0.0,0.0,0.0,0.0,0.0
638,-168.3363333333333,0.0,0.03500000014901161,0.8949999809265137,0.07000000029802322,0.07500000298023224,0.8949999809265137,0.029999999329447746,0.8999999761581421,0.03999999910593033,0.05999999865889549,0.0,0.0,0.0,0.0,0.0,0.0
639,-136.98266666666672,0.0,0.03500000014901161,0.9350000023841858,0.029999999329447746,0.03999999910593033,0.9300000071525574,0.029999999329447746,0.03500000014901161,0.9350000023841858,0.029999999329447746,0.0,0.0,0.0,0.0,0.0,0.0
640,-220.8236666666666,0.0,0.03500000014901161,0.9350000023841858,0.029999999329447746,0.03500000014901161,0.9350000023841858,0.029999999329447746,0.03500000014901161,0.9350000023841858,0.029999999329447746,0.0,0.0,0.0,0.0,0.0,0.0
641,-78.31433333333331,0.0,0.03500000014901161,0.9350000023841858,0.029999999329447746,0.03500000014901161,0.9350000023841858,0.029999999329447746,0.9399999976158142,0.029999999329447746,0.029999999329447746,0.0,0.0,0.0,0.0,0.0,0.0
642,-35.64733333333333,0.0,0.03500000014901161,0.9350000023841858,0.029999999329447746,0.03500000014901161,0.9350000023841858,0.029999999329447746,0.03500000014901161,0.9350000023841858,0.029999999329447746,0.0,0.0,0.0,0.0,0.0,0.0
643,-27.973333333333315,0.0,0.03500000014901161,0.9350000023841858,0.029999999329447746,0.03500000014901161,0.9350000023841858,0.029999999329447746,0.03500000014901161,0.9350000023841858,0.029999999329447746,0.0,0.0,0.0,0.0,0.0,0.0
644,-261.9899999999999,0.0,0.03500000014901161,0.9350000023841858,0.029999999329447746,0.04500000178813934,0.925000011920929,0.029999999329447746,0.03500000014901161,0.9350000023841858,0.029999999329447746,0.0,0.0,0.0,0.0,0.0,0.0
645,-39.435333333333325,0.0,0.03500000014901161,0.9350000023841858,0.029999999329447746,0.03999999910593033,0.9300000071525574,0.029999999329447746,0.03500000014901161,0.9350000023841858,0.029999999329447746,0.0,0.0,0.0,0.0,0.0,0.0
646,-139.91133333333326,0.0,0.03500000014901161,0.9350000023841858,0.029999999329447746,0.03999999910593033,0.9300000071525574,0.029999999329447746,0.03500000014901161,0.9350000023841858,0.029999999329447746,0.0,0.0,0.0,0.0,0.0,0.0
647,-183.52833333333325,0.0,0.03999999910593033,0.8799999952316284,0.07999999821186066,0.09000000357627869,0.8799999952316284,0.029999999329447746,0.8849999904632568,0.03999999910593033,0.07500000298023224,0.0,0.0,0.0,0.0,0.0,0.0
648,-158.9769999999999,0.0,0.03500000014901161,0.9350000023841858,0.029999999329447746,0.03500000014901161,0.9350000023841858,0.029999999329447746,0.03500000014901161,0.9350000023841858,0.029999999329447746,0.0,0.0,0.0,0.0,0.0,0.0
649,-48.51766666666667,0.0,0.03500000014901161,0.9350000023841858,0.029999999329447746,0.03999999910593033,0.9300000071525574,0.029999999329447746,0.03500000014901161,0.9350000023841858,0.029999999329447746,0.0,0.0,0.0,0.0,0.0,0.0
650,-26.586666666666673,0.0,0.03500000014901161,0.9350000023841858,0.029999999329447746,0.9399999976158142,0.029999999329447746,0.029999999329447746,0.9399999976158142,0.029999999329447746,0.029999999329447746,0.0,0.0,0.0,0.0,0.0,0.0
651,-215.20866666666677,0.0,0.03500000014901161,0.9350000023841858,0.029999999329447746,0.03500000014901161,0.9350000023841858,0.029999999329447746,0.03500000014901161,0.9350000023841858,0.029999999329447746,0.0,0.0,0.0,0.0,0.0,0.0
652,-89.13733333333329,0.0,0.04500000178813934,0.9049999713897705,0.05000000074505806,0.9150000214576721,0.03999999910593033,0.04500000178813934,0.9049999713897705,0.03500000014901161,0.05999999865889549,0.0,0.0,0.0,0.0,0.0,0.0
653,-152.1773333333333,0.0,0.03500000014901161,0.9350000023841858,0.029999999329447746,0.03500000014901161,0.9350000023841858,0.029999999329447746,0.9399999976158142,0.029999999329447746,0.029999999329447746,0.0,0.0,0.0,0.0,0.0,0.0
654,-182.6776666666667,0.0,0.03500000014901161,0.9350000023841858,0.029999999329447746,0.03500000014901161,0.9350000023841858,0.029999999329447746,0.9399999976158142,0.029999999329447746,0.029999999329447746,0.0,0.0,0.0,0.0,0.0,0.0
655,-127.59266666666663,0.0,0.05000000074505806,0.8949999809265137,0.054999999701976776,0.9150000214576721,0.054999999701976776,0.029999999329447746,0.8999999761581421,0.029999999329447746,0.07000000029802322,0.0,0.0,0.0,0.0,0.0,0.0
656,-287.16633333333334,0.0,0.03500000014901161,0.9350000023841858,0.029999999329447746,0.03999999910593033,0.9300000071525574,0.029999999329447746,0.03500000014901161,0.9350000023841858,0.029999999329447746,0.0,0.0,0.0,0.0,0.0,0.0
657,-73.482,0.0,0.03999999910593033,0.9049999713897705,0.054999999701976776,0.9300000071525574,0.03999999910593033,0.029999999329447746,0.9200000166893005,0.029999999329447746,0.05000000074505806,0.0,0.0,0.0,0.0,0.0,0.0
658,-39.44866666666665,0.0,0.03500000014901161,0.9350000023841858,0.029999999329447746,0.04500000178813934,0.925000011920929,0.029999999329447746,0.925000011920929,0.03500000014901161,0.03999999910593033,0.0,0.0,0.0,0.0,0.0,0.0
659,-55.16533333333334,0.0,0.03500000014901161,0.9350000023841858,0.029999999329447746,0.04500000178813934,0.925000011920929,0.029999999329447746,0.925000011920929,0.029999999329447746,0.04500000178813934,0.0,0.0,0.0,0.0,0.0,0.0
660,-55.272666666666616,0.0,0.03500000014901161,0.9350000023841858,0.029999999329447746,0.04500000178813934,0.925000011920929,0.029999999329447746,0.9150000214576721,0.03500000014901161,0.05000000074505806,0.0,0.0,0.0,0.0,0.0,0.0
661,-53.562333333333335,0.0,0.03500000014901161,0.9350000023841858,0.029999999329447746,0.03500000014901161,0.9350000023841858,0.029999999329447746,0.9350000023841858,0.029999999329447746,0.03500000014901161,0.0,0.0,0.0,0.0,0.0,0.0
662,-53.83466666666664,0.0,0.03500000014901161,0.9350000023841858,0.029999999329447746,0.05000000074505806,0.9200000166893005,0.029999999329447746,0.03500000014901161,0.9350000023841858,0.029999999329447746,0.0,0.0,0.0,0.0,0.0,0.0
663,-43.69066666666664,0.0,0.03500000014901161,0.9350000023841858,0.029999999329447746,0.03999999910593033,0.9300000071525574,0.029999999329447746,0.03500000014901161,0.9350000023841858,0.029999999329447746,0.0,0.0,0.0,0.0,0.0,0.0
664,-69.96000000000001,0.0,0.03500000014901161,0.9350000023841858,0.029999999329447746,0.03500000014901161,0.9350000023841858,0.029999999329447746,0.03500000014901161,0.9350000023841858,0.029999999329447746,0.0,0.0,0.0,0.0,0.0,0.0
665,-26.315666666666665,0.0,0.03500000014901161,0.029999999329447746,0.9350000023841858,0.03999999910593033,0.9300000071525574,0.029999999329447746,0.9300000071525574,0.029999999329447746,0.03999999910593033,0.0,0.0,0.0,0.0,0.0,0.0
666,-177.6083333333333,0.0,0.03500000014901161,0.029999999329447746,0.9350000023841858,0.03500000014901161,0.9350000023841858,0.029999999329447746,0.03500000014901161,0.9350000023841858,0.029999999329447746,0.0,0.0,0.0,0.0,0.0,0.0
667,-42.636333333333326,0.0,0.03500000014901161,0.9350000023841858,0.029999999329447746,0.03500000014901161,0.9350000023841858,0.029999999329447746,0.03500000014901161,0.9350000023841858,0.029999999329447746,0.0,0.0,0.0,0.0,0.0,0.0
668,-311.27399999999994,0.0,0.9049999713897705,0.03999999910593033,0.054999999701976776,0.9399999976158142,0.029999999329447746,0.029999999329447746,0.9300000071525574,0.03500000014901161,0.03500000014901161,0.0,0.0,0.0,0.0,0.0,0.0
669,-212.84133333333338,0.0,0.04500000178813934,0.8899999856948853,0.06499999761581421,0.08500000089406967,0.8849999904632568,0.029999999329447746,0.8899999856948853,0.029999999329447746,0.07999999821186066,0.0,0.0,0.0,0.0,0.0,0.0
670,-312.51166666666666,0.0,0.04500000178813934,0.8799999952316284,0.07500000298023224,0.0949999988079071,0.875,0.029999999329447746,0.8849999904632568,0.029999999329447746,0.08500000089406967,0.0,0.0,0.0,0.0,0.0,0.0
671,-317.5326666666666,0.0,0.03500000014901161,0.029999999329447746,0.9350000023841858,0.03500000014901161,0.029999999329447746,0.9350000023841858,0.03500000014901161,0.9350000023841858,0.029999999329447746,0.0,0.0,0.0,0.0,0.0,0.0
672,-107.57466666666667,0.0,0.03999999910593033,0.9150000214576721,0.04500000178813934,0.08500000089406967,0.8799999952316284,0.03500000014901161,0.8999999761581421,0.029999999329447746,0.07000000029802322,0.0,0.0,0.0,0.0,0.0,0.0
673,-33.823,0.0,0.03500000014901161,0.9350000023841858,0.029999999329447746,0.03500000014901161,0.9350000023841858,0.029999999329447746,0.03500000014901161,0.9350000023841858,0.029999999329447746,0.0,0.0,0.0,0.0,0.0,0.0
674,-117.93599999999995,0.0,0.03999999910593033,0.8949999809265137,0.06499999761581421,0.08500000089406967,0.8849999904632568,0.029999999329447746,0.8849999904632568,0.03500000014901161,0.07999999821186066,0.0,0.0,0.0,0.0,0.0,0.0
675,-235.58800000000008,0.0,0.03500000014901161,0.9350000023841858,0.029999999329447746,0.04500000178813934,0.925000011920929,0.029999999329447746,0.03500000014901161,0.9350000023841858,0.029999999329447746,0.0,0.0,0.0,0.0,0.0,0.0
676,-285.87500000000006,0.0,0.9399999976158142,0.029999999329447746,0.029999999329447746,0.9399999976158142,0.029999999329447746,0.029999999329447746,0.9399999976158142,0.029999999329447746,0.029999999329447746,0.0,0.0,0.0,0.0,0.0,0.0
677,-205.85199999999995,0.0,0.04500000178813934,0.8849999904632568,0.07000000029802322,0.0949999988079071,0.875,0.029999999329447746,0.8849999904632568,0.03500000014901161,0.07999999821186066,0.0,0.0,0.0,0.0,0.0,0.0
678,-405.0006666666666,0.0,0.03500000014901161,0.9350000023841858,0.029999999329447746,0.05000000074505806,0.9200000166893005,0.029999999329447746,0.03500000014901161,0.9350000023841858,0.029999999329447746,0.0,0.0,0.0,0.0,0.0,0.0
679,-62.28899999999999,0.0,0.03500000014901161,0.9350000023841858,0.029999999329447746,0.03500000014901161,0.9350000023841858,0.029999999329447746,0.9399999976158142,0.029999999329447746,0.029999999329447746,0.0,0.0,0.0,0.0,0.0,0.0
680,-289.97699999999986,0.0,0.03500000014901161,0.029999999329447746,0.9350000023841858,0.03999999910593033,0.9300000071525574,0.029999999329447746,0.03500000014901161,0.9350000023841858,0.029999999329447746,0.0,0.0,0.0,0.0,0.0,0.0
681,-188.1023333333333,0.0,0.03500000014901161,0.029999999329447746,0.9350000023841858,0.03500000014901161,0.9350000023841858,0.029999999329447746,0.03500000014901161,0.9350000023841858,0.029999999329447746,0.0,0.0,0.0,0.0,0.0,0.0
682,-215.8726666666667,0.0,0.04500000178813934,0.8799999952316284,0.07500000298023224,0.0949999988079071,0.875,0.029999999329447746,0.8849999904632568,0.029999999329447746,0.08500000089406967,0.0,0.0,0.0,0.0,0.0,0.0
683,-246.40800000000007,0.0,0.05999999865889549,0.8799999952316284,0.05999999865889549,0.0949999988079071,0.875,0.029999999329447746,0.8849999904632568,0.029999999329447746,0.08500000089406967,0.0,0.0,0.0,0.0,0.0,0.0
684,-432.12933333333325,0.0,0.05000000074505806,0.05999999865889549,0.8899999856948853,0.9399999976158142,0.029999999329447746,0.029999999329447746,0.9200000166893005,0.03500000014901161,0.04500000178813934,0.0,0.0,0.0,0.0,0.0,0.0
685,-50.600000000000016,0.0,0.03500000014901161,0.9350000023841858,0.029999999329447746,0.03500000014901161,0.9350000023841858,0.029999999329447746,0.03500000014901161,0.9350000023841858,0.029999999329447746,0.0,0.0,0.0,0.0,0.0,0.0
686,-145.25266666666673,0.0,0.03500000014901161,0.9350000023841858,0.029999999329447746,0.03500000014901161,0.9350000023841858,0.029999999329447746,0.9399999976158142,0.029999999329447746,0.029999999329447746,0.0,0.0,0.0,0.0,0.0,0.0
687,-35.80833333333334,0.0,0.03500000014901161,0.9350000023841858,0.029999999329447746,0.03500000014901161,0.9350000023841858,0.029999999329447746,0.03500000014901161,0.9350000023841858,0.029999999329447746,0.0,0.0,0.0,0.0,0.0,0.0
688,-159.78900000000002,0.0,0.03500000014901161,0.9350000023841858,0.029999999329447746,0.04500000178813934,0.925000011920929,0.029999999329447746,0.03500000014901161,0.9350000023841858,0.029999999329447746,0.0,0.0,0.0,0.0,0.0,0.0
689,-203.36299999999991,0.0,0.03500000014901161,0.9350000023841858,0.029999999329447746,0.04500000178813934,0.925000011920929,0.029999999329447746,0.03500000014901161,0.029999999329447746,0.9350000023841858,0.0,0.0,0.0,0.0,0.0,0.0
690,-61.37166666666664,0.0,0.03500000014901161,0.9350000023841858,0.029999999329447746,0.9399999976158142,0.029999999329447746,0.029999999329447746,0.9399999976158142,0.029999999329447746,0.029999999329447746,0.0,0.0,0.0,0.0,0.0,0.0
691,-520.1346666666667,0.0,0.03500000014901161,0.9350000023841858,0.029999999329447746,0.03500000014901161,0.9350000023841858,0.029999999329447746,0.03500000014901161,0.9350000023841858,0.029999999329447746,0.0,0.0,0.0,0.0,0.0,0.0
692,-176.2253333333334,0.0,0.05000000074505806,0.8899999856948853,0.05999999865889549,0.08500000089406967,0.8849999904632568,0.029999999329447746,0.8899999856948853,0.029999999329447746,0.07999999821186066,0.0,0.0,0.0,0.0,0.0,0.0
693,-217.37133333333352,0.0,0.03500000014901161,0.9350000023841858,0.029999999329447746,0.03500000014901161,0.9350000023841858,0.029999999329447746,0.9399999976158142,0.029999999329447746,0.029999999329447746,0.0,0.0,0.0,0.0,0.0,0.0
694,-286.504,0.0,0.03999999910593033,0.9300000071525574,0.029999999329447746,0.9399999976158142,0.029999999329447746,0.029999999329447746,0.9399999976158142,0.029999999329447746,0.029999999329447746,0.0,0.0,0.0,0.0,0.0,0.0
695,-508.01066666666645,0.0,0.03500000014901161,0.9350000023841858,0.029999999329447746,0.04500000178813934,0.925000011920929,0.029999999329447746,0.03500000014901161,0.9350000023841858,0.029999999329447746,0.0,0.0,0.0,0.0,0.0,0.0
696,-63.31766666666665,0.0,0.03999999910593033,0.9300000071525574,0.029999999329447746,0.04500000178813934,0.925000011920929,0.029999999329447746,0.03500000014901161,0.9350000023841858,0.029999999329447746,0.0,0.0,0.0,0.0,0.0,0.0
697,-71.90433333333334,0.0,0.03500000014901161,0.9350000023841858,0.029999999329447746,0.03500000014901161,0.9350000023841858,0.029999999329447746,0.03500000014901161,0.9350000023841858,0.029999999329447746,0.0,0.0,0.0,0.0,0.0,0.0
698,-255.19299999999996,0.0,0.03999999910593033,0.8949999809265137,0.06499999761581421,0.07999999821186066,0.8899999856948853,0.029999999329447746,0.8949999809265137,0.029999999329447746,0.07500000298023224,0.0,0.0,0.0,0.0,0.0,0.0
699,-237.30700000000002,0.0,0.054999999701976776,0.8849999904632568,0.05999999865889549,0.09000000357627869,0.8799999952316284,0.029999999329447746,0.8899999856948853,0.029999999329447746,0.07999999821186066,0.0,0.0,0.0,0.0,0.0,0.0
700,-271.3163333333334,0.0,0.03500000014901161,0.9350000023841858,0.029999999329447746,0.03500000014901161,0.9350000023841858,0.029999999329447746,0.03500000014901161,0.9350000023841858,0.029999999329447746,0.0,0.0,0.0,0.0,0.0,0.0
701,-47.70633333333331,0.0,0.03500000014901161,0.9350000023841858,0.029999999329447746,0.04500000178813934,0.925000011920929,0.029999999329447746,0.03500000014901161,0.9350000023841858,0.029999999329447746,0.0,0.0,0.0,0.0,0.0,0.0
702,-38.55966666666668,0.0,0.03500000014901161,0.029999999329447746,0.9350000023841858,0.03500000014901161,0.029999999329447746,0.9350000023841858,0.03500000014901161,0.029999999329447746,0.9350000023841858,0.0,0.0,0.0,0.0,0.0,0.0
703,-45.120666666666665,0.0,0.03500000014901161,0.029999999329447746,0.9350000023841858,0.03500000014901161,0.029999999329447746,0.9350000023841858,0.03500000014901161,0.029999999329447746,0.9350000023841858,0.0,0.0,0.0,0.0,0.0,0.0
704,-38.96066666666669,0.0,0.03500000014901161,0.9350000023841858,0.029999999329447746,0.03500000014901161,0.9350000023841858,0.029999999329447746,0.9399999976158142,0.029999999329447746,0.029999999329447746,0.0,0.0,0.0,0.0,0.0,0.0
705,-171.48333333333335,0.0,0.03500000014901161,0.029999999329447746,0.9350000023841858,0.054999999701976776,0.029999999329447746,0.9150000214576721,0.9200000166893005,0.029999999329447746,0.05000000074505806,0.0,0.0,0.0,0.0,0.0,0.0
706,-222.97599999999994,0.0,0.03500000014901161,0.9350000023841858,0.029999999329447746,0.03999999910593033,0.9300000071525574,0.029999999329447746,0.03500000014901161,0.9350000023841858,0.029999999329447746,0.0,0.0,0.0,0.0,0.0,0.0
707,-157.3483333333333,0.0,0.03500000014901161,0.9350000023841858,0.029999999329447746,0.03500000014901161,0.9350000023841858,0.029999999329447746,0.03500000014901161,0.9350000023841858,0.029999999329447746,0.0,0.0,0.0,0.0,0.0,0.0
708,-116.77533333333335,0.0,0.03500000014901161,0.9350000023841858,0.029999999329447746,0.05999999865889549,0.9100000262260437,0.029999999329447746,0.03500000014901161,0.9300000071525574,0.03500000014901161,0.0,0.0,0.0,0.0,0.0,0.0
709,-37.92266666666665,0.0,0.9399999976158142,0.029999999329447746,0.029999999329447746,0.9399999976158142,0.029999999329447746,0.029999999329447746,0.9399999976158142,0.029999999329447746,0.029999999329447746,0.0,0.0,0.0,0.0,0.0,0.0
710,-306.83233333333334,0.0,0.03500000014901161,0.9350000023841858,0.029999999329447746,0.04500000178813934,0.925000011920929,0.029999999329447746,0.03500000014901161,0.9350000023841858,0.029999999329447746,0.0,0.0,0.0,0.0,0.0,0.0
711,-40.84599999999998,0.0,0.9399999976158142,0.029999999329447746,0.029999999329447746,0.9399999976158142,0.029999999329447746,0.029999999329447746,0.9399999976158142,0.029999999329447746,0.029999999329447746,0.0,0.0,0.0,0.0,0.0,0.0
712,-135.24966666666668,0.0,0.03999999910593033,0.9300000071525574,0.029999999329447746,0.04500000178813934,0.925000011920929,0.029999999329447746,0.03500000014901161,0.9300000071525574,0.03500000014901161,0.0,0.0,0.0,0.0,0.0,0.0
713,-291.6643333333334,0.0,0.03500000014901161,0.9350000023841858,0.029999999329447746,0.03999999910593033,0.9300000071525574,0.029999999329447746,0.03500000014901161,0.9350000023841858,0.029999999329447746,0.0,0.0,0.0,0.0,0.0,0.0
714,-181.63466666666667,0.0,0.03500000014901161,0.9350000023841858,0.029999999329447746,0.04500000178813934,0.925000011920929,0.029999999329447746,0.03500000014901161,0.9350000023841858,0.029999999329447746,0.0,0.0,0.0,0.0,0.0,0.0
715,-167.1413333333334,0.0,0.05999999865889549,0.8899999856948853,0.05000000074505806,0.08500000089406967,0.8849999904632568,0.029999999329447746,0.8899999856948853,0.03999999910593033,0.07000000029802322,0.0,0.0,0.0,0.0,0.0,0.0
716,-356.70099999999985,0.0,0.03500000014901161,0.9350000023841858,0.029999999329447746,0.054999999701976776,0.9150000214576721,0.029999999329447746,0.03500000014901161,0.9350000023841858,0.029999999329447746,0.0,0.0,0.0,0.0,0.0,0.0
717,-258.18733333333324,0.0,0.03500000014901161,0.9350000023841858,0.029999999329447746,0.03500000014901161,0.9350000023841858,0.029999999329447746,0.03500000014901161,0.9350000023841858,0.029999999329447746,0.0,0.0,0.0,0.0,0.0,0.0
718,-229.2716666666667,0.0,0.07000000029802322,0.8899999856948853,0.03999999910593033,0.8999999761581421,0.06499999761581421,0.03500000014901161,0.8949999809265137,0.029999999329447746,0.07500000298023224,0.0,0.0,0.0,0.0,0.0,0.0
719,-164.7686666666667,0.0,0.03500000014901161,0.9350000023841858,0.029999999329447746,0.05000000074505806,0.9200000166893005,0.029999999329447746,0.03500000014901161,0.9350000023841858,0.029999999329447746,0.0,0.0,0.0,0.0,0.0,0.0
720,-107.70900000000002,0.0,0.03500000014901161,0.9350000023841858,0.029999999329447746,0.03999999910593033,0.9300000071525574,0.029999999329447746,0.03500000014901161,0.9350000023841858,0.029999999329447746,0.0,0.0,0.0,0.0,0.0,0.0
721,-329.5623333333333,0.0,0.03500000014901161,0.9350000023841858,0.029999999329447746,0.03500000014901161,0.9350000023841858,0.029999999329447746,0.03500000014901161,0.9350000023841858,0.029999999329447746,0.0,0.0,0.0,0.0,0.0,0.0
722,-314.7383333333333,0.0,0.03500000014901161,0.9350000023841858,0.029999999329447746,0.03999999910593033,0.9300000071525574,0.029999999329447746,0.03500000014901161,0.9350000023841858,0.029999999329447746,0.0,0.0,0.0,0.0,0.0,0.0
723,-409.769,0.0,0.05999999865889549,0.8849999904632568,0.054999999701976776,0.08500000089406967,0.8849999904632568,0.029999999329447746,0.8849999904632568,0.03500000014901161,0.07999999821186066,0.0,0.0,0.0,0.0,0.0,0.0
724,-212.9503333333333,0.0,0.04500000178813934,0.8799999952316284,0.07500000298023224,0.09000000357627869,0.8799999952316284,0.029999999329447746,0.8849999904632568,0.03999999910593033,0.07500000298023224,0.0,0.0,0.0,0.0,0.0,0.0
725,-67.83699999999996,0.0,0.03500000014901161,0.9350000023841858,0.029999999329447746,0.03999999910593033,0.9300000071525574,0.029999999329447746,0.03500000014901161,0.9350000023841858,0.029999999329447746,0.0,0.0,0.0,0.0,0.0,0.0
726,-73.55666666666666,0.0,0.03500000014901161,0.9350000023841858,0.029999999329447746,0.03999999910593033,0.9300000071525574,0.029999999329447746,0.925000011920929,0.029999999329447746,0.04500000178813934,0.0,0.0,0.0,0.0,0.0,0.0
727,-383.9136666666667,0.0,0.03999999910593033,0.9049999713897705,0.054999999701976776,0.07999999821186066,0.8899999856948853,0.029999999329447746,0.8999999761581421,0.029999999329447746,0.07000000029802322,0.0,0.0,0.0,0.0,0.0,0.0
728,-85.18699999999995,0.0,0.03999999910593033,0.9150000214576721,0.04500000178813934,0.07999999821186066,0.8849999904632568,0.03500000014901161,0.9150000214576721,0.029999999329447746,0.054999999701976776,0.0,0.0,0.0,0.0,0.0,0.0
729,-34.311333333333366,0.0,0.03500000014901161,0.9350000023841858,0.029999999329447746,0.03500000014901161,0.9350000023841858,0.029999999329447746,0.03500000014901161,0.9350000023841858,0.029999999329447746,0.0,0.0,0.0,0.0,0.0,0.0
730,-30.933333333333348,0.0,0.03500000014901161,0.9350000023841858,0.029999999329447746,0.9399999976158142,0.029999999329447746,0.029999999329447746,0.9399999976158142,0.029999999329447746,0.029999999329447746,0.0,0.0,0.0,0.0,0.0,0.0
731,-296.8336666666668,0.0,0.03500000014901161,0.9350000023841858,0.029999999329447746,0.03500000014901161,0.9350000023841858,0.029999999329447746,0.03500000014901161,0.9350000023841858,0.029999999329447746,0.0,0.0,0.0,0.0,0.0,0.0
732,-267.55133333333333,0.0,0.04500000178813934,0.04500000178813934,0.9100000262260437,0.05999999865889549,0.03999999910593033,0.8999999761581421,0.9100000262260437,0.03500000014901161,0.054999999701976776,0.0,0.0,0.0,0.0,0.0,0.0
733,-112.90100000000001,0.0,0.03999999910593033,0.05000000074505806,0.9100000262260437,0.05999999865889549,0.9100000262260437,0.029999999329447746,0.9100000262260437,0.029999999329447746,0.05999999865889549,0.0,0.0,0.0,0.0,0.0,0.0
734,-226.56766666666658,0.0,0.03500000014901161,0.9350000023841858,0.029999999329447746,0.03500000014901161,0.9350000023841858,0.029999999329447746,0.03500000014901161,0.9350000023841858,0.029999999329447746,0.0,0.0,0.0,0.0,0.0,0.0
735,-186.35699999999994,0.0,0.03500000014901161,0.9350000023841858,0.029999999329447746,0.03500000014901161,0.9350000023841858,0.029999999329447746,0.03500000014901161,0.9350000023841858,0.029999999329447746,0.0,0.0,0.0,0.0,0.0,0.0
736,-186.00266666666658,0.0,0.03500000014901161,0.029999999329447746,0.9350000023841858,0.9399999976158142,0.029999999329447746,0.029999999329447746,0.9399999976158142,0.029999999329447746,0.029999999329447746,0.0,0.0,0.0,0.0,0.0,0.0
737,-43.87066666666667,0.0,0.03500000014901161,0.9350000023841858,0.029999999329447746,0.05000000074505806,0.9200000166893005,0.029999999329447746,0.03500000014901161,0.9350000023841858,0.029999999329447746,0.0,0.0,0.0,0.0,0.0,0.0
738,-38.92100000000001,0.0,0.03500000014901161,0.9350000023841858,0.029999999329447746,0.03500000014901161,0.9350000023841858,0.029999999329447746,0.9399999976158142,0.029999999329447746,0.029999999329447746,0.0,0.0,0.0,0.0,0.0,0.0
739,-35.92333333333332,0.0,0.03500000014901161,0.9350000023841858,0.029999999329447746,0.03500000014901161,0.9350000023841858,0.029999999329447746,0.03500000014901161,0.9350000023841858,0.029999999329447746,0.0,0.0,0.0,0.0,0.0,0.0
740,-308.73633333333333,0.0,0.03500000014901161,0.9350000023841858,0.029999999329447746,0.05000000074505806,0.9200000166893005,0.029999999329447746,0.9100000262260437,0.04500000178813934,0.04500000178813934,0.0,0.0,0.0,0.0,0.0,0.0
741,-67.535,0.0,0.03500000014901161,0.9350000023841858,0.029999999329447746,0.03500000014901161,0.9350000023841858,0.029999999329447746,0.03500000014901161,0.9350000023841858,0.029999999329447746,0.0,0.0,0.0,0.0,0.0,0.0
742,-101.30566666666675,0.0,0.03500000014901161,0.029999999329447746,0.9350000023841858,0.03500000014901161,0.9350000023841858,0.029999999329447746,0.03500000014901161,0.9350000023841858,0.029999999329447746,0.0,0.0,0.0,0.0,0.0,0.0
743,-93.47033333333329,0.0,0.05000000074505806,0.9049999713897705,0.04500000178813934,0.07999999821186066,0.8899999856948853,0.029999999329447746,0.8849999904632568,0.029999999329447746,0.08500000089406967,0.0,0.0,0.0,0.0,0.0,0.0
744,-174.40466666666677,0.0,0.07500000298023224,0.8799999952316284,0.04500000178813934,0.0949999988079071,0.875,0.029999999329447746,0.8849999904632568,0.029999999329447746,0.08500000089406967,0.0,0.0,0.0,0.0,0.0,0.0
745,-332.07599999999996,0.0,0.03500000014901161,0.9350000023841858,0.029999999329447746,0.04500000178813934,0.925000011920929,0.029999999329447746,0.03500000014901161,0.9350000023841858,0.029999999329447746,0.0,0.0,0.0,0.0,0.0,0.0
746,-374.26633333333325,0.0,0.03500000014901161,0.9350000023841858,0.029999999329447746,0.03500000014901161,0.9350000023841858,0.029999999329447746,0.03500000014901161,0.9350000023841858,0.029999999329447746,0.0,0.0,0.0,0.0,0.0,0.0
747,-181.7626666666667,0.0,0.03500000014901161,0.9350000023841858,0.029999999329447746,0.05000000074505806,0.9200000166893005,0.029999999329447746,0.03500000014901161,0.9350000023841858,0.029999999329447746,0.0,0.0,0.0,0.0,0.0,0.0
748,-142.68466666666666,0.0,0.03500000014901161,0.9350000023841858,0.029999999329447746,0.03999999910593033,0.9300000071525574,0.029999999329447746,0.03500000014901161,0.9350000023841858,0.029999999329447746,0.0,0.0,0.0,0.0,0.0,0.0
749,-30.85966666666668,0.0,0.03500000014901161,0.9350000023841858,0.029999999329447746,0.03500000014901161,0.9350000023841858,0.029999999329447746,0.03500000014901161,0.9350000023841858,0.029999999329447746,0.0,0.0,0.0,0.0,0.0,0.0
750,-90.36200000000004,0.0,0.03500000014901161,0.9350000023841858,0.029999999329447746,0.04500000178813934,0.029999999329447746,0.925000011920929,0.03500000014901161,0.029999999329447746,0.9350000023841858,0.0,0.0,0.0,0.0,0.0,0.0
751,-87.53499999999998,0.0,0.03500000014901161,0.9350000023841858,0.029999999329447746,0.03500000014901161,0.9350000023841858,0.029999999329447746,0.03500000014901161,0.9350000023841858,0.029999999329447746,0.0,0.0,0.0,0.0,0.0,0.0
752,-45.97466666666668,0.0,0.03500000014901161,0.9350000023841858,0.029999999329447746,0.9350000023841858,0.03500000014901161,0.029999999329447746,0.9399999976158142,0.029999999329447746,0.029999999329447746,0.0,0.0,0.0,0.0,0.0,0.0
753,-398.63700000000006,0.0,0.03500000014901161,0.9350000023841858,0.029999999329447746,0.03500000014901161,0.9350000023841858,0.029999999329447746,0.9399999976158142,0.029999999329447746,0.029999999329447746,0.0,0.0,0.0,0.0,0.0,0.0
754,-170.84133333333335,0.0,0.03500000014901161,0.9350000023841858,0.029999999329447746,0.03999999910593033,0.9300000071525574,0.029999999329447746,0.03500000014901161,0.9350000023841858,0.029999999329447746,0.0,0.0,0.0,0.0,0.0,0.0
755,-40.73733333333331,0.0,0.03500000014901161,0.9350000023841858,0.029999999329447746,0.03500000014901161,0.9350000023841858,0.029999999329447746,0.03500000014901161,0.9350000023841858,0.029999999329447746,0.0,0.0,0.0,0.0,0.0,0.0
756,-30.63400000000001,0.0,0.03500000014901161,0.9350000023841858,0.029999999329447746,0.03500000014901161,0.9350000023841858,0.029999999329447746,0.9399999976158142,0.029999999329447746,0.029999999329447746,0.0,0.0,0.0,0.0,0.0,0.0
757,-185.09866666666665,0.0,0.03500000014901161,0.9300000071525574,0.03500000014901161,0.05999999865889549,0.9100000262260437,0.029999999329447746,0.9100000262260437,0.029999999329447746,0.05999999865889549,0.0,0.0,0.0,0.0,0.0,0.0
758,-56.54833333333334,0.0,0.03500000014901161,0.029999999329447746,0.9350000023841858,0.03500000014901161,0.029999999329447746,0.9350000023841858,0.03500000014901161,0.9350000023841858,0.029999999329447746,0.0,0.0,0.0,0.0,0.0,0.0
759,-126.07233333333332,0.0,0.03999999910593033,0.9300000071525574,0.029999999329447746,0.054999999701976776,0.9150000214576721,0.029999999329447746,0.925000011920929,0.03500000014901161,0.03999999910593033,0.0,0.0,0.0,0.0,0.0,0.0
760,-35.61133333333332,0.0,0.03500000014901161,0.9350000023841858,0.029999999329447746,0.9350000023841858,0.03500000014901161,0.029999999329447746,0.9399999976158142,0.029999999329447746,0.029999999329447746,0.0,0.0,0.0,0.0,0.0,0.0
761,-82.54166666666666,0.0,0.03500000014901161,0.9350000023841858,0.029999999329447746,0.03500000014901161,0.9350000023841858,0.029999999329447746,0.03500000014901161,0.9350000023841858,0.029999999329447746,0.0,0.0,0.0,0.0,0.0,0.0
762,-77.93033333333332,0.0,0.03500000014901161,0.9350000023841858,0.029999999329447746,0.03500000014901161,0.9350000023841858,0.029999999329447746,0.03500000014901161,0.9350000023841858,0.029999999329447746,0.0,0.0,0.0,0.0,0.0,0.0
763,-92.01533333333333,0.0,0.03500000014901161,0.9350000023841858,0.029999999329447746,0.04500000178813934,0.925000011920929,0.029999999329447746,0.03500000014901161,0.9350000023841858,0.029999999329447746,0.0,0.0,0.0,0.0,0.0,0.0
764,-136.53966666666668,0.0,0.03500000014901161,0.9350000023841858,0.029999999329447746,0.03500000014901161,0.9350000023841858,0.029999999329447746,0.9399999976158142,0.029999999329447746,0.029999999329447746,0.0,0.0,0.0,0.0,0.0,0.0
765,-60.26800000000003,0.0,0.03500000014901161,0.029999999329447746,0.9350000023841858,0.04500000178813934,0.029999999329447746,0.925000011920929,0.03500000014901161,0.029999999329447746,0.9350000023841858,0.0,0.0,0.0,0.0,0.0,0.0
766,-251.41766666666666,0.0,0.9399999976158142,0.029999999329447746,0.029999999329447746,0.9399999976158142,0.029999999329447746,0.029999999329447746,0.9399999976158142,0.029999999329447746,0.029999999329447746,0.0,0.0,0.0,0.0,0.0,0.0
767,-101.08233333333334,0.0,0.03500000014901161,0.9350000023841858,0.029999999329447746,0.04500000178813934,0.925000011920929,0.029999999329447746,0.03500000014901161,0.9350000023841858,0.029999999329447746,0.0,0.0,0.0,0.0,0.0,0.0
768,-96.76766666666663,0.0,0.03500000014901161,0.9350000023841858,0.029999999329447746,0.03500000014901161,0.9350000023841858,0.029999999329447746,0.9399999976158142,0.029999999329447746,0.029999999329447746,0.0,0.0,0.0,0.0,0.0,0.0
769,-132.30033333333333,0.0,0.03500000014901161,0.9350000023841858,0.029999999329447746,0.03500000014901161,0.9350000023841858,0.029999999329447746,0.03500000014901161,0.9350000023841858,0.029999999329447746,0.0,0.0,0.0,0.0,0.0,0.0
770,-258.39533333333316,0.0,0.03500000014901161,0.9350000023841858,0.029999999329447746,0.03500000014901161,0.9350000023841858,0.029999999329447746,0.03500000014901161,0.9350000023841858,0.029999999329447746,0.0,0.0,0.0,0.0,0.0,0.0
771,-308.18833333333345,0.0,0.03500000014901161,0.9350000023841858,0.029999999329447746,0.03500000014901161,0.9350000023841858,0.029999999329447746,0.9399999976158142,0.029999999329447746,0.029999999329447746,0.0,0.0,0.0,0.0,0.0,0.0
772,-51.22400000000002,0.0,0.03500000014901161,0.9350000023841858,0.029999999329447746,0.03999999910593033,0.9300000071525574,0.029999999329447746,0.03500000014901161,0.9350000023841858,0.029999999329447746,0.0,0.0,0.0,0.0,0.0,0.0
773,-179.23233333333334,0.0,0.03500000014901161,0.9350000023841858,0.029999999329447746,0.03999999910593033,0.029999999329447746,0.9300000071525574,0.03500000014901161,0.9350000023841858,0.029999999329447746,0.0,0.0,0.0,0.0,0.0,0.0
774,-44.54633333333332,0.0,0.03500000014901161,0.9350000023841858,0.029999999329447746,0.03500000014901161,0.9350000023841858,0.029999999329447746,0.03500000014901161,0.9350000023841858,0.029999999329447746,0.0,0.0,0.0,0.0,0.0,0.0
775,-214.19966666666676,0.0,0.03500000014901161,0.9350000023841858,0.029999999329447746,0.04500000178813934,0.925000011920929,0.029999999329447746,0.03500000014901161,0.9350000023841858,0.029999999329447746,0.0,0.0,0.0,0.0,0.0,0.0
776,-55.467,0.0,0.03500000014901161,0.9300000071525574,0.03500000014901161,0.9350000023841858,0.03500000014901161,0.029999999329447746,0.9399999976158142,0.029999999329447746,0.029999999329447746,0.0,0.0,0.0,0.0,0.0,0.0
777,-286.19933333333324,0.0,0.03500000014901161,0.9350000023841858,0.029999999329447746,0.03500000014901161,0.9350000023841858,0.029999999329447746,0.03500000014901161,0.9350000023841858,0.029999999329447746,0.0,0.0,0.0,0.0,0.0,0.0
778,-47.50199999999995,0.0,0.03500000014901161,0.9350000023841858,0.029999999329447746,0.03500000014901161,0.9350000023841858,0.029999999329447746,0.9350000023841858,0.029999999329447746,0.03500000014901161,0.0,0.0,0.0,0.0,0.0,0.0
779,-79.84200000000001,0.0,0.05000000074505806,0.9049999713897705,0.04500000178813934,0.07000000029802322,0.8999999761581421,0.029999999329447746,0.9049999713897705,0.054999999701976776,0.03999999910593033,0.0,0.0,0.0,0.0,0.0,0.0
780,-119.07133333333336,0.0,0.03500000014901161,0.9350000023841858,0.029999999329447746,0.03500000014901161,0.9350000023841858,0.029999999329447746,0.03500000014901161,0.9350000023841858,0.029999999329447746,0.0,0.0,0.0,0.0,0.0,0.0
781,-46.58533333333334,0.0,0.03500000014901161,0.9350000023841858,0.029999999329447746,0.03500000014901161,0.9350000023841858,0.029999999329447746,0.9399999976158142,0.029999999329447746,0.029999999329447746,0.0,0.0,0.0,0.0,0.0,0.0
782,-165.2133333333333,0.0,0.07000000029802322,0.8899999856948853,0.03999999910593033,0.08500000089406967,0.8849999904632568,0.029999999329447746,0.8949999809265137,0.05000000074505806,0.054999999701976776,0.0,0.0,0.0,0.0,0.0,0.0
783,-167.61399999999998,0.0,0.05000000074505806,0.9100000262260437,0.03999999910593033,0.05999999865889549,0.9100000262260437,0.029999999329447746,0.9100000262260437,0.054999999701976776,0.03500000014901161,0.0,0.0,0.0,0.0,0.0,0.0
784,-39.95800000000001,0.0,0.03500000014901161,0.9350000023841858,0.029999999329447746,0.03999999910593033,0.9300000071525574,0.029999999329447746,0.03500000014901161,0.9350000023841858,0.029999999329447746,0.0,0.0,0.0,0.0,0.0,0.0
785,-34.14666666666666,0.0,0.03500000014901161,0.9350000023841858,0.029999999329447746,0.03500000014901161,0.9350000023841858,0.029999999329447746,0.03500000014901161,0.9350000023841858,0.029999999329447746,0.0,0.0,0.0,0.0,0.0,0.0
786,-209.52266666666677,0.0,0.07000000029802322,0.8949999809265137,0.03500000014901161,0.07500000298023224,0.8899999856948853,0.03500000014901161,0.8999999761581421,0.05000000074505806,0.05000000074505806,0.0,0.0,0.0,0.0,0.0,0.0
787,-265.62633333333343,0.0,0.03500000014901161,0.9350000023841858,0.029999999329447746,0.04500000178813934,0.925000011920929,0.029999999329447746,0.03500000014901161,0.9350000023841858,0.029999999329447746,0.0,0.0,0.0,0.0,0.0,0.0
788,-45.21166666666667,0.0,0.03500000014901161,0.9350000023841858,0.029999999329447746,0.04500000178813934,0.925000011920929,0.029999999329447746,0.03500000014901161,0.9350000023841858,0.029999999329447746,0.0,0.0,0.0,0.0,0.0,0.0
789,-194.68166666666667,0.0,0.9300000071525574,0.03999999910593033,0.029999999329447746,0.9399999976158142,0.029999999329447746,0.029999999329447746,0.9399999976158142,0.029999999329447746,0.029999999329447746,0.0,0.0,0.0,0.0,0.0,0.0
790,-89.49966666666668,0.0,0.03500000014901161,0.9350000023841858,0.029999999329447746,0.03500000014901161,0.9350000023841858,0.029999999329447746,0.9399999976158142,0.029999999329447746,0.029999999329447746,0.0,0.0,0.0,0.0,0.0,0.0
791,-397.1593333333332,0.0,0.03500000014901161,0.9350000023841858,0.029999999329447746,0.03500000014901161,0.9350000023841858,0.029999999329447746,0.03500000014901161,0.9350000023841858,0.029999999329447746,0.0,0.0,0.0,0.0,0.0,0.0
792,-158.50433333333328,0.0,0.03500000014901161,0.9350000023841858,0.029999999329447746,0.03500000014901161,0.9350000023841858,0.029999999329447746,0.03500000014901161,0.9350000023841858,0.029999999329447746,0.0,0.0,0.0,0.0,0.0,0.0
793,-634.5583333333333,0.0,0.03500000014901161,0.029999999329447746,0.9350000023841858,0.03999999910593033,0.9300000071525574,0.029999999329447746,0.03500000014901161,0.9350000023841858,0.029999999329447746,0.0,0.0,0.0,0.0,0.0,0.0
794,-59.36266666666668,0.0,0.03500000014901161,0.9350000023841858,0.029999999329447746,0.03999999910593033,0.9300000071525574,0.029999999329447746,0.03500000014901161,0.9350000023841858,0.029999999329447746,0.0,0.0,0.0,0.0,0.0,0.0
795,-283.6123333333333,0.0,0.03500000014901161,0.9350000023841858,0.029999999329447746,0.03999999910593033,0.9300000071525574,0.029999999329447746,0.03500000014901161,0.9350000023841858,0.029999999329447746,0.0,0.0,0.0,0.0,0.0,0.0
796,-179.17199999999997,0.0,0.03500000014901161,0.9350000023841858,0.029999999329447746,0.04500000178813934,0.925000011920929,0.029999999329447746,0.9300000071525574,0.03500000014901161,0.03500000014901161,0.0,0.0,0.0,0.0,0.0,0.0
797,-53.516999999999996,0.0,0.03999999910593033,0.029999999329447746,0.9300000071525574,0.054999999701976776,0.9150000214576721,0.029999999329447746,0.925000011920929,0.03500000014901161,0.03999999910593033,0.0,0.0,0.0,0.0,0.0,0.0
798,-222.06733333333324,0.0,0.03500000014901161,0.9350000023841858,0.029999999329447746,0.03999999910593033,0.9300000071525574,0.029999999329447746,0.03500000014901161,0.9350000023841858,0.029999999329447746,0.0,0.0,0.0,0.0,0.0,0.0
799,-209.07266666666658,0.0,0.03500000014901161,0.9350000023841858,0.029999999329447746,0.03500000014901161,0.9350000023841858,0.029999999329447746,0.03500000014901161,0.9350000023841858,0.029999999329447746,0.0,0.0,0.0,0.0,0.0,0.0
800,-456.974,0.0,0.07000000029802322,0.8949999809265137,0.03500000014901161,0.9150000214576721,0.054999999701976776,0.029999999329447746,0.9049999713897705,0.05000000074505806,0.04500000178813934,0.0,0.0,0.0,0.0,0.0,0.0
801,-304.7836666666667,0.0,0.07999999821186066,0.8799999952316284,0.03999999910593033,0.09000000357627869,0.8799999952316284,0.029999999329447746,0.8949999809265137,0.03500000014901161,0.07000000029802322,0.0,0.0,0.0,0.0,0.0,0.0
802,-379.6143333333333,0.0,0.03500000014901161,0.9350000023841858,0.029999999329447746,0.05000000074505806,0.9200000166893005,0.029999999329447746,0.03500000014901161,0.9350000023841858,0.029999999329447746,0.0,0.0,0.0,0.0,0.0,0.0
803,-32.905666666666654,0.0,0.03500000014901161,0.9350000023841858,0.029999999329447746,0.04500000178813934,0.925000011920929,0.029999999329447746,0.03500000014901161,0.9350000023841858,0.029999999329447746,0.0,0.0,0.0,0.0,0.0,0.0
804,-185.84266666666653,0.0,0.03500000014901161,0.9350000023841858,0.029999999329447746,0.03500000014901161,0.9350000023841858,0.029999999329447746,0.03500000014901161,0.9350000023841858,0.029999999329447746,0.0,0.0,0.0,0.0,0.0,0.0
805,-226.6923333333334,0.0,0.03500000014901161,0.9350000023841858,0.029999999329447746,0.03500000014901161,0.9350000023841858,0.029999999329447746,0.03500000014901161,0.9350000023841858,0.029999999329447746,0.0,0.0,0.0,0.0,0.0,0.0
806,-44.49833333333331,0.0,0.03500000014901161,0.9350000023841858,0.029999999329447746,0.05000000074505806,0.9200000166893005,0.029999999329447746,0.03500000014901161,0.9350000023841858,0.029999999329447746,0.0,0.0,0.0,0.0,0.0,0.0
807,-54.18666666666667,0.0,0.9399999976158142,0.029999999329447746,0.029999999329447746,0.9399999976158142,0.029999999329447746,0.029999999329447746,0.9399999976158142,0.029999999329447746,0.029999999329447746,0.0,0.0,0.0,0.0,0.0,0.0
808,-31.451000000000008,0.0,0.03500000014901161,0.029999999329447746,0.9350000023841858,0.03500000014901161,0.9350000023841858,0.029999999329447746,0.03500000014901161,0.9350000023841858,0.029999999329447746,0.0,0.0,0.0,0.0,0.0,0.0
809,-34.03933333333333,0.0,0.03500000014901161,0.9350000023841858,0.029999999329447746,0.04500000178813934,0.925000011920929,0.029999999329447746,0.03500000014901161,0.9350000023841858,0.029999999329447746,0.0,0.0,0.0,0.0,0.0,0.0
810,-45.39366666666666,0.0,0.03500000014901161,0.9350000023841858,0.029999999329447746,0.04500000178813934,0.925000011920929,0.029999999329447746,0.925000011920929,0.03500000014901161,0.03999999910593033,0.0,0.0,0.0,0.0,0.0,0.0
811,-45.23833333333332,0.0,0.03500000014901161,0.9350000023841858,0.029999999329447746,0.03500000014901161,0.9350000023841858,0.029999999329447746,0.03500000014901161,0.9350000023841858,0.029999999329447746,0.0,0.0,0.0,0.0,0.0,0.0
812,-184.51933333333338,0.0,0.05999999865889549,0.8849999904632568,0.054999999701976776,0.0949999988079071,0.875,0.029999999329447746,0.8849999904632568,0.05999999865889549,0.054999999701976776,0.0,0.0,0.0,0.0,0.0,0.0
813,-36.78099999999999,0.0,0.03500000014901161,0.029999999329447746,0.9350000023841858,0.03500000014901161,0.9350000023841858,0.029999999329447746,0.03500000014901161,0.9350000023841858,0.029999999329447746,0.0,0.0,0.0,0.0,0.0,0.0
814,-327.9876666666667,0.0,0.03500000014901161,0.9350000023841858,0.029999999329447746,0.03500000014901161,0.9350000023841858,0.029999999329447746,0.03500000014901161,0.9350000023841858,0.029999999329447746,0.0,0.0,0.0,0.0,0.0,0.0
815,-184.80800000000008,0.0,0.03500000014901161,0.9350000023841858,0.029999999329447746,0.03500000014901161,0.9350000023841858,0.029999999329447746,0.03500000014901161,0.9350000023841858,0.029999999329447746,0.0,0.0,0.0,0.0,0.0,0.0
816,-39.04733333333332,0.0,0.03500000014901161,0.9350000023841858,0.029999999329447746,0.04500000178813934,0.925000011920929,0.029999999329447746,0.03500000014901161,0.9350000023841858,0.029999999329447746,0.0,0.0,0.0,0.0,0.0,0.0
817,-57.293,0.0,0.9100000262260437,0.05000000074505806,0.03999999910593033,0.9350000023841858,0.029999999329447746,0.03500000014901161,0.9399999976158142,0.029999999329447746,0.029999999329447746,0.0,0.0,0.0,0.0,0.0,0.0
818,-392.00633333333326,0.0,0.03500000014901161,0.9350000023841858,0.029999999329447746,0.03999999910593033,0.9300000071525574,0.029999999329447746,0.03500000014901161,0.9350000023841858,0.029999999329447746,0.0,0.0,0.0,0.0,0.0,0.0
819,-53.542666666666676,0.0,0.03500000014901161,0.9350000023841858,0.029999999329447746,0.05000000074505806,0.9200000166893005,0.029999999329447746,0.9300000071525574,0.029999999329447746,0.03999999910593033,0.0,0.0,0.0,0.0,0.0,0.0
820,-173.543,0.0,0.03500000014901161,0.9350000023841858,0.029999999329447746,0.03500000014901161,0.9350000023841858,0.029999999329447746,0.03500000014901161,0.9350000023841858,0.029999999329447746,0.0,0.0,0.0,0.0,0.0,0.0
821,-224.20233333333323,0.0,0.03500000014901161,0.9350000023841858,0.029999999329447746,0.03500000014901161,0.9350000023841858,0.029999999329447746,0.9399999976158142,0.029999999329447746,0.029999999329447746,0.0,0.0,0.0,0.0,0.0,0.0
822,-151.67933333333332,0.0,0.03500000014901161,0.9350000023841858,0.029999999329447746,0.03500000014901161,0.9350000023841858,0.029999999329447746,0.03500000014901161,0.9350000023841858,0.029999999329447746,0.0,0.0,0.0,0.0,0.0,0.0
823,-273.56733333333347,0.0,0.03500000014901161,0.9350000023841858,0.029999999329447746,0.03500000014901161,0.9350000023841858,0.029999999329447746,0.03500000014901161,0.9350000023841858,0.029999999329447746,0.0,0.0,0.0,0.0,0.0,0.0
824,-34.57833333333332,0.0,0.03500000014901161,0.9350000023841858,0.029999999329447746,0.03999999910593033,0.9300000071525574,0.029999999329447746,0.03500000014901161,0.9350000023841858,0.029999999329447746,0.0,0.0,0.0,0.0,0.0,0.0
825,-298.44466666666665,0.0,0.03500000014901161,0.9350000023841858,0.029999999329447746,0.03500000014901161,0.9350000023841858,0.029999999329447746,0.03500000014901161,0.9350000023841858,0.029999999329447746,0.0,0.0,0.0,0.0,0.0,0.0
826,-37.49133333333332,0.0,0.03500000014901161,0.9350000023841858,0.029999999329447746,0.03500000014901161,0.9350000023841858,0.029999999329447746,0.03500000014901161,0.9350000023841858,0.029999999329447746,0.0,0.0,0.0,0.0,0.0,0.0
827,-466.6526666666667,0.0,0.03999999910593033,0.8999999761581421,0.05999999865889549,0.09000000357627869,0.8799999952316284,0.029999999329447746,0.9049999713897705,0.029999999329447746,0.06499999761581421,0.0,0.0,0.0,0.0,0.0,0.0
828,-71.18699999999995,0.0,0.03500000014901161,0.9350000023841858,0.029999999329447746,0.03500000014901161,0.9350000023841858,0.029999999329447746,0.03500000014901161,0.9350000023841858,0.029999999329447746,0.0,0.0,0.0,0.0,0.0,0.0
829,-301.5783333333333,0.0,0.03500000014901161,0.054999999701976776,0.9100000262260437,0.9200000166893005,0.05000000074505806,0.029999999329447746,0.9300000071525574,0.029999999329447746,0.03999999910593033,0.0,0.0,0.0,0.0,0.0,0.0
830,-597.7653333333335,0.0,0.05999999865889549,0.8899999856948853,0.05000000074505806,0.09000000357627869,0.8799999952316284,0.029999999329447746,0.9100000262260437,0.03500000014901161,0.054999999701976776,0.0,0.0,0.0,0.0,0.0,0.0
831,-46.215999999999966,0.0,0.03500000014901161,0.9350000023841858,0.029999999329447746,0.05000000074505806,0.9200000166893005,0.029999999329447746,0.03500000014901161,0.9350000023841858,0.029999999329447746,0.0,0.0,0.0,0.0,0.0,0.0
832,-25.322,0.0,0.03500000014901161,0.9350000023841858,0.029999999329447746,0.03500000014901161,0.9350000023841858,0.029999999329447746,0.03500000014901161,0.9350000023841858,0.029999999329447746,0.0,0.0,0.0,0.0,0.0,0.0
833,-48.61300000000002,0.0,0.03500000014901161,0.029999999329447746,0.9350000023841858,0.03500000014901161,0.9350000023841858,0.029999999329447746,0.03500000014901161,0.9350000023841858,0.029999999329447746,0.0,0.0,0.0,0.0,0.0,0.0
834,-333.2213333333334,0.0,0.04500000178813934,0.054999999701976776,0.8999999761581421,0.05000000074505806,0.05000000074505806,0.8999999761581421,0.9150000214576721,0.03999999910593033,0.04500000178813934,0.0,0.0,0.0,0.0,0.0,0.0
835,-197.2083333333333,0.0,0.03500000014901161,0.029999999329447746,0.9350000023841858,0.03500000014901161,0.029999999329447746,0.9350000023841858,0.03500000014901161,0.029999999329447746,0.9350000023841858,0.0,0.0,0.0,0.0,0.0,0.0
836,-242.7846666666667,0.0,0.03500000014901161,0.9350000023841858,0.029999999329447746,0.03500000014901161,0.9350000023841858,0.029999999329447746,0.03500000014901161,0.9350000023841858,0.029999999329447746,0.0,0.0,0.0,0.0,0.0,0.0
837,-135.29433333333336,0.0,0.03500000014901161,0.9350000023841858,0.029999999329447746,0.054999999701976776,0.9150000214576721,0.029999999329447746,0.03500000014901161,0.9350000023841858,0.029999999329447746,0.0,0.0,0.0,0.0,0.0,0.0
838,-150.65700000000004,0.0,0.03500000014901161,0.9350000023841858,0.029999999329447746,0.03500000014901161,0.9350000023841858,0.029999999329447746,0.03500000014901161,0.9350000023841858,0.029999999329447746,0.0,0.0,0.0,0.0,0.0,0.0
839,-45.032000000000025,0.0,0.03500000014901161,0.9350000023841858,0.029999999329447746,0.04500000178813934,0.925000011920929,0.029999999329447746,0.03500000014901161,0.9350000023841858,0.029999999329447746,0.0,0.0,0.0,0.0,0.0,0.0
840,-367.6813333333332,0.0,0.03500000014901161,0.9350000023841858,0.029999999329447746,0.03500000014901161,0.9350000023841858,0.029999999329447746,0.03500000014901161,0.9350000023841858,0.029999999329447746,0.0,0.0,0.0,0.0,0.0,0.0
841,-41.149333333333324,0.0,0.03500000014901161,0.9350000023841858,0.029999999329447746,0.9399999976158142,0.029999999329447746,0.029999999329447746,0.9399999976158142,0.029999999329447746,0.029999999329447746,0.0,0.0,0.0,0.0,0.0,0.0
842,-212.94533333333345,0.0,0.07999999821186066,0.8849999904632568,0.03500000014901161,0.08500000089406967,0.8849999904632568,0.029999999329447746,0.9049999713897705,0.03999999910593033,0.054999999701976776,0.0,0.0,0.0,0.0,0.0,0.0
843,-191.41066666666657,0.0,0.07500000298023224,0.8799999952316284,0.04500000178813934,0.09000000357627869,0.8799999952316284,0.029999999329447746,0.9200000166893005,0.029999999329447746,0.05000000074505806,0.0,0.0,0.0,0.0,0.0,0.0
844,-54.989333333333306,0.0,0.03500000014901161,0.9350000023841858,0.029999999329447746,0.03999999910593033,0.9300000071525574,0.029999999329447746,0.03500000014901161,0.9350000023841858,0.029999999329447746,0.0,0.0,0.0,0.0,0.0,0.0
845,-63.55333333333333,0.0,0.03500000014901161,0.9350000023841858,0.029999999329447746,0.03500000014901161,0.9350000023841858,0.029999999329447746,0.03500000014901161,0.9350000023841858,0.029999999329447746,0.0,0.0,0.0,0.0,0.0,0.0
846,-239.00333333333327,0.0,0.054999999701976776,0.9100000262260437,0.03500000014901161,0.07000000029802322,0.8999999761581421,0.029999999329447746,0.9150000214576721,0.029999999329447746,0.054999999701976776,0.0,0.0,0.0,0.0,0.0,0.0
847,-148.80166666666665,0.0,0.03500000014901161,0.9350000023841858,0.029999999329447746,0.03500000014901161,0.9350000023841858,0.029999999329447746,0.9399999976158142,0.029999999329447746,0.029999999329447746,0.0,0.0,0.0,0.0,0.0,0.0
848,-169.158,0.0,0.03500000014901161,0.9350000023841858,0.029999999329447746,0.03500000014901161,0.9350000023841858,0.029999999329447746,0.03500000014901161,0.9350000023841858,0.029999999329447746,0.0,0.0,0.0,0.0,0.0,0.0
849,-48.13566666666666,0.0,0.03500000014901161,0.9350000023841858,0.029999999329447746,0.05999999865889549,0.9100000262260437,0.029999999329447746,0.03500000014901161,0.9350000023841858,0.029999999329447746,0.0,0.0,0.0,0.0,0.0,0.0
850,-54.71099999999994,0.0,0.03500000014901161,0.9350000023841858,0.029999999329447746,0.03999999910593033,0.9300000071525574,0.029999999329447746,0.03500000014901161,0.9350000023841858,0.029999999329447746,0.0,0.0,0.0,0.0,0.0,0.0
851,-270.6830000000001,0.0,0.03500000014901161,0.9350000023841858,0.029999999329447746,0.03500000014901161,0.9350000023841858,0.029999999329447746,0.03500000014901161,0.9350000023841858,0.029999999329447746,0.0,0.0,0.0,0.0,0.0,0.0
852,-206.98133333333325,0.0,0.03500000014901161,0.9350000023841858,0.029999999329447746,0.03500000014901161,0.9350000023841858,0.029999999329447746,0.03500000014901161,0.9350000023841858,0.029999999329447746,0.0,0.0,0.0,0.0,0.0,0.0
853,-154.39266666666668,0.0,0.03500000014901161,0.9350000023841858,0.029999999329447746,0.03999999910593033,0.9300000071525574,0.029999999329447746,0.03500000014901161,0.9350000023841858,0.029999999329447746,0.0,0.0,0.0,0.0,0.0,0.0
854,-34.852,0.0,0.03500000014901161,0.9350000023841858,0.029999999329447746,0.03500000014901161,0.9350000023841858,0.029999999329447746,0.9399999976158142,0.029999999329447746,0.029999999329447746,0.0,0.0,0.0,0.0,0.0,0.0
855,-209.52300000000002,0.0,0.03500000014901161,0.9350000023841858,0.029999999329447746,0.04500000178813934,0.925000011920929,0.029999999329447746,0.03500000014901161,0.9350000023841858,0.029999999329447746,0.0,0.0,0.0,0.0,0.0,0.0
856,-183.90866666666665,0.0,0.07999999821186066,0.8849999904632568,0.03500000014901161,0.09000000357627869,0.8799999952316284,0.029999999329447746,0.9049999713897705,0.029999999329447746,0.06499999761581421,0.0,0.0,0.0,0.0,0.0,0.0
857,-274.3646666666667,0.0,0.03500000014901161,0.9350000023841858,0.029999999329447746,0.04500000178813934,0.925000011920929,0.029999999329447746,0.03500000014901161,0.9350000023841858,0.029999999329447746,0.0,0.0,0.0,0.0,0.0,0.0
858,-308.66366666666664,0.0,0.05999999865889549,0.9049999713897705,0.03500000014901161,0.08500000089406967,0.8849999904632568,0.029999999329447746,0.9100000262260437,0.029999999329447746,0.05999999865889549,0.0,0.0,0.0,0.0,0.0,0.0
859,-222.4156666666666,0.0,0.07999999821186066,0.8849999904632568,0.03500000014901161,0.09000000357627869,0.8799999952316284,0.029999999329447746,0.9049999713897705,0.029999999329447746,0.06499999761581421,0.0,0.0,0.0,0.0,0.0,0.0
860,-166.81599999999995,0.0,0.03500000014901161,0.9350000023841858,0.029999999329447746,0.03500000014901161,0.9350000023841858,0.029999999329447746,0.03500000014901161,0.9350000023841858,0.029999999329447746,0.0,0.0,0.0,0.0,0.0,0.0
861,-184.59266666666662,0.0,0.03500000014901161,0.029999999329447746,0.9350000023841858,0.04500000178813934,0.029999999329447746,0.925000011920929,0.03500000014901161,0.9350000023841858,0.029999999329447746,0.0,0.0,0.0,0.0,0.0,0.0
862,-224.5253333333333,0.0,0.03500000014901161,0.029999999329447746,0.9350000023841858,0.04500000178813934,0.029999999329447746,0.925000011920929,0.03500000014901161,0.029999999329447746,0.9350000023841858,0.0,0.0,0.0,0.0,0.0,0.0
863,-51.20766666666666,0.0,0.03500000014901161,0.9350000023841858,0.029999999329447746,0.03999999910593033,0.9300000071525574,0.029999999329447746,0.03500000014901161,0.9350000023841858,0.029999999329447746,0.0,0.0,0.0,0.0,0.0,0.0
864,-101.74833333333336,0.0,0.05000000074505806,0.9200000166893005,0.029999999329447746,0.05999999865889549,0.9100000262260437,0.029999999329447746,0.925000011920929,0.029999999329447746,0.04500000178813934,0.0,0.0,0.0,0.0,0.0,0.0
865,-283.73666666666657,0.0,0.09000000357627869,0.8799999952316284,0.029999999329447746,0.08500000089406967,0.8799999952316284,0.03500000014901161,0.9049999713897705,0.04500000178813934,0.05000000074505806,0.0,0.0,0.0,0.0,0.0,0.0
866,-196.82133333333334,0.0,0.03500000014901161,0.029999999329447746,0.9350000023841858,0.03500000014901161,0.029999999329447746,0.9350000023841858,0.03500000014901161,0.9350000023841858,0.029999999329447746,0.0,0.0,0.0,0.0,0.0,0.0
867,-246.06299999999996,0.0,0.03500000014901161,0.9350000023841858,0.029999999329447746,0.04500000178813934,0.925000011920929,0.029999999329447746,0.03500000014901161,0.9350000023841858,0.029999999329447746,0.0,0.0,0.0,0.0,0.0,0.0
868,-26.918999999999986,0.0,0.03500000014901161,0.029999999329447746,0.9350000023841858,0.03500000014901161,0.029999999329447746,0.9350000023841858,0.03500000014901161,0.9350000023841858,0.029999999329447746,0.0,0.0,0.0,0.0,0.0,0.0
869,-51.498000000000005,0.0,0.9150000214576721,0.054999999701976776,0.029999999329447746,0.9350000023841858,0.03500000014901161,0.029999999329447746,0.9399999976158142,0.029999999329447746,0.029999999329447746,0.0,0.0,0.0,0.0,0.0,0.0
870,-193.40400000000005,0.0,0.03500000014901161,0.029999999329447746,0.9350000023841858,0.9399999976158142,0.029999999329447746,0.029999999329447746,0.9399999976158142,0.029999999329447746,0.029999999329447746,0.0,0.0,0.0,0.0,0.0,0.0
871,-254.63866666666658,0.0,0.03999999910593033,0.925000011920929,0.03500000014901161,0.054999999701976776,0.8999999761581421,0.04500000178813934,0.9200000166893005,0.04500000178813934,0.03500000014901161,0.0,0.0,0.0,0.0,0.0,0.0
872,-46.33099999999999,0.0,0.03500000014901161,0.9350000023841858,0.029999999329447746,0.03500000014901161,0.9350000023841858,0.029999999329447746,0.9399999976158142,0.029999999329447746,0.029999999329447746,0.0,0.0,0.0,0.0,0.0,0.0
873,-216.19299999999998,0.0,0.03500000014901161,0.9350000023841858,0.029999999329447746,0.03999999910593033,0.9300000071525574,0.029999999329447746,0.03500000014901161,0.9350000023841858,0.029999999329447746,0.0,0.0,0.0,0.0,0.0,0.0
874,-33.22433333333331,0.0,0.03500000014901161,0.9350000023841858,0.029999999329447746,0.03500000014901161,0.9350000023841858,0.029999999329447746,0.03500000014901161,0.9350000023841858,0.029999999329447746,0.0,0.0,0.0,0.0,0.0,0.0
875,-240.77933333333348,0.0,0.03500000014901161,0.9350000023841858,0.029999999329447746,0.04500000178813934,0.925000011920929,0.029999999329447746,0.03500000014901161,0.9350000023841858,0.029999999329447746,0.0,0.0,0.0,0.0,0.0,0.0
876,-47.038000000000046,0.0,0.03500000014901161,0.9350000023841858,0.029999999329447746,0.04500000178813934,0.925000011920929,0.029999999329447746,0.03500000014901161,0.9350000023841858,0.029999999329447746,0.0,0.0,0.0,0.0,0.0,0.0
877,-218.14633333333325,0.0,0.08500000089406967,0.8799999952316284,0.03500000014901161,0.9100000262260437,0.04500000178813934,0.04500000178813934,0.8899999856948853,0.04500000178813934,0.06499999761581421,0.0,0.0,0.0,0.0,0.0,0.0
878,-32.64166666666667,0.0,0.03500000014901161,0.9350000023841858,0.029999999329447746,0.03999999910593033,0.9300000071525574,0.029999999329447746,0.03500000014901161,0.9350000023841858,0.029999999329447746,0.0,0.0,0.0,0.0,0.0,0.0
879,-222.24133333333327,0.0,0.08500000089406967,0.8799999952316284,0.03500000014901161,0.09000000357627869,0.8799999952316284,0.029999999329447746,0.8899999856948853,0.03500000014901161,0.07500000298023224,0.0,0.0,0.0,0.0,0.0,0.0
880,-258.8639999999999,0.0,0.03500000014901161,0.029999999329447746,0.9350000023841858,0.03500000014901161,0.029999999329447746,0.9350000023841858,0.03500000014901161,0.9350000023841858,0.029999999329447746,0.0,0.0,0.0,0.0,0.0,0.0
881,-254.91099999999997,0.0,0.03500000014901161,0.9350000023841858,0.029999999329447746,0.03999999910593033,0.9300000071525574,0.029999999329447746,0.03500000014901161,0.9350000023841858,0.029999999329447746,0.0,0.0,0.0,0.0,0.0,0.0
882,-46.757333333333335,0.0,0.03500000014901161,0.9350000023841858,0.029999999329447746,0.05000000074505806,0.9200000166893005,0.029999999329447746,0.03500000014901161,0.9350000023841858,0.029999999329447746,0.0,0.0,0.0,0.0,0.0,0.0
883,-256.118,0.0,0.03500000014901161,0.9350000023841858,0.029999999329447746,0.03999999910593033,0.9300000071525574,0.029999999329447746,0.03500000014901161,0.9350000023841858,0.029999999329447746,0.0,0.0,0.0,0.0,0.0,0.0
884,-39.78400000000001,0.0,0.03500000014901161,0.9350000023841858,0.029999999329447746,0.03500000014901161,0.9350000023841858,0.029999999329447746,0.03500000014901161,0.9350000023841858,0.029999999329447746,0.0,0.0,0.0,0.0,0.0,0.0
885,-306.50433333333325,0.0,0.03500000014901161,0.9350000023841858,0.029999999329447746,0.03500000014901161,0.9350000023841858,0.029999999329447746,0.03500000014901161,0.9350000023841858,0.029999999329447746,0.0,0.0,0.0,0.0,0.0,0.0
886,-24.162999999999997,0.0,0.03500000014901161,0.9350000023841858,0.029999999329447746,0.03500000014901161,0.9350000023841858,0.029999999329447746,0.03500000014901161,0.9350000023841858,0.029999999329447746,0.0,0.0,0.0,0.0,0.0,0.0
887,-45.27500000000002,0.0,0.03500000014901161,0.9350000023841858,0.029999999329447746,0.04500000178813934,0.925000011920929,0.029999999329447746,0.03500000014901161,0.9350000023841858,0.029999999329447746,0.0,0.0,0.0,0.0,0.0,0.0
888,-42.952666666666666,0.0,0.03500000014901161,0.9350000023841858,0.029999999329447746,0.03999999910593033,0.9300000071525574,0.029999999329447746,0.03500000014901161,0.9350000023841858,0.029999999329447746,0.0,0.0,0.0,0.0,0.0,0.0
889,-47.42833333333333,0.0,0.03500000014901161,0.9350000023841858,0.029999999329447746,0.03500000014901161,0.9350000023841858,0.029999999329447746,0.9350000023841858,0.029999999329447746,0.03500000014901161,0.0,0.0,0.0,0.0,0.0,0.0
890,-198.42000000000004,0.0,0.03500000014901161,0.9350000023841858,0.029999999329447746,0.04500000178813934,0.925000011920929,0.029999999329447746,0.9150000214576721,0.03500000014901161,0.05000000074505806,0.0,0.0,0.0,0.0,0.0,0.0
891,-33.95266666666665,0.0,0.03500000014901161,0.9350000023841858,0.029999999329447746,0.03500000014901161,0.9350000023841858,0.029999999329447746,0.03500000014901161,0.9350000023841858,0.029999999329447746,0.0,0.0,0.0,0.0,0.0,0.0
892,-82.48833333333332,0.0,0.07500000298023224,0.8849999904632568,0.03999999910593033,0.9300000071525574,0.029999999329447746,0.03999999910593033,0.9150000214576721,0.029999999329447746,0.054999999701976776,0.0,0.0,0.0,0.0,0.0,0.0
893,-31.350333333333328,0.0,0.03500000014901161,0.9350000023841858,0.029999999329447746,0.03500000014901161,0.9350000023841858,0.029999999329447746,0.03500000014901161,0.9350000023841858,0.029999999329447746,0.0,0.0,0.0,0.0,0.0,0.0
894,-277.22966666666656,0.0,0.03500000014901161,0.9350000023841858,0.029999999329447746,0.03500000014901161,0.9350000023841858,0.029999999329447746,0.03500000014901161,0.9350000023841858,0.029999999329447746,0.0,0.0,0.0,0.0,0.0,0.0
895,-188.12633333333335,0.0,0.07999999821186066,0.8899999856948853,0.029999999329447746,0.07999999821186066,0.8899999856948853,0.029999999329447746,0.8999999761581421,0.04500000178813934,0.054999999701976776,0.0,0.0,0.0,0.0,0.0,0.0
896,-51.355,0.0,0.03500000014901161,0.9350000023841858,0.029999999329447746,0.04500000178813934,0.925000011920929,0.029999999329447746,0.03500000014901161,0.9350000023841858,0.029999999329447746,0.0,0.0,0.0,0.0,0.0,0.0
897,-39.83033333333335,0.0,0.03500000014901161,0.9350000023841858,0.029999999329447746,0.05000000074505806,0.9200000166893005,0.029999999329447746,0.03500000014901161,0.9350000023841858,0.029999999329447746,0.0,0.0,0.0,0.0,0.0,0.0
898,-372.1496666666666,0.0,0.03500000014901161,0.9350000023841858,0.029999999329447746,0.05999999865889549,0.9100000262260437,0.029999999329447746,0.03500000014901161,0.9350000023841858,0.029999999329447746,0.0,0.0,0.0,0.0,0.0,0.0
899,-232.12266666666662,0.0,0.04500000178813934,0.925000011920929,0.029999999329447746,0.06499999761581421,0.8999999761581421,0.03500000014901161,0.9150000214576721,0.03500000014901161,0.05000000074505806,0.0,0.0,0.0,0.0,0.0,0.0
900,-325.3569999999999,0.0,0.03500000014901161,0.029999999329447746,0.9350000023841858,0.03500000014901161,0.029999999329447746,0.9350000023841858,0.03500000014901161,0.9350000023841858,0.029999999329447746,0.0,0.0,0.0,0.0,0.0,0.0
901,-92.34599999999996,0.0,0.9399999976158142,0.029999999329447746,0.029999999329447746,0.9399999976158142,0.029999999329447746,0.029999999329447746,0.9399999976158142,0.029999999329447746,0.029999999329447746,0.0,0.0,0.0,0.0,0.0,0.0
902,-199.31266666666673,0.0,0.03500000014901161,0.029999999329447746,0.9350000023841858,0.03500000014901161,0.9350000023841858,0.029999999329447746,0.03500000014901161,0.9350000023841858,0.029999999329447746,0.0,0.0,0.0,0.0,0.0,0.0
903,-163.02499999999992,0.0,0.03500000014901161,0.9350000023841858,0.029999999329447746,0.05000000074505806,0.9200000166893005,0.029999999329447746,0.03500000014901161,0.9350000023841858,0.029999999329447746,0.0,0.0,0.0,0.0,0.0,0.0
904,-193.07766666666674,0.0,0.07500000298023224,0.8949999809265137,0.029999999329447746,0.07999999821186066,0.8899999856948853,0.029999999329447746,0.8949999809265137,0.03500000014901161,0.07000000029802322,0.0,0.0,0.0,0.0,0.0,0.0
905,-215.31,0.0,0.03500000014901161,0.9350000023841858,0.029999999329447746,0.03500000014901161,0.9350000023841858,0.029999999329447746,0.03500000014901161,0.9350000023841858,0.029999999329447746,0.0,0.0,0.0,0.0,0.0,0.0
906,-219.79300000000018,0.0,0.03500000014901161,0.9350000023841858,0.029999999329447746,0.03500000014901161,0.9350000023841858,0.029999999329447746,0.03500000014901161,0.9350000023841858,0.029999999329447746,0.0,0.0,0.0,0.0,0.0,0.0
907,-415.42,0.0,0.07999999821186066,0.8899999856948853,0.029999999329447746,0.09000000357627869,0.875,0.03500000014901161,0.8849999904632568,0.03500000014901161,0.07999999821186066,0.0,0.0,0.0,0.0,0.0,0.0
908,-191.551,0.0,0.08500000089406967,0.8849999904632568,0.029999999329447746,0.09000000357627869,0.8799999952316284,0.029999999329447746,0.8899999856948853,0.03500000014901161,0.07500000298023224,0.0,0.0,0.0,0.0,0.0,0.0
909,-271.24633333333327,0.0,0.03500000014901161,0.9350000023841858,0.029999999329447746,0.03500000014901161,0.9350000023841858,0.029999999329447746,0.03500000014901161,0.9350000023841858,0.029999999329447746,0.0,0.0,0.0,0.0,0.0,0.0
910,-155.82899999999998,0.0,0.03500000014901161,0.9350000023841858,0.029999999329447746,0.03500000014901161,0.9350000023841858,0.029999999329447746,0.03500000014901161,0.9350000023841858,0.029999999329447746,0.0,0.0,0.0,0.0,0.0,0.0
911,-121.45599999999993,0.0,0.03500000014901161,0.029999999329447746,0.9350000023841858,0.03500000014901161,0.029999999329447746,0.9350000023841858,0.03500000014901161,0.9350000023841858,0.029999999329447746,0.0,0.0,0.0,0.0,0.0,0.0
912,-138.86433333333332,0.0,0.03500000014901161,0.9350000023841858,0.029999999329447746,0.03500000014901161,0.9350000023841858,0.029999999329447746,0.03500000014901161,0.9350000023841858,0.029999999329447746,0.0,0.0,0.0,0.0,0.0,0.0
913,-106.961,0.0,0.07500000298023224,0.8949999809265137,0.029999999329447746,0.9100000262260437,0.05000000074505806,0.03999999910593033,0.9049999713897705,0.03999999910593033,0.054999999701976776,0.0,0.0,0.0,0.0,0.0,0.0
914,-70.38433333333325,0.0,0.03500000014901161,0.9350000023841858,0.029999999329447746,0.03500000014901161,0.9350000023841858,0.029999999329447746,0.9399999976158142,0.029999999329447746,0.029999999329447746,0.0,0.0,0.0,0.0,0.0,0.0
915,-87.73833333333334,0.0,0.03500000014901161,0.9350000023841858,0.029999999329447746,0.04500000178813934,0.925000011920929,0.029999999329447746,0.03500000014901161,0.9350000023841858,0.029999999329447746,0.0,0.0,0.0,0.0,0.0,0.0
916,-112.07266666666673,0.0,0.03500000014901161,0.9350000023841858,0.029999999329447746,0.03999999910593033,0.9300000071525574,0.029999999329447746,0.03500000014901161,0.9350000023841858,0.029999999329447746,0.0,0.0,0.0,0.0,0.0,0.0
917,-42.204333333333324,0.0,0.03500000014901161,0.9350000023841858,0.029999999329447746,0.03999999910593033,0.9300000071525574,0.029999999329447746,0.03500000014901161,0.9350000023841858,0.029999999329447746,0.0,0.0,0.0,0.0,0.0,0.0
918,-327.4843333333335,0.0,0.04500000178813934,0.925000011920929,0.029999999329447746,0.06499999761581421,0.8899999856948853,0.04500000178813934,0.9150000214576721,0.05000000074505806,0.03500000014901161,0.0,0.0,0.0,0.0,0.0,0.0
919,-113.52866666666665,0.0,0.9399999976158142,0.029999999329447746,0.029999999329447746,0.9300000071525574,0.03999999910593033,0.029999999329447746,0.9300000071525574,0.03999999910593033,0.029999999329447746,0.0,0.0,0.0,0.0,0.0,0.0
920,-252.69333333333327,0.0,0.07000000029802322,0.8999999761581421,0.029999999329447746,0.07000000029802322,0.8999999761581421,0.029999999329447746,0.9049999713897705,0.03999999910593033,0.054999999701976776,0.0,0.0,0.0,0.0,0.0,0.0
921,-440.63366666666644,0.0,0.08500000089406967,0.8849999904632568,0.029999999329447746,0.08500000089406967,0.8849999904632568,0.029999999329447746,0.8899999856948853,0.04500000178813934,0.06499999761581421,0.0,0.0,0.0,0.0,0.0,0.0
922,-114.58533333333335,0.0,0.03500000014901161,0.9350000023841858,0.029999999329447746,0.05000000074505806,0.9200000166893005,0.029999999329447746,0.03500000014901161,0.9350000023841858,0.029999999329447746,0.0,0.0,0.0,0.0,0.0,0.0
923,-273.93633333333327,0.0,0.03500000014901161,0.9350000023841858,0.029999999329447746,0.03999999910593033,0.9300000071525574,0.029999999329447746,0.03500000014901161,0.9350000023841858,0.029999999329447746,0.0,0.0,0.0,0.0,0.0,0.0
924,-141.0606666666667,0.0,0.03500000014901161,0.029999999329447746,0.9350000023841858,0.05000000074505806,0.029999999329447746,0.9200000166893005,0.03500000014901161,0.9350000023841858,0.029999999329447746,0.0,0.0,0.0,0.0,0.0,0.0
925,-250.6656666666666,0.0,0.03500000014901161,0.9350000023841858,0.029999999329447746,0.03999999910593033,0.9300000071525574,0.029999999329447746,0.03500000014901161,0.9350000023841858,0.029999999329447746,0.0,0.0,0.0,0.0,0.0,0.0
926,-130.10700000000003,0.0,0.9399999976158142,0.029999999329447746,0.029999999329447746,0.9399999976158142,0.029999999329447746,0.029999999329447746,0.9399999976158142,0.029999999329447746,0.029999999329447746,0.0,0.0,0.0,0.0,0.0,0.0
927,-171.75633333333337,0.0,0.03500000014901161,0.9350000023841858,0.029999999329447746,0.03500000014901161,0.9350000023841858,0.029999999329447746,0.03500000014901161,0.9350000023841858,0.029999999329447746,0.0,0.0,0.0,0.0,0.0,0.0
928,-39.304333333333346,0.0,0.03500000014901161,0.9350000023841858,0.029999999329447746,0.03500000014901161,0.9350000023841858,0.029999999329447746,0.03500000014901161,0.9350000023841858,0.029999999329447746,0.0,0.0,0.0,0.0,0.0,0.0
929,-46.89033333333334,0.0,0.03500000014901161,0.9350000023841858,0.029999999329447746,0.03999999910593033,0.9300000071525574,0.029999999329447746,0.03999999910593033,0.9300000071525574,0.029999999329447746,0.0,0.0,0.0,0.0,0.0,0.0
930,-196.01499999999996,0.0,0.03500000014901161,0.9350000023841858,0.029999999329447746,0.03500000014901161,0.9350000023841858,0.029999999329447746,0.03500000014901161,0.9350000023841858,0.029999999329447746,0.0,0.0,0.0,0.0,0.0,0.0
931,-120.71166666666663,0.0,0.03500000014901161,0.9350000023841858,0.029999999329447746,0.054999999701976776,0.9150000214576721,0.029999999329447746,0.03500000014901161,0.9350000023841858,0.029999999329447746,0.0,0.0,0.0,0.0,0.0,0.0
932,-73.37699999999998,0.0,0.9399999976158142,0.029999999329447746,0.029999999329447746,0.9399999976158142,0.029999999329447746,0.029999999329447746,0.9399999976158142,0.029999999329447746,0.029999999329447746,0.0,0.0,0.0,0.0,0.0,0.0
933,-30.863333333333358,0.0,0.03500000014901161,0.9350000023841858,0.029999999329447746,0.03500000014901161,0.9350000023841858,0.029999999329447746,0.03500000014901161,0.9350000023841858,0.029999999329447746,0.0,0.0,0.0,0.0,0.0,0.0
934,-32.422666666666686,0.0,0.9399999976158142,0.029999999329447746,0.029999999329447746,0.9399999976158142,0.029999999329447746,0.029999999329447746,0.9399999976158142,0.029999999329447746,0.029999999329447746,0.0,0.0,0.0,0.0,0.0,0.0
935,-52.81066666666668,0.0,0.03500000014901161,0.9350000023841858,0.029999999329447746,0.03500000014901161,0.9350000023841858,0.029999999329447746,0.03500000014901161,0.9350000023841858,0.029999999329447746,0.0,0.0,0.0,0.0,0.0,0.0
936,-167.05566666666672,0.0,0.03500000014901161,0.9350000023841858,0.029999999329447746,0.03999999910593033,0.9300000071525574,0.029999999329447746,0.03500000014901161,0.9350000023841858,0.029999999329447746,0.0,0.0,0.0,0.0,0.0,0.0
937,-59.27166666666669,0.0,0.03500000014901161,0.9350000023841858,0.029999999329447746,0.03500000014901161,0.9350000023841858,0.029999999329447746,0.03500000014901161,0.9350000023841858,0.029999999329447746,0.0,0.0,0.0,0.0,0.0,0.0
938,-126.4003333333333,0.0,0.03999999910593033,0.9300000071525574,0.029999999329447746,0.06499999761581421,0.8799999952316284,0.054999999701976776,0.9100000262260437,0.03500000014901161,0.054999999701976776,0.0,0.0,0.0,0.0,0.0,0.0
939,-141.75066666666666,0.0,0.03500000014901161,0.029999999329447746,0.9350000023841858,0.03999999910593033,0.029999999329447746,0.9300000071525574,0.03500000014901161,0.9350000023841858,0.029999999329447746,0.0,0.0,0.0,0.0,0.0,0.0
940,-41.7093333333333,0.0,0.03500000014901161,0.9350000023841858,0.029999999329447746,0.03999999910593033,0.9300000071525574,0.029999999329447746,0.03500000014901161,0.9350000023841858,0.029999999329447746,0.0,0.0,0.0,0.0,0.0,0.0
941,-243.03433333333342,0.0,0.03500000014901161,0.029999999329447746,0.9350000023841858,0.03999999910593033,0.029999999329447746,0.9300000071525574,0.03500000014901161,0.9350000023841858,0.029999999329447746,0.0,0.0,0.0,0.0,0.0,0.0
942,-61.298,0.0,0.03500000014901161,0.9350000023841858,0.029999999329447746,0.03500000014901161,0.9350000023841858,0.029999999329447746,0.03500000014901161,0.9350000023841858,0.029999999329447746,0.0,0.0,0.0,0.0,0.0,0.0
943,-117.03866666666667,0.0,0.03500000014901161,0.9350000023841858,0.029999999329447746,0.03500000014901161,0.9350000023841858,0.029999999329447746,0.03500000014901161,0.9350000023841858,0.029999999329447746,0.0,0.0,0.0,0.0,0.0,0.0
944,-34.746,0.0,0.03500000014901161,0.9350000023841858,0.029999999329447746,0.03500000014901161,0.9350000023841858,0.029999999329447746,0.9399999976158142,0.029999999329447746,0.029999999329447746,0.0,0.0,0.0,0.0,0.0,0.0
945,-261.79766666666654,0.0,0.03500000014901161,0.9350000023841858,0.029999999329447746,0.03500000014901161,0.9350000023841858,0.029999999329447746,0.03500000014901161,0.9350000023841858,0.029999999329447746,0.0,0.0,0.0,0.0,0.0,0.0
946,-192.00666666666672,0.0,0.03500000014901161,0.9350000023841858,0.029999999329447746,0.03500000014901161,0.9350000023841858,0.029999999329447746,0.9399999976158142,0.029999999329447746,0.029999999329447746,0.0,0.0,0.0,0.0,0.0,0.0
947,-171.53766666666667,0.0,0.03500000014901161,0.9350000023841858,0.029999999329447746,0.03500000014901161,0.9350000023841858,0.029999999329447746,0.03500000014901161,0.9350000023841858,0.029999999329447746,0.0,0.0,0.0,0.0,0.0,0.0
948,-98.56,0.0,0.06499999761581421,0.03500000014901161,0.8999999761581421,0.8999999761581421,0.06499999761581421,0.03500000014901161,0.9049999713897705,0.029999999329447746,0.06499999761581421,0.0,0.0,0.0,0.0,0.0,0.0
949,-50.95399999999999,0.0,0.03999999910593033,0.9300000071525574,0.029999999329447746,0.03999999910593033,0.9300000071525574,0.029999999329447746,0.9350000023841858,0.029999999329447746,0.03500000014901161,0.0,0.0,0.0,0.0,0.0,0.0
950,-530.8143333333335,0.0,0.03500000014901161,0.029999999329447746,0.9350000023841858,0.9399999976158142,0.029999999329447746,0.029999999329447746,0.9399999976158142,0.029999999329447746,0.029999999329447746,0.0,0.0,0.0,0.0,0.0,0.0
951,-33.501999999999995,0.0,0.03500000014901161,0.9350000023841858,0.029999999329447746,0.03500000014901161,0.9350000023841858,0.029999999329447746,0.03500000014901161,0.9350000023841858,0.029999999329447746,0.0,0.0,0.0,0.0,0.0,0.0
952,-153.98266666666666,0.0,0.03500000014901161,0.9350000023841858,0.029999999329447746,0.03500000014901161,0.9350000023841858,0.029999999329447746,0.03500000014901161,0.9350000023841858,0.029999999329447746,0.0,0.0,0.0,0.0,0.0,0.0
953,-61.49266666666667,0.0,0.03500000014901161,0.9350000023841858,0.029999999329447746,0.03999999910593033,0.9300000071525574,0.029999999329447746,0.03500000014901161,0.9350000023841858,0.029999999329447746,0.0,0.0,0.0,0.0,0.0,0.0
954,-79.78933333333335,0.0,0.03500000014901161,0.9350000023841858,0.029999999329447746,0.03500000014901161,0.9350000023841858,0.029999999329447746,0.03500000014901161,0.9350000023841858,0.029999999329447746,0.0,0.0,0.0,0.0,0.0,0.0
955,-97.85800000000005,0.0,0.03500000014901161,0.9350000023841858,0.029999999329447746,0.03500000014901161,0.9350000023841858,0.029999999329447746,0.03500000014901161,0.9350000023841858,0.029999999329447746,0.0,0.0,0.0,0.0,0.0,0.0
956,-38.71633333333333,0.0,0.03500000014901161,0.9350000023841858,0.029999999329447746,0.04500000178813934,0.925000011920929,0.029999999329447746,0.03500000014901161,0.9350000023841858,0.029999999329447746,0.0,0.0,0.0,0.0,0.0,0.0
957,-595.3340000000002,0.0,0.03500000014901161,0.9350000023841858,0.029999999329447746,0.04500000178813934,0.9200000166893005,0.03500000014901161,0.03500000014901161,0.9300000071525574,0.03500000014901161,0.0,0.0,0.0,0.0,0.0,0.0
958,-30.827666666666666,0.0,0.03500000014901161,0.9350000023841858,0.029999999329447746,0.03999999910593033,0.9300000071525574,0.029999999329447746,0.03500000014901161,0.9350000023841858,0.029999999329447746,0.0,0.0,0.0,0.0,0.0,0.0
959,-49.57233333333335,0.0,0.03500000014901161,0.9350000023841858,0.029999999329447746,0.03500000014901161,0.9350000023841858,0.029999999329447746,0.03500000014901161,0.9350000023841858,0.029999999329447746,0.0,0.0,0.0,0.0,0.0,0.0
960,-360.7743333333333,0.0,0.04500000178813934,0.054999999701976776,0.8999999761581421,0.07500000298023224,0.029999999329447746,0.8949999809265137,0.8999999761581421,0.03500000014901161,0.06499999761581421,0.0,0.0,0.0,0.0,0.0,0.0
961,-422.44266666666664,0.0,0.03500000014901161,0.029999999329447746,0.9350000023841858,0.03500000014901161,0.9350000023841858,0.029999999329447746,0.03500000014901161,0.9350000023841858,0.029999999329447746,0.0,0.0,0.0,0.0,0.0,0.0
962,-42.51766666666666,0.0,0.03500000014901161,0.9350000023841858,0.029999999329447746,0.03999999910593033,0.9300000071525574,0.029999999329447746,0.03500000014901161,0.9350000023841858,0.029999999329447746,0.0,0.0,0.0,0.0,0.0,0.0
963,-206.10300000000004,0.0,0.03500000014901161,0.029999999329447746,0.9350000023841858,0.03500000014901161,0.9350000023841858,0.029999999329447746,0.03500000014901161,0.9350000023841858,0.029999999329447746,0.0,0.0,0.0,0.0,0.0,0.0
964,-187.7613333333333,0.0,0.03500000014901161,0.029999999329447746,0.9350000023841858,0.03999999910593033,0.925000011920929,0.03500000014901161,0.03500000014901161,0.9300000071525574,0.03500000014901161,0.0,0.0,0.0,0.0,0.0,0.0
965,-145.8816666666667,0.0,0.03500000014901161,0.9350000023841858,0.029999999329447746,0.03500000014901161,0.9350000023841858,0.029999999329447746,0.03500000014901161,0.9350000023841858,0.029999999329447746,0.0,0.0,0.0,0.0,0.0,0.0
966,-47.44700000000003,0.0,0.03500000014901161,0.029999999329447746,0.9350000023841858,0.03999999910593033,0.9300000071525574,0.029999999329447746,0.03500000014901161,0.9350000023841858,0.029999999329447746,0.0,0.0,0.0,0.0,0.0,0.0
967,-81.38566666666665,0.0,0.07999999821186066,0.8899999856948853,0.029999999329447746,0.08500000089406967,0.8799999952316284,0.03500000014901161,0.8899999856948853,0.03999999910593033,0.07000000029802322,0.0,0.0,0.0,0.0,0.0,0.0
968,-307.82866666666655,0.0,0.09000000357627869,0.8799999952316284,0.029999999329447746,0.08500000089406967,0.8799999952316284,0.03500000014901161,0.8849999904632568,0.03500000014901161,0.07999999821186066,0.0,0.0,0.0,0.0,0.0,0.0
969,-95.44099999999999,0.0,0.05999999865889549,0.9100000262260437,0.029999999329447746,0.05999999865889549,0.9100000262260437,0.029999999329447746,0.9150000214576721,0.03500000014901161,0.05000000074505806,0.0,0.0,0.0,0.0,0.0,0.0
970,-65.104,0.0,0.03500000014901161,0.9350000023841858,0.029999999329447746,0.03999999910593033,0.9300000071525574,0.029999999329447746,0.03500000014901161,0.9350000023841858,0.029999999329447746,0.0,0.0,0.0,0.0,0.0,0.0
971,-227.95900000000006,0.0,0.09000000357627869,0.8799999952316284,0.029999999329447746,0.09000000357627869,0.8799999952316284,0.029999999329447746,0.8849999904632568,0.03999999910593033,0.07500000298023224,0.0,0.0,0.0,0.0,0.0,0.0
972,-27.595000000000006,0.0,0.03500000014901161,0.029999999329447746,0.9350000023841858,0.03500000014901161,0.029999999329447746,0.9350000023841858,0.03500000014901161,0.9350000023841858,0.029999999329447746,0.0,0.0,0.0,0.0,0.0,0.0
973,-89.49699999999997,0.0,0.054999999701976776,0.9150000214576721,0.029999999329447746,0.06499999761581421,0.8849999904632568,0.05000000074505806,0.8849999904632568,0.03500000014901161,0.07999999821186066,0.0,0.0,0.0,0.0,0.0,0.0
974,-85.63600000000001,0.0,0.03500000014901161,0.9350000023841858,0.029999999329447746,0.03999999910593033,0.9300000071525574,0.029999999329447746,0.03500000014901161,0.9350000023841858,0.029999999329447746,0.0,0.0,0.0,0.0,0.0,0.0
975,-40.018333333333324,0.0,0.03500000014901161,0.029999999329447746,0.9350000023841858,0.03500000014901161,0.029999999329447746,0.9350000023841858,0.03500000014901161,0.9350000023841858,0.029999999329447746,0.0,0.0,0.0,0.0,0.0,0.0
976,-149.923,0.0,0.07999999821186066,0.8899999856948853,0.029999999329447746,0.07000000029802322,0.8849999904632568,0.04500000178813934,0.8899999856948853,0.029999999329447746,0.07999999821186066,0.0,0.0,0.0,0.0,0.0,0.0
977,-44.610666666666674,0.0,0.03500000014901161,0.9350000023841858,0.029999999329447746,0.03999999910593033,0.9300000071525574,0.029999999329447746,0.03500000014901161,0.9350000023841858,0.029999999329447746,0.0,0.0,0.0,0.0,0.0,0.0
978,-37.05933333333334,0.0,0.03500000014901161,0.9350000023841858,0.029999999329447746,0.03999999910593033,0.9300000071525574,0.029999999329447746,0.03500000014901161,0.9350000023841858,0.029999999329447746,0.0,0.0,0.0,0.0,0.0,0.0
979,-60.90366666666663,0.0,0.03500000014901161,0.9350000023841858,0.029999999329447746,0.03999999910593033,0.9300000071525574,0.029999999329447746,0.03500000014901161,0.9350000023841858,0.029999999329447746,0.0,0.0,0.0,0.0,0.0,0.0
980,-256.773,0.0,0.08500000089406967,0.8849999904632568,0.029999999329447746,0.08500000089406967,0.8849999904632568,0.029999999329447746,0.8899999856948853,0.029999999329447746,0.07999999821186066,0.0,0.0,0.0,0.0,0.0,0.0
981,-170.92699999999996,0.0,0.03500000014901161,0.9350000023841858,0.029999999329447746,0.03500000014901161,0.9350000023841858,0.029999999329447746,0.03500000014901161,0.9350000023841858,0.029999999329447746,0.0,0.0,0.0,0.0,0.0,0.0
982,-246.21200000000016,0.0,0.03500000014901161,0.029999999329447746,0.9350000023841858,0.03500000014901161,0.9350000023841858,0.029999999329447746,0.03500000014901161,0.9350000023841858,0.029999999329447746,0.0,0.0,0.0,0.0,0.0,0.0
983,-268.7196666666666,0.0,0.03500000014901161,0.029999999329447746,0.9350000023841858,0.03500000014901161,0.9350000023841858,0.029999999329447746,0.9399999976158142,0.029999999329447746,0.029999999329447746,0.0,0.0,0.0,0.0,0.0,0.0
984,-106.5063333333333,0.0,0.03500000014901161,0.9350000023841858,0.029999999329447746,0.03500000014901161,0.9350000023841858,0.029999999329447746,0.9399999976158142,0.029999999329447746,0.029999999329447746,0.0,0.0,0.0,0.0,0.0,0.0
985,-26.344666666666654,0.0,0.03500000014901161,0.9350000023841858,0.029999999329447746,0.03500000014901161,0.9350000023841858,0.029999999329447746,0.03500000014901161,0.9350000023841858,0.029999999329447746,0.0,0.0,0.0,0.0,0.0,0.0
986,-44.771,0.0,0.03500000014901161,0.9350000023841858,0.029999999329447746,0.03500000014901161,0.9350000023841858,0.029999999329447746,0.03500000014901161,0.9350000023841858,0.029999999329447746,0.0,0.0,0.0,0.0,0.0,0.0
987,-54.566333333333326,0.0,0.03500000014901161,0.9350000023841858,0.029999999329447746,0.04500000178813934,0.925000011920929,0.029999999329447746,0.03500000014901161,0.9350000023841858,0.029999999329447746,0.0,0.0,0.0,0.0,0.0,0.0
988,-32.56466666666666,0.0,0.03500000014901161,0.029999999329447746,0.9350000023841858,0.9399999976158142,0.029999999329447746,0.029999999329447746,0.9399999976158142,0.029999999329447746,0.029999999329447746,0.0,0.0,0.0,0.0,0.0,0.0
989,-32.18999999999998,0.0,0.9399999976158142,0.029999999329447746,0.029999999329447746,0.9399999976158142,0.029999999329447746,0.029999999329447746,0.9399999976158142,0.029999999329447746,0.029999999329447746,0.0,0.0,0.0,0.0,0.0,0.0
990,-206.86933333333337,0.0,0.03500000014901161,0.9350000023841858,0.029999999329447746,0.04500000178813934,0.925000011920929,0.029999999329447746,0.03500000014901161,0.9350000023841858,0.029999999329447746,0.0,0.0,0.0,0.0,0.0,0.0
991,-184.13499999999996,0.0,0.03500000014901161,0.9350000023841858,0.029999999329447746,0.03500000014901161,0.9350000023841858,0.029999999329447746,0.03500000014901161,0.9350000023841858,0.029999999329447746,0.0,0.0,0.0,0.0,0.0,0.0
992,-197.76766666666674,0.0,0.03500000014901161,0.029999999329447746,0.9350000023841858,0.03500000014901161,0.029999999329447746,0.9350000023841858,0.9399999976158142,0.029999999329447746,0.029999999329447746,0.0,0.0,0.0,0.0,0.0,0.0
993,-315.73833333333346,0.0,0.03500000014901161,0.029999999329447746,0.9350000023841858,0.03999999910593033,0.029999999329447746,0.9300000071525574,0.03500000014901161,0.9350000023841858,0.029999999329447746,0.0,0.0,0.0,0.0,0.0,0.0
994,-33.12666666666667,0.0,0.03500000014901161,0.9350000023841858,0.029999999329447746,0.03500000014901161,0.9350000023841858,0.029999999329447746,0.03500000014901161,0.9350000023841858,0.029999999329447746,0.0,0.0,0.0,0.0,0.0,0.0
995,-26.264,0.0,0.03500000014901161,0.029999999329447746,0.9350000023841858,0.03500000014901161,0.029999999329447746,0.9350000023841858,0.03500000014901161,0.9350000023841858,0.029999999329447746,0.0,0.0,0.0,0.0,0.0,0.0
996,-237.98766666666677,0.0,0.06499999761581421,0.9049999713897705,0.029999999329447746,0.08500000089406967,0.8799999952316284,0.03500000014901161,0.8849999904632568,0.03500000014901161,0.07999999821186066,0.0,0.0,0.0,0.0,0.0,0.0
997,-446.11766666666654,0.0,0.03500000014901161,0.9350000023841858,0.029999999329447746,0.03500000014901161,0.9350000023841858,0.029999999329447746,0.03500000014901161,0.9350000023841858,0.029999999329447746,0.0,0.0,0.0,0.0,0.0,0.0
998,-179.31866666666664,0.0,0.03500000014901161,0.9350000023841858,0.029999999329447746,0.03500000014901161,0.9350000023841858,0.029999999329447746,0.03500000014901161,0.9350000023841858,0.029999999329447746,0.0,0.0,0.0,0.0,0.0,0.0
999,-298.31699999999995,0.0,0.03500000014901161,0.9350000023841858,0.029999999329447746,0.05000000074505806,0.9200000166893005,0.029999999329447746,0.03500000014901161,0.9350000023841858,0.029999999329447746,0.0,0.0,0.0,0.0,0.0,0.0
1000,-199.06,0.0,0.03500000014901161,0.029999999329447746,0.9350000023841858,0.03500000014901161,0.029999999329447746,0.9350000023841858,0.03500000014901161,0.9350000023841858,0.029999999329447746,0.0,0.0,0.0,0.0,0.0,0.0
1001,-58.53000000000003,0.0,0.03500000014901161,0.9350000023841858,0.029999999329447746,0.05000000074505806,0.9200000166893005,0.029999999329447746,0.03500000014901161,0.9350000023841858,0.029999999329447746,0.0,0.0,0.0,0.0,0.0,0.0
1002,-267.6726666666667,0.0,0.03500000014901161,0.9300000071525574,0.03500000014901161,0.05999999865889549,0.9100000262260437,0.029999999329447746,0.9049999713897705,0.05000000074505806,0.04500000178813934,0.0,0.0,0.0,0.0,0.0,0.0
1003,-44.64833333333335,0.0,0.03500000014901161,0.029999999329447746,0.9350000023841858,0.03500000014901161,0.029999999329447746,0.9350000023841858,0.03500000014901161,0.9350000023841858,0.029999999329447746,0.0,0.0,0.0,0.0,0.0,0.0
1004,-279.94966666666664,0.0,0.06499999761581421,0.8999999761581421,0.03500000014901161,0.07999999821186066,0.8849999904632568,0.03500000014901161,0.8949999809265137,0.029999999329447746,0.07500000298023224,0.0,0.0,0.0,0.0,0.0,0.0
1005,-45.653333333333336,0.0,0.03500000014901161,0.9350000023841858,0.029999999329447746,0.03999999910593033,0.9300000071525574,0.029999999329447746,0.03500000014901161,0.9350000023841858,0.029999999329447746,0.0,0.0,0.0,0.0,0.0,0.0
1006,-226.09966666666685,0.0,0.03500000014901161,0.9350000023841858,0.029999999329447746,0.03500000014901161,0.9350000023841858,0.029999999329447746,0.03500000014901161,0.9350000023841858,0.029999999329447746,0.0,0.0,0.0,0.0,0.0,0.0
1007,-38.71733333333333,0.0,0.03500000014901161,0.9350000023841858,0.029999999329447746,0.03500000014901161,0.9350000023841858,0.029999999329447746,0.03500000014901161,0.9350000023841858,0.029999999329447746,0.0,0.0,0.0,0.0,0.0,0.0
1008,-405.0720000000001,0.0,0.07999999821186066,0.8899999856948853,0.029999999329447746,0.9150000214576721,0.03999999910593033,0.04500000178813934,0.8949999809265137,0.054999999701976776,0.05000000074505806,0.0,0.0,0.0,0.0,0.0,0.0
1009,-55.4953333333333,0.0,0.03500000014901161,0.9350000023841858,0.029999999329447746,0.03999999910593033,0.9300000071525574,0.029999999329447746,0.03500000014901161,0.9350000023841858,0.029999999329447746,0.0,0.0,0.0,0.0,0.0,0.0
1010,-149.45166666666657,0.0,0.07999999821186066,0.8899999856948853,0.029999999329447746,0.8999999761581421,0.05999999865889549,0.03999999910593033,0.8949999809265137,0.03999999910593033,0.06499999761581421,0.0,0.0,0.0,0.0,0.0,0.0
1011,-122.10666666666661,0.0,0.03500000014901161,0.9350000023841858,0.029999999329447746,0.03500000014901161,0.9350000023841858,0.029999999329447746,0.9399999976158142,0.029999999329447746,0.029999999329447746,0.0,0.0,0.0,0.0,0.0,0.0
1012,-173.80500000000006,0.0,0.03500000014901161,0.029999999329447746,0.9350000023841858,0.03500000014901161,0.029999999329447746,0.9350000023841858,0.03500000014901161,0.9350000023841858,0.029999999329447746,0.0,0.0,0.0,0.0,0.0,0.0
1013,-413.8279999999998,0.0,0.08500000089406967,0.8799999952316284,0.03500000014901161,0.09000000357627869,0.8799999952316284,0.029999999329447746,0.8799999952316284,0.029999999329447746,0.09000000357627869,0.0,0.0,0.0,0.0,0.0,0.0
1014,-213.12199999999993,0.0,0.03500000014901161,0.029999999329447746,0.9350000023841858,0.03500000014901161,0.029999999329447746,0.9350000023841858,0.03500000014901161,0.9350000023841858,0.029999999329447746,0.0,0.0,0.0,0.0,0.0,0.0
1015,-365.8316666666667,0.0,0.03500000014901161,0.9350000023841858,0.029999999329447746,0.03500000014901161,0.9350000023841858,0.029999999329447746,0.03500000014901161,0.9350000023841858,0.029999999329447746,0.0,0.0,0.0,0.0,0.0,0.0
1016,-197.10299999999998,0.0,0.04500000178813934,0.8949999809265137,0.05999999865889549,0.07999999821186066,0.8849999904632568,0.03500000014901161,0.8949999809265137,0.029999999329447746,0.07500000298023224,0.0,0.0,0.0,0.0,0.0,0.0
1017,-94.86733333333339,0.0,0.054999999701976776,0.9150000214576721,0.029999999329447746,0.07000000029802322,0.8849999904632568,0.04500000178813934,0.8899999856948853,0.029999999329447746,0.07999999821186066,0.0,0.0,0.0,0.0,0.0,0.0
1018,-37.99733333333333,0.0,0.03500000014901161,0.9350000023841858,0.029999999329447746,0.03500000014901161,0.9350000023841858,0.029999999329447746,0.03500000014901161,0.9350000023841858,0.029999999329447746,0.0,0.0,0.0,0.0,0.0,0.0
1019,-329.5706666666667,0.0,0.09000000357627869,0.8799999952316284,0.029999999329447746,0.07500000298023224,0.8799999952316284,0.04500000178813934,0.8799999952316284,0.03500000014901161,0.08500000089406967,0.0,0.0,0.0,0.0,0.0,0.0
1020,-287.7879999999997,0.0,0.09000000357627869,0.8799999952316284,0.029999999329447746,0.08500000089406967,0.8799999952316284,0.03500000014901161,0.8849999904632568,0.029999999329447746,0.08500000089406967,0.0,0.0,0.0,0.0,0.0,0.0
1021,-198.35166666666683,0.0,0.03500000014901161,0.029999999329447746,0.9350000023841858,0.03500000014901161,0.029999999329447746,0.9350000023841858,0.9399999976158142,0.029999999329447746,0.029999999329447746,0.0,0.0,0.0,0.0,0.0,0.0
1022,-27.620666666666683,0.0,0.03500000014901161,0.9350000023841858,0.029999999329447746,0.03500000014901161,0.9350000023841858,0.029999999329447746,0.03500000014901161,0.9350000023841858,0.029999999329447746,0.0,0.0,0.0,0.0,0.0,0.0
1023,-363.1599999999999,0.0,0.04500000178813934,0.9200000166893005,0.03500000014901161,0.05000000074505806,0.9150000214576721,0.03500000014901161,0.9150000214576721,0.029999999329447746,0.054999999701976776,0.0,0.0,0.0,0.0,0.0,0.0
1024,-188.48933333333332,0.0,0.03500000014901161,0.9350000023841858,0.029999999329447746,0.03500000014901161,0.9350000023841858,0.029999999329447746,0.9399999976158142,0.029999999329447746,0.029999999329447746,0.0,0.0,0.0,0.0,0.0,0.0
1025,-169.47199999999998,0.0,0.03500000014901161,0.9350000023841858,0.029999999329447746,0.04500000178813934,0.925000011920929,0.029999999329447746,0.03500000014901161,0.9350000023841858,0.029999999329447746,0.0,0.0,0.0,0.0,0.0,0.0
1026,-318.37600000000003,0.0,0.03500000014901161,0.9350000023841858,0.029999999329447746,0.03500000014901161,0.9350000023841858,0.029999999329447746,0.03500000014901161,0.9350000023841858,0.029999999329447746,0.0,0.0,0.0,0.0,0.0,0.0
1027,-234.9373333333334,0.0,0.03500000014901161,0.9350000023841858,0.029999999329447746,0.03500000014901161,0.9350000023841858,0.029999999329447746,0.03500000014901161,0.9350000023841858,0.029999999329447746,0.0,0.0,0.0,0.0,0.0,0.0
1028,-99.56333333333333,0.0,0.03500000014901161,0.9350000023841858,0.029999999329447746,0.03500000014901161,0.9350000023841858,0.029999999329447746,0.9399999976158142,0.029999999329447746,0.029999999329447746,0.0,0.0,0.0,0.0,0.0,0.0
1029,-62.33599999999997,0.0,0.04500000178813934,0.925000011920929,0.029999999329447746,0.05999999865889549,0.8899999856948853,0.05000000074505806,0.9100000262260437,0.029999999329447746,0.05999999865889549,0.0,0.0,0.0,0.0,0.0,0.0
1030,-150.16666666666669,0.0,0.03500000014901161,0.9350000023841858,0.029999999329447746,0.03999999910593033,0.9300000071525574,0.029999999329447746,0.925000011920929,0.029999999329447746,0.04500000178813934,0.0,0.0,0.0,0.0,0.0,0.0
1031,-62.60099999999996,0.0,0.03500000014901161,0.9350000023841858,0.029999999329447746,0.03999999910593033,0.9300000071525574,0.029999999329447746,0.03500000014901161,0.9350000023841858,0.029999999329447746,0.0,0.0,0.0,0.0,0.0,0.0
1032,-79.97033333333334,0.0,0.03500000014901161,0.9350000023841858,0.029999999329447746,0.03500000014901161,0.9350000023841858,0.029999999329447746,0.03500000014901161,0.9350000023841858,0.029999999329447746,0.0,0.0,0.0,0.0,0.0,0.0
1033,-31.671666666666695,0.0,0.03500000014901161,0.9350000023841858,0.029999999329447746,0.03500000014901161,0.9350000023841858,0.029999999329447746,0.03500000014901161,0.9350000023841858,0.029999999329447746,0.0,0.0,0.0,0.0,0.0,0.0
1034,-125.02566666666664,0.0,0.03500000014901161,0.9350000023841858,0.029999999329447746,0.04500000178813934,0.925000011920929,0.029999999329447746,0.03500000014901161,0.9350000023841858,0.029999999329447746,0.0,0.0,0.0,0.0,0.0,0.0
1035,-524.4559999999999,0.0,0.03500000014901161,0.9350000023841858,0.029999999329447746,0.04500000178813934,0.925000011920929,0.029999999329447746,0.03500000014901161,0.9350000023841858,0.029999999329447746,0.0,0.0,0.0,0.0,0.0,0.0
1036,-173.48266666666674,0.0,0.054999999701976776,0.9100000262260437,0.03500000014901161,0.05999999865889549,0.03500000014901161,0.9049999713897705,0.9150000214576721,0.029999999329447746,0.054999999701976776,0.0,0.0,0.0,0.0,0.0,0.0
1037,-176.92099999999988,0.0,0.05999999865889549,0.8999999761581421,0.03999999910593033,0.07500000298023224,0.8899999856948853,0.03500000014901161,0.8949999809265137,0.03500000014901161,0.07000000029802322,0.0,0.0,0.0,0.0,0.0,0.0
1038,-272.70000000000005,0.0,0.03500000014901161,0.9300000071525574,0.03500000014901161,0.05000000074505806,0.8999999761581421,0.05000000074505806,0.9049999713897705,0.029999999329447746,0.06499999761581421,0.0,0.0,0.0,0.0,0.0,0.0
1039,-45.13466666666666,0.0,0.03500000014901161,0.9350000023841858,0.029999999329447746,0.03999999910593033,0.925000011920929,0.03500000014901161,0.03500000014901161,0.9350000023841858,0.029999999329447746,0.0,0.0,0.0,0.0,0.0,0.0
1040,-331.81733333333347,0.0,0.07999999821186066,0.8799999952316284,0.03999999910593033,0.07999999821186066,0.8799999952316284,0.03999999910593033,0.8799999952316284,0.029999999329447746,0.09000000357627869,0.0,0.0,0.0,0.0,0.0,0.0
1041,-309.6053333333334,0.0,0.06499999761581421,0.8899999856948853,0.04500000178813934,0.05000000074505806,0.8799999952316284,0.07000000029802322,0.8799999952316284,0.029999999329447746,0.09000000357627869,0.0,0.0,0.0,0.0,0.0,0.0
1042,-53.196000000000005,0.0,0.03999999910593033,0.9300000071525574,0.029999999329447746,0.03999999910593033,0.925000011920929,0.03500000014901161,0.9300000071525574,0.029999999329447746,0.03999999910593033,0.0,0.0,0.0,0.0,0.0,0.0
1043,-175.86200000000005,0.0,0.03500000014901161,0.9350000023841858,0.029999999329447746,0.04500000178813934,0.925000011920929,0.029999999329447746,0.03500000014901161,0.9350000023841858,0.029999999329447746,0.0,0.0,0.0,0.0,0.0,0.0
1044,-33.51366666666667,0.0,0.03500000014901161,0.9350000023841858,0.029999999329447746,0.03500000014901161,0.9350000023841858,0.029999999329447746,0.9399999976158142,0.029999999329447746,0.029999999329447746,0.0,0.0,0.0,0.0,0.0,0.0
1045,-88.02466666666669,0.0,0.03999999910593033,0.9049999713897705,0.054999999701976776,0.07000000029802322,0.8849999904632568,0.04500000178813934,0.8899999856948853,0.03500000014901161,0.07500000298023224,0.0,0.0,0.0,0.0,0.0,0.0
1046,-337.92933333333343,0.0,0.03500000014901161,0.9350000023841858,0.029999999329447746,0.05000000074505806,0.9200000166893005,0.029999999329447746,0.03500000014901161,0.9350000023841858,0.029999999329447746,0.0,0.0,0.0,0.0,0.0,0.0
1047,-104.50166666666672,0.0,0.03500000014901161,0.9350000023841858,0.029999999329447746,0.054999999701976776,0.9049999713897705,0.03999999910593033,0.8999999761581421,0.029999999329447746,0.07000000029802322,0.0,0.0,0.0,0.0,0.0,0.0
1048,-244.93933333333342,0.0,0.03500000014901161,0.9350000023841858,0.029999999329447746,0.03500000014901161,0.9350000023841858,0.029999999329447746,0.03500000014901161,0.9350000023841858,0.029999999329447746,0.0,0.0,0.0,0.0,0.0,0.0
1049,-263.5296666666666,0.0,0.07000000029802322,0.8849999904632568,0.04500000178813934,0.054999999701976776,0.8799999952316284,0.06499999761581421,0.8849999904632568,0.029999999329447746,0.08500000089406967,0.0,0.0,0.0,0.0,0.0,0.0
1050,-396.36166666666674,0.0,0.05999999865889549,0.8849999904632568,0.054999999701976776,0.05999999865889549,0.8799999952316284,0.05999999865889549,0.8849999904632568,0.03999999910593033,0.07500000298023224,0.0,0.0,0.0,0.0,0.0,0.0
1051,-34.042333333333346,0.0,0.03500000014901161,0.9350000023841858,0.029999999329447746,0.03500000014901161,0.9350000023841858,0.029999999329447746,0.03500000014901161,0.9350000023841858,0.029999999329447746,0.0,0.0,0.0,0.0,0.0,0.0
1052,-75.4306666666667,0.0,0.054999999701976776,0.8849999904632568,0.05999999865889549,0.07000000029802322,0.8799999952316284,0.05000000074505806,0.8949999809265137,0.029999999329447746,0.07500000298023224,0.0,0.0,0.0,0.0,0.0,0.0
1053,-221.08933333333334,0.0,0.03500000014901161,0.029999999329447746,0.9350000023841858,0.03999999910593033,0.9300000071525574,0.029999999329447746,0.03500000014901161,0.9350000023841858,0.029999999329447746,0.0,0.0,0.0,0.0,0.0,0.0
1054,-31.112666666666666,0.0,0.03500000014901161,0.9350000023841858,0.029999999329447746,0.03500000014901161,0.9350000023841858,0.029999999329447746,0.03500000014901161,0.9350000023841858,0.029999999329447746,0.0,0.0,0.0,0.0,0.0,0.0
1055,-53.19333333333333,0.0,0.04500000178813934,0.9200000166893005,0.03500000014901161,0.9200000166893005,0.03999999910593033,0.03999999910593033,0.03500000014901161,0.9300000071525574,0.03500000014901161,0.0,0.0,0.0,0.0,0.0,0.0
1056,-591.2520000000001,0.0,0.07500000298023224,0.8799999952316284,0.04500000178813934,0.07500000298023224,0.8799999952316284,0.04500000178813934,0.8849999904632568,0.029999999329447746,0.08500000089406967,0.0,0.0,0.0,0.0,0.0,0.0
1057,-36.82366666666666,0.0,0.9399999976158142,0.029999999329447746,0.029999999329447746,0.9399999976158142,0.029999999329447746,0.029999999329447746,0.9399999976158142,0.029999999329447746,0.029999999329447746,0.0,0.0,0.0,0.0,0.0,0.0
1058,-47.42866666666666,0.0,0.03500000014901161,0.9350000023841858,0.029999999329447746,0.05999999865889549,0.8999999761581421,0.03999999910593033,0.9150000214576721,0.029999999329447746,0.054999999701976776,0.0,0.0,0.0,0.0,0.0,0.0
1059,-48.40433333333331,0.0,0.05000000074505806,0.03500000014901161,0.9150000214576721,0.05000000074505806,0.9150000214576721,0.03500000014901161,0.9200000166893005,0.029999999329447746,0.05000000074505806,0.0,0.0,0.0,0.0,0.0,0.0
1060,-82.14533333333338,0.0,0.03500000014901161,0.9350000023841858,0.029999999329447746,0.03500000014901161,0.9350000023841858,0.029999999329447746,0.03500000014901161,0.9350000023841858,0.029999999329447746,0.0,0.0,0.0,0.0,0.0,0.0
1061,-477.6996666666668,0.0,0.06499999761581421,0.8849999904632568,0.05000000074505806,0.09000000357627869,0.8799999952316284,0.029999999329447746,0.8849999904632568,0.029999999329447746,0.08500000089406967,0.0,0.0,0.0,0.0,0.0,0.0
1062,-196.52699999999993,0.0,0.07999999821186066,0.8799999952316284,0.03999999910593033,0.09000000357627869,0.8799999952316284,0.029999999329447746,0.8849999904632568,0.029999999329447746,0.08500000089406967,0.0,0.0,0.0,0.0,0.0,0.0
1063,-126.89566666666674,0.0,0.03500000014901161,0.9350000023841858,0.029999999329447746,0.03999999910593033,0.9300000071525574,0.029999999329447746,0.03500000014901161,0.9350000023841858,0.029999999329447746,0.0,0.0,0.0,0.0,0.0,0.0
1064,-35.75800000000002,0.0,0.03500000014901161,0.029999999329447746,0.9350000023841858,0.03500000014901161,0.9350000023841858,0.029999999329447746,0.03500000014901161,0.9350000023841858,0.029999999329447746,0.0,0.0,0.0,0.0,0.0,0.0
1065,-179.49099999999996,0.0,0.054999999701976776,0.8899999856948853,0.054999999701976776,0.8999999761581421,0.06499999761581421,0.03500000014901161,0.8949999809265137,0.029999999329447746,0.07500000298023224,0.0,0.0,0.0,0.0,0.0,0.0
1066,-298.75799999999987,0.0,0.054999999701976776,0.8849999904632568,0.05999999865889549,0.09000000357627869,0.8799999952316284,0.029999999329447746,0.8849999904632568,0.03500000014901161,0.07999999821186066,0.0,0.0,0.0,0.0,0.0,0.0
1067,-226.534,0.0,0.054999999701976776,0.8799999952316284,0.06499999761581421,0.8899999856948853,0.07500000298023224,0.03500000014901161,0.8849999904632568,0.029999999329447746,0.08500000089406967,0.0,0.0,0.0,0.0,0.0,0.0
1068,-156.14900000000006,0.0,0.03500000014901161,0.9350000023841858,0.029999999329447746,0.9399999976158142,0.029999999329447746,0.029999999329447746,0.9399999976158142,0.029999999329447746,0.029999999329447746,0.0,0.0,0.0,0.0,0.0,0.0
1069,-250.2346666666666,0.0,0.03500000014901161,0.9350000023841858,0.029999999329447746,0.03500000014901161,0.9350000023841858,0.029999999329447746,0.03500000014901161,0.9350000023841858,0.029999999329447746,0.0,0.0,0.0,0.0,0.0,0.0
1070,-45.64566666666666,0.0,0.03500000014901161,0.9350000023841858,0.029999999329447746,0.05000000074505806,0.9200000166893005,0.029999999329447746,0.03500000014901161,0.9350000023841858,0.029999999329447746,0.0,0.0,0.0,0.0,0.0,0.0
1071,-54.98699999999999,0.0,0.03500000014901161,0.029999999329447746,0.9350000023841858,0.03500000014901161,0.029999999329447746,0.9350000023841858,0.03500000014901161,0.029999999329447746,0.9350000023841858,0.0,0.0,0.0,0.0,0.0,0.0
1072,-76.08666666666663,0.0,0.03500000014901161,0.9350000023841858,0.029999999329447746,0.05000000074505806,0.9200000166893005,0.029999999329447746,0.03500000014901161,0.9350000023841858,0.029999999329447746,0.0,0.0,0.0,0.0,0.0,0.0
1073,-142.1243333333333,0.0,0.03500000014901161,0.9350000023841858,0.029999999329447746,0.03999999910593033,0.9300000071525574,0.029999999329447746,0.03500000014901161,0.9350000023841858,0.029999999329447746,0.0,0.0,0.0,0.0,0.0,0.0
1074,-86.82866666666666,0.0,0.03500000014901161,0.9350000023841858,0.029999999329447746,0.03500000014901161,0.9350000023841858,0.029999999329447746,0.03500000014901161,0.9350000023841858,0.029999999329447746,0.0,0.0,0.0,0.0,0.0,0.0
1075,-36.252,0.0,0.03500000014901161,0.029999999329447746,0.9350000023841858,0.03999999910593033,0.029999999329447746,0.9300000071525574,0.03500000014901161,0.9350000023841858,0.029999999329447746,0.0,0.0,0.0,0.0,0.0,0.0
1076,-159.635,0.0,0.03500000014901161,0.9350000023841858,0.029999999329447746,0.05000000074505806,0.9150000214576721,0.03500000014901161,0.03999999910593033,0.9300000071525574,0.029999999329447746,0.0,0.0,0.0,0.0,0.0,0.0
1077,-32.603000000000016,0.0,0.03500000014901161,0.9350000023841858,0.029999999329447746,0.03500000014901161,0.9350000023841858,0.029999999329447746,0.03500000014901161,0.9350000023841858,0.029999999329447746,0.0,0.0,0.0,0.0,0.0,0.0
1078,-184.24633333333333,0.0,0.07000000029802322,0.8899999856948853,0.03999999910593033,0.07500000298023224,0.8849999904632568,0.03999999910593033,0.8949999809265137,0.03500000014901161,0.07000000029802322,0.0,0.0,0.0,0.0,0.0,0.0
1079,-210.72799999999992,0.0,0.03500000014901161,0.9350000023841858,0.029999999329447746,0.03500000014901161,0.029999999329447746,0.9350000023841858,0.03500000014901161,0.029999999329447746,0.9350000023841858,0.0,0.0,0.0,0.0,0.0,0.0
1080,-39.20799999999997,0.0,0.03500000014901161,0.9350000023841858,0.029999999329447746,0.03500000014901161,0.9350000023841858,0.029999999329447746,0.03500000014901161,0.9350000023841858,0.029999999329447746,0.0,0.0,0.0,0.0,0.0,0.0
1081,-65.37099999999998,0.0,0.03500000014901161,0.9350000023841858,0.029999999329447746,0.03500000014901161,0.9350000023841858,0.029999999329447746,0.03500000014901161,0.9350000023841858,0.029999999329447746,0.0,0.0,0.0,0.0,0.0,0.0
1082,-51.62466666666664,0.0,0.03500000014901161,0.9350000023841858,0.029999999329447746,0.03500000014901161,0.9350000023841858,0.029999999329447746,0.03500000014901161,0.9350000023841858,0.029999999329447746,0.0,0.0,0.0,0.0,0.0,0.0
1083,-309.0256666666666,0.0,0.03500000014901161,0.9350000023841858,0.029999999329447746,0.05000000074505806,0.9200000166893005,0.029999999329447746,0.03500000014901161,0.9350000023841858,0.029999999329447746,0.0,0.0,0.0,0.0,0.0,0.0
1084,-44.1186666666667,0.0,0.03500000014901161,0.9350000023841858,0.029999999329447746,0.03500000014901161,0.9350000023841858,0.029999999329447746,0.03500000014901161,0.9350000023841858,0.029999999329447746,0.0,0.0,0.0,0.0,0.0,0.0
1085,-33.245,0.0,0.03500000014901161,0.9350000023841858,0.029999999329447746,0.03500000014901161,0.9350000023841858,0.029999999329447746,0.03500000014901161,0.9350000023841858,0.029999999329447746,0.0,0.0,0.0,0.0,0.0,0.0
1086,-58.832666666666675,0.0,0.03500000014901161,0.9350000023841858,0.029999999329447746,0.03500000014901161,0.9350000023841858,0.029999999329447746,0.03500000014901161,0.9350000023841858,0.029999999329447746,0.0,0.0,0.0,0.0,0.0,0.0
1087,-53.36600000000004,0.0,0.03500000014901161,0.9350000023841858,0.029999999329447746,0.05000000074505806,0.9150000214576721,0.03500000014901161,0.03500000014901161,0.9300000071525574,0.03500000014901161,0.0,0.0,0.0,0.0,0.0,0.0
1088,-225.38833333333335,0.0,0.03500000014901161,0.9350000023841858,0.029999999329447746,0.03999999910593033,0.9300000071525574,0.029999999329447746,0.03500000014901161,0.9350000023841858,0.029999999329447746,0.0,0.0,0.0,0.0,0.0,0.0
1089,-22.70099999999999,0.0,0.03500000014901161,0.9350000023841858,0.029999999329447746,0.9399999976158142,0.029999999329447746,0.029999999329447746,0.9399999976158142,0.029999999329447746,0.029999999329447746,0.0,0.0,0.0,0.0,0.0,0.0
1090,-97.62266666666669,0.0,0.03500000014901161,0.9350000023841858,0.029999999329447746,0.03500000014901161,0.9350000023841858,0.029999999329447746,0.03500000014901161,0.9350000023841858,0.029999999329447746,0.0,0.0,0.0,0.0,0.0,0.0
1091,-456.66000000000014,0.0,0.09000000357627869,0.8799999952316284,0.029999999329447746,0.07999999821186066,0.8799999952316284,0.03999999910593033,0.8849999904632568,0.029999999329447746,0.08500000089406967,0.0,0.0,0.0,0.0,0.0,0.0
1092,-269.43399999999997,0.0,0.05999999865889549,0.9049999713897705,0.03500000014901161,0.054999999701976776,0.8949999809265137,0.05000000074505806,0.8899999856948853,0.029999999329447746,0.07999999821186066,0.0,0.0,0.0,0.0,0.0,0.0
1093,-43.42200000000002,0.0,0.03500000014901161,0.9350000023841858,0.029999999329447746,0.04500000178813934,0.925000011920929,0.029999999329447746,0.03500000014901161,0.9350000023841858,0.029999999329447746,0.0,0.0,0.0,0.0,0.0,0.0
1094,-40.31533333333334,0.0,0.03500000014901161,0.9350000023841858,0.029999999329447746,0.04500000178813934,0.925000011920929,0.029999999329447746,0.03500000014901161,0.9350000023841858,0.029999999329447746,0.0,0.0,0.0,0.0,0.0,0.0
1095,-275.10200000000003,0.0,0.03500000014901161,0.9350000023841858,0.029999999329447746,0.04500000178813934,0.925000011920929,0.029999999329447746,0.03500000014901161,0.9350000023841858,0.029999999329447746,0.0,0.0,0.0,0.0,0.0,0.0
1096,-483.43299999999994,0.0,0.05000000074505806,0.9150000214576721,0.03500000014901161,0.05999999865889549,0.8999999761581421,0.03999999910593033,0.9049999713897705,0.029999999329447746,0.06499999761581421,0.0,0.0,0.0,0.0,0.0,0.0
1097,-419.70999999999987,0.0,0.05999999865889549,0.8899999856948853,0.05000000074505806,0.06499999761581421,0.8899999856948853,0.04500000178813934,0.8949999809265137,0.03500000014901161,0.07000000029802322,0.0,0.0,0.0,0.0,0.0,0.0
1098,-63.889,0.0,0.03500000014901161,0.9350000023841858,0.029999999329447746,0.05000000074505806,0.9200000166893005,0.029999999329447746,0.03500000014901161,0.9350000023841858,0.029999999329447746,0.0,0.0,0.0,0.0,0.0,0.0
1099,-77.03066666666666,0.0,0.03500000014901161,0.9350000023841858,0.029999999329447746,0.03500000014901161,0.9350000023841858,0.029999999329447746,0.9399999976158142,0.029999999329447746,0.029999999329447746,0.0,0.0,0.0,0.0,0.0,0.0
1100,-39.11666666666665,0.0,0.03500000014901161,0.9350000023841858,0.029999999329447746,0.03500000014901161,0.9350000023841858,0.029999999329447746,0.03500000014901161,0.9350000023841858,0.029999999329447746,0.0,0.0,0.0,0.0,0.0,0.0
1101,-92.87166666666666,0.0,0.03500000014901161,0.9350000023841858,0.029999999329447746,0.05000000074505806,0.9200000166893005,0.029999999329447746,0.03500000014901161,0.9350000023841858,0.029999999329447746,0.0,0.0,0.0,0.0,0.0,0.0
1102,-30.17833333333335,0.0,0.03500000014901161,0.9350000023841858,0.029999999329447746,0.05000000074505806,0.9200000166893005,0.029999999329447746,0.03500000014901161,0.9350000023841858,0.029999999329447746,0.0,0.0,0.0,0.0,0.0,0.0
1103,-248.28966666666665,0.0,0.03500000014901161,0.029999999329447746,0.9350000023841858,0.05000000074505806,0.9200000166893005,0.029999999329447746,0.03500000014901161,0.9350000023841858,0.029999999329447746,0.0,0.0,0.0,0.0,0.0,0.0
1104,-137.30566666666672,0.0,0.03500000014901161,0.9350000023841858,0.029999999329447746,0.03999999910593033,0.9100000262260437,0.05000000074505806,0.9200000166893005,0.03500000014901161,0.04500000178813934,0.0,0.0,0.0,0.0,0.0,0.0
1105,-229.9396666666666,0.0,0.05000000074505806,0.9100000262260437,0.03999999910593033,0.054999999701976776,0.8899999856948853,0.054999999701976776,0.9100000262260437,0.029999999329447746,0.05999999865889549,0.0,0.0,0.0,0.0,0.0,0.0
1106,-120.39100000000003,0.0,0.03500000014901161,0.9350000023841858,0.029999999329447746,0.9399999976158142,0.029999999329447746,0.029999999329447746,0.9399999976158142,0.029999999329447746,0.029999999329447746,0.0,0.0,0.0,0.0,0.0,0.0
1107,-41.87099999999999,0.0,0.03500000014901161,0.9350000023841858,0.029999999329447746,0.04500000178813934,0.925000011920929,0.029999999329447746,0.03500000014901161,0.9350000023841858,0.029999999329447746,0.0,0.0,0.0,0.0,0.0,0.0
1108,-406.07000000000016,0.0,0.07999999821186066,0.8799999952316284,0.03999999910593033,0.05999999865889549,0.8849999904632568,0.054999999701976776,0.8849999904632568,0.029999999329447746,0.08500000089406967,0.0,0.0,0.0,0.0,0.0,0.0
1109,-123.456,0.0,0.03500000014901161,0.9350000023841858,0.029999999329447746,0.03500000014901161,0.9350000023841858,0.029999999329447746,0.9300000071525574,0.029999999329447746,0.03999999910593033,0.0,0.0,0.0,0.0,0.0,0.0
1110,-35.32533333333335,0.0,0.03500000014901161,0.9350000023841858,0.029999999329447746,0.03500000014901161,0.9350000023841858,0.029999999329447746,0.9399999976158142,0.029999999329447746,0.029999999329447746,0.0,0.0,0.0,0.0,0.0,0.0
1111,-52.60600000000002,0.0,0.03500000014901161,0.9350000023841858,0.029999999329447746,0.03500000014901161,0.9350000023841858,0.029999999329447746,0.03500000014901161,0.9350000023841858,0.029999999329447746,0.0,0.0,0.0,0.0,0.0,0.0
1112,-195.03866666666676,0.0,0.03500000014901161,0.9350000023841858,0.029999999329447746,0.05000000074505806,0.9200000166893005,0.029999999329447746,0.03500000014901161,0.9350000023841858,0.029999999329447746,0.0,0.0,0.0,0.0,0.0,0.0
1113,-209.53733333333338,0.0,0.03500000014901161,0.029999999329447746,0.9350000023841858,0.03500000014901161,0.9350000023841858,0.029999999329447746,0.03500000014901161,0.9350000023841858,0.029999999329447746,0.0,0.0,0.0,0.0,0.0,0.0
1114,-121.49299999999998,0.0,0.03500000014901161,0.9350000023841858,0.029999999329447746,0.04500000178813934,0.925000011920929,0.029999999329447746,0.03500000014901161,0.9350000023841858,0.029999999329447746,0.0,0.0,0.0,0.0,0.0,0.0
1115,-207.4093333333333,0.0,0.07000000029802322,0.8799999952316284,0.05000000074505806,0.05999999865889549,0.8799999952316284,0.05999999865889549,0.8899999856948853,0.029999999329447746,0.07999999821186066,0.0,0.0,0.0,0.0,0.0,0.0
1116,-144.37700000000004,0.0,0.06499999761581421,0.8899999856948853,0.04500000178813934,0.05999999865889549,0.8849999904632568,0.054999999701976776,0.8949999809265137,0.029999999329447746,0.07500000298023224,0.0,0.0,0.0,0.0,0.0,0.0
1117,-134.08133333333336,0.0,0.07000000029802322,0.8849999904632568,0.04500000178813934,0.07500000298023224,0.8799999952316284,0.04500000178813934,0.8849999904632568,0.03500000014901161,0.07999999821186066,0.0,0.0,0.0,0.0,0.0,0.0
1118,-200.25966666666665,0.0,0.03500000014901161,0.029999999329447746,0.9350000023841858,0.9350000023841858,0.029999999329447746,0.03500000014901161,0.03500000014901161,0.9350000023841858,0.029999999329447746,0.0,0.0,0.0,0.0,0.0,0.0
1119,-355.44733333333335,0.0,0.04500000178813934,0.9100000262260437,0.04500000178813934,0.04500000178813934,0.9049999713897705,0.05000000074505806,0.9150000214576721,0.03500000014901161,0.05000000074505806,0.0,0.0,0.0,0.0,0.0,0.0
1120,-277.8946666666667,0.0,0.03500000014901161,0.9350000023841858,0.029999999329447746,0.03500000014901161,0.9350000023841858,0.029999999329447746,0.03500000014901161,0.9350000023841858,0.029999999329447746,0.0,0.0,0.0,0.0,0.0,0.0
1121,-222.0586666666667,0.0,0.03500000014901161,0.9350000023841858,0.029999999329447746,0.03999999910593033,0.9300000071525574,0.029999999329447746,0.03500000014901161,0.9350000023841858,0.029999999329447746,0.0,0.0,0.0,0.0,0.0,0.0
1122,-93.5486666666667,0.0,0.9399999976158142,0.029999999329447746,0.029999999329447746,0.9399999976158142,0.029999999329447746,0.029999999329447746,0.9399999976158142,0.029999999329447746,0.029999999329447746,0.0,0.0,0.0,0.0,0.0,0.0
1123,-45.47899999999998,0.0,0.03500000014901161,0.9350000023841858,0.029999999329447746,0.05000000074505806,0.9200000166893005,0.029999999329447746,0.03500000014901161,0.9350000023841858,0.029999999329447746,0.0,0.0,0.0,0.0,0.0,0.0
1124,-477.13666666666694,0.0,0.06499999761581421,0.8949999809265137,0.03999999910593033,0.04500000178813934,0.8899999856948853,0.06499999761581421,0.8949999809265137,0.04500000178813934,0.05999999865889549,0.0,0.0,0.0,0.0,0.0,0.0
1125,-164.34366666666654,0.0,0.03500000014901161,0.9350000023841858,0.029999999329447746,0.04500000178813934,0.925000011920929,0.029999999329447746,0.03500000014901161,0.9350000023841858,0.029999999329447746,0.0,0.0,0.0,0.0,0.0,0.0
1126,-27.12500000000001,0.0,0.03500000014901161,0.9350000023841858,0.029999999329447746,0.03500000014901161,0.9350000023841858,0.029999999329447746,0.03500000014901161,0.9350000023841858,0.029999999329447746,0.0,0.0,0.0,0.0,0.0,0.0
1127,-576.4120000000003,0.0,0.03500000014901161,0.9350000023841858,0.029999999329447746,0.05000000074505806,0.9200000166893005,0.029999999329447746,0.03500000014901161,0.9350000023841858,0.029999999329447746,0.0,0.0,0.0,0.0,0.0,0.0
1128,-153.6503333333332,0.0,0.07999999821186066,0.8799999952316284,0.03999999910593033,0.054999999701976776,0.8799999952316284,0.06499999761581421,0.8899999856948853,0.054999999701976776,0.054999999701976776,0.0,0.0,0.0,0.0,0.0,0.0
1129,-37.49833333333331,0.0,0.03500000014901161,0.9350000023841858,0.029999999329447746,0.03500000014901161,0.9350000023841858,0.029999999329447746,0.03500000014901161,0.9350000023841858,0.029999999329447746,0.0,0.0,0.0,0.0,0.0,0.0
1130,-89.42266666666664,0.0,0.03999999910593033,0.029999999329447746,0.9300000071525574,0.03999999910593033,0.9049999713897705,0.054999999701976776,0.9200000166893005,0.029999999329447746,0.05000000074505806,0.0,0.0,0.0,0.0,0.0,0.0
1131,-40.73600000000001,0.0,0.03500000014901161,0.9350000023841858,0.029999999329447746,0.04500000178813934,0.9200000166893005,0.03500000014901161,0.03999999910593033,0.9300000071525574,0.029999999329447746,0.0,0.0,0.0,0.0,0.0,0.0
1132,-140.64333333333326,0.0,0.06499999761581421,0.8799999952316284,0.054999999701976776,0.04500000178813934,0.8799999952316284,0.07500000298023224,0.8949999809265137,0.03500000014901161,0.07000000029802322,0.0,0.0,0.0,0.0,0.0,0.0
1133,-284.6033333333333,0.0,0.054999999701976776,0.9100000262260437,0.03500000014901161,0.04500000178813934,0.8999999761581421,0.054999999701976776,0.9049999713897705,0.04500000178813934,0.05000000074505806,0.0,0.0,0.0,0.0,0.0,0.0
1134,-230.6060000000001,0.0,0.04500000178813934,0.9100000262260437,0.04500000178813934,0.03999999910593033,0.8899999856948853,0.07000000029802322,0.9049999713897705,0.03500000014901161,0.05999999865889549,0.0,0.0,0.0,0.0,0.0,0.0
1135,-270.21099999999996,0.0,0.06499999761581421,0.8799999952316284,0.054999999701976776,0.04500000178813934,0.8849999904632568,0.07000000029802322,0.8949999809265137,0.03999999910593033,0.06499999761581421,0.0,0.0,0.0,0.0,0.0,0.0
1136,-103.24366666666663,0.0,0.03500000014901161,0.029999999329447746,0.9350000023841858,0.03500000014901161,0.9350000023841858,0.029999999329447746,0.03500000014901161,0.9350000023841858,0.029999999329447746,0.0,0.0,0.0,0.0,0.0,0.0
1137,-50.19233333333334,0.0,0.03500000014901161,0.9350000023841858,0.029999999329447746,0.03999999910593033,0.9300000071525574,0.029999999329447746,0.03500000014901161,0.9350000023841858,0.029999999329447746,0.0,0.0,0.0,0.0,0.0,0.0
1138,-33.216666666666676,0.0,0.03500000014901161,0.029999999329447746,0.9350000023841858,0.03500000014901161,0.9350000023841858,0.029999999329447746,0.9399999976158142,0.029999999329447746,0.029999999329447746,0.0,0.0,0.0,0.0,0.0,0.0
1139,-211.9536666666666,0.0,0.07999999821186066,0.8849999904632568,0.03500000014901161,0.05999999865889549,0.8849999904632568,0.054999999701976776,0.8949999809265137,0.03999999910593033,0.06499999761581421,0.0,0.0,0.0,0.0,0.0,0.0
1140,-26.76666666666665,0.0,0.03500000014901161,0.9350000023841858,0.029999999329447746,0.03999999910593033,0.9300000071525574,0.029999999329447746,0.03500000014901161,0.9350000023841858,0.029999999329447746,0.0,0.0,0.0,0.0,0.0,0.0
1141,-227.02133333333336,0.0,0.03500000014901161,0.9350000023841858,0.029999999329447746,0.03500000014901161,0.9350000023841858,0.029999999329447746,0.03500000014901161,0.9350000023841858,0.029999999329447746,0.0,0.0,0.0,0.0,0.0,0.0
1142,-237.18600000000004,0.0,0.03500000014901161,0.9350000023841858,0.029999999329447746,0.05999999865889549,0.9100000262260437,0.029999999329447746,0.03500000014901161,0.9350000023841858,0.029999999329447746,0.0,0.0,0.0,0.0,0.0,0.0
1143,-86.40199999999999,0.0,0.03500000014901161,0.9350000023841858,0.029999999329447746,0.03500000014901161,0.9350000023841858,0.029999999329447746,0.03500000014901161,0.9350000023841858,0.029999999329447746,0.0,0.0,0.0,0.0,0.0,0.0
1144,-121.30833333333331,0.0,0.03500000014901161,0.9350000023841858,0.029999999329447746,0.03500000014901161,0.9350000023841858,0.029999999329447746,0.9399999976158142,0.029999999329447746,0.029999999329447746,0.0,0.0,0.0,0.0,0.0,0.0
1145,-205.13666666666683,0.0,0.03999999910593033,0.9150000214576721,0.04500000178813934,0.054999999701976776,0.9100000262260437,0.03500000014901161,0.9049999713897705,0.05000000074505806,0.04500000178813934,0.0,0.0,0.0,0.0,0.0,0.0
1146,-226.55033333333319,0.0,0.03500000014901161,0.9350000023841858,0.029999999329447746,0.03500000014901161,0.9350000023841858,0.029999999329447746,0.03500000014901161,0.9350000023841858,0.029999999329447746,0.0,0.0,0.0,0.0,0.0,0.0
1147,-149.3776666666667,0.0,0.05999999865889549,0.9049999713897705,0.03500000014901161,0.06499999761581421,0.9049999713897705,0.029999999329447746,0.9100000262260437,0.04500000178813934,0.04500000178813934,0.0,0.0,0.0,0.0,0.0,0.0
1148,-93.33566666666664,0.0,0.03500000014901161,0.9350000023841858,0.029999999329447746,0.03500000014901161,0.9350000023841858,0.029999999329447746,0.03500000014901161,0.9350000023841858,0.029999999329447746,0.0,0.0,0.0,0.0,0.0,0.0
1149,-176.333,0.0,0.03500000014901161,0.9350000023841858,0.029999999329447746,0.04500000178813934,0.925000011920929,0.029999999329447746,0.03500000014901161,0.9350000023841858,0.029999999329447746,0.0,0.0,0.0,0.0,0.0,0.0
1150,-67.58733333333333,0.0,0.03500000014901161,0.9350000023841858,0.029999999329447746,0.03999999910593033,0.9300000071525574,0.029999999329447746,0.03500000014901161,0.9350000023841858,0.029999999329447746,0.0,0.0,0.0,0.0,0.0,0.0
1151,-47.87499999999997,0.0,0.03500000014901161,0.9350000023841858,0.029999999329447746,0.03999999910593033,0.9300000071525574,0.029999999329447746,0.03500000014901161,0.9350000023841858,0.029999999329447746,0.0,0.0,0.0,0.0,0.0,0.0
1152,-230.9293333333334,0.0,0.04500000178813934,0.8899999856948853,0.06499999761581421,0.07500000298023224,0.8899999856948853,0.03500000014901161,0.8949999809265137,0.04500000178813934,0.05999999865889549,0.0,0.0,0.0,0.0,0.0,0.0
1153,-335.67133333333334,0.0,0.03500000014901161,0.9350000023841858,0.029999999329447746,0.04500000178813934,0.925000011920929,0.029999999329447746,0.03500000014901161,0.9350000023841858,0.029999999329447746,0.0,0.0,0.0,0.0,0.0,0.0
1154,-34.214000000000006,0.0,0.03500000014901161,0.9350000023841858,0.029999999329447746,0.03999999910593033,0.9300000071525574,0.029999999329447746,0.03500000014901161,0.9350000023841858,0.029999999329447746,0.0,0.0,0.0,0.0,0.0,0.0
1155,-101.25433333333342,0.0,0.03500000014901161,0.9350000023841858,0.029999999329447746,0.03999999910593033,0.9300000071525574,0.029999999329447746,0.03500000014901161,0.9350000023841858,0.029999999329447746,0.0,0.0,0.0,0.0,0.0,0.0
1156,-37.12966666666667,0.0,0.03500000014901161,0.9350000023841858,0.029999999329447746,0.03500000014901161,0.9350000023841858,0.029999999329447746,0.03500000014901161,0.9350000023841858,0.029999999329447746,0.0,0.0,0.0,0.0,0.0,0.0
1157,-307.42900000000014,0.0,0.04500000178813934,0.8849999904632568,0.07000000029802322,0.09000000357627869,0.8799999952316284,0.029999999329447746,0.8849999904632568,0.05000000074505806,0.06499999761581421,0.0,0.0,0.0,0.0,0.0,0.0
1158,-38.42366666666666,0.0,0.03500000014901161,0.9350000023841858,0.029999999329447746,0.03999999910593033,0.9300000071525574,0.029999999329447746,0.03500000014901161,0.9350000023841858,0.029999999329447746,0.0,0.0,0.0,0.0,0.0,0.0
1159,-222.36166666666676,0.0,0.03500000014901161,0.9350000023841858,0.029999999329447746,0.03500000014901161,0.9350000023841858,0.029999999329447746,0.9399999976158142,0.029999999329447746,0.029999999329447746,0.0,0.0,0.0,0.0,0.0,0.0
1160,-49.11299999999999,0.0,0.03999999910593033,0.9300000071525574,0.029999999329447746,0.06499999761581421,0.8999999761581421,0.03500000014901161,0.9100000262260437,0.03999999910593033,0.05000000074505806,0.0,0.0,0.0,0.0,0.0,0.0
1161,-293.79933333333327,0.0,0.03500000014901161,0.029999999329447746,0.9350000023841858,0.03500000014901161,0.029999999329447746,0.9350000023841858,0.03500000014901161,0.029999999329447746,0.9350000023841858,0.0,0.0,0.0,0.0,0.0,0.0
1162,-125.83566666666664,0.0,0.03500000014901161,0.9350000023841858,0.029999999329447746,0.05000000074505806,0.9200000166893005,0.029999999329447746,0.03500000014901161,0.9350000023841858,0.029999999329447746,0.0,0.0,0.0,0.0,0.0,0.0
1163,-324.2853333333333,0.0,0.03999999910593033,0.9150000214576721,0.04500000178813934,0.054999999701976776,0.9100000262260437,0.03500000014901161,0.9150000214576721,0.03500000014901161,0.05000000074505806,0.0,0.0,0.0,0.0,0.0,0.0
1164,-95.506,0.0,0.03500000014901161,0.9350000023841858,0.029999999329447746,0.03500000014901161,0.9350000023841858,0.029999999329447746,0.03500000014901161,0.9350000023841858,0.029999999329447746,0.0,0.0,0.0,0.0,0.0,0.0
1165,-38.22833333333333,0.0,0.03500000014901161,0.9350000023841858,0.029999999329447746,0.03999999910593033,0.9300000071525574,0.029999999329447746,0.03500000014901161,0.9350000023841858,0.029999999329447746,0.0,0.0,0.0,0.0,0.0,0.0
1166,-72.24799999999999,0.0,0.03500000014901161,0.9350000023841858,0.029999999329447746,0.054999999701976776,0.9150000214576721,0.029999999329447746,0.03999999910593033,0.9300000071525574,0.029999999329447746,0.0,0.0,0.0,0.0,0.0,0.0
1167,-170.79899999999995,0.0,0.03500000014901161,0.9350000023841858,0.029999999329447746,0.03500000014901161,0.9350000023841858,0.029999999329447746,0.03500000014901161,0.9350000023841858,0.029999999329447746,0.0,0.0,0.0,0.0,0.0,0.0
1168,-91.27600000000002,0.0,0.03500000014901161,0.9350000023841858,0.029999999329447746,0.04500000178813934,0.925000011920929,0.029999999329447746,0.03500000014901161,0.9350000023841858,0.029999999329447746,0.0,0.0,0.0,0.0,0.0,0.0
1169,-51.893333333333345,0.0,0.03500000014901161,0.9350000023841858,0.029999999329447746,0.05000000074505806,0.9200000166893005,0.029999999329447746,0.03500000014901161,0.9350000023841858,0.029999999329447746,0.0,0.0,0.0,0.0,0.0,0.0
1170,-76.88466666666666,0.0,0.03500000014901161,0.925000011920929,0.03999999910593033,0.05000000074505806,0.9200000166893005,0.029999999329447746,0.9200000166893005,0.03500000014901161,0.04500000178813934,0.0,0.0,0.0,0.0,0.0,0.0
1171,-30.596666666666664,0.0,0.03500000014901161,0.9350000023841858,0.029999999329447746,0.03500000014901161,0.9350000023841858,0.029999999329447746,0.03500000014901161,0.9350000023841858,0.029999999329447746,0.0,0.0,0.0,0.0,0.0,0.0
1172,-191.9606666666666,0.0,0.03500000014901161,0.9350000023841858,0.029999999329447746,0.03500000014901161,0.9350000023841858,0.029999999329447746,0.9399999976158142,0.029999999329447746,0.029999999329447746,0.0,0.0,0.0,0.0,0.0,0.0
1173,-123.51900000000005,0.0,0.04500000178813934,0.8999999761581421,0.054999999701976776,0.07999999821186066,0.8899999856948853,0.029999999329447746,0.8949999809265137,0.05999999865889549,0.04500000178813934,0.0,0.0,0.0,0.0,0.0,0.0
1174,-36.62566666666666,0.0,0.03500000014901161,0.9350000023841858,0.029999999329447746,0.03500000014901161,0.9350000023841858,0.029999999329447746,0.9399999976158142,0.029999999329447746,0.029999999329447746,0.0,0.0,0.0,0.0,0.0,0.0
1175,-78.09733333333334,0.0,0.03500000014901161,0.9350000023841858,0.029999999329447746,0.03500000014901161,0.9350000023841858,0.029999999329447746,0.03500000014901161,0.9350000023841858,0.029999999329447746,0.0,0.0,0.0,0.0,0.0,0.0
1176,-247.74300000000005,0.0,0.03500000014901161,0.9350000023841858,0.029999999329447746,0.03500000014901161,0.9350000023841858,0.029999999329447746,0.9399999976158142,0.029999999329447746,0.029999999329447746,0.0,0.0,0.0,0.0,0.0,0.0
1177,-149.58733333333336,0.0,0.03500000014901161,0.9350000023841858,0.029999999329447746,0.04500000178813934,0.925000011920929,0.029999999329447746,0.03500000014901161,0.9350000023841858,0.029999999329447746,0.0,0.0,0.0,0.0,0.0,0.0
1178,-433.89633333333325,0.0,0.03500000014901161,0.8799999952316284,0.08500000089406967,0.09000000357627869,0.8799999952316284,0.029999999329447746,0.8849999904632568,0.05999999865889549,0.054999999701976776,0.0,0.0,0.0,0.0,0.0,0.0
1179,-99.10733333333336,0.0,0.03500000014901161,0.9350000023841858,0.029999999329447746,0.03999999910593033,0.9300000071525574,0.029999999329447746,0.9350000023841858,0.03500000014901161,0.029999999329447746,0.0,0.0,0.0,0.0,0.0,0.0
1180,-115.42566666666664,0.0,0.03500000014901161,0.9350000023841858,0.029999999329447746,0.04500000178813934,0.925000011920929,0.029999999329447746,0.925000011920929,0.03999999910593033,0.03500000014901161,0.0,0.0,0.0,0.0,0.0,0.0
1181,-381.577,0.0,0.03500000014901161,0.875,0.09000000357627869,0.08500000089406967,0.8799999952316284,0.03500000014901161,0.8849999904632568,0.05999999865889549,0.054999999701976776,0.0,0.0,0.0,0.0,0.0,0.0
1182,-291.6010000000001,0.0,0.03500000014901161,0.875,0.09000000357627869,0.08500000089406967,0.8799999952316284,0.03500000014901161,0.8849999904632568,0.05999999865889549,0.054999999701976776,0.0,0.0,0.0,0.0,0.0,0.0
1183,-44.45366666666668,0.0,0.03500000014901161,0.9350000023841858,0.029999999329447746,0.04500000178813934,0.8999999761581421,0.054999999701976776,0.9300000071525574,0.03500000014901161,0.03500000014901161,0.0,0.0,0.0,0.0,0.0,0.0
1184,-274.5226666666665,0.0,0.03500000014901161,0.8899999856948853,0.07500000298023224,0.06499999761581421,0.8899999856948853,0.04500000178813934,0.8949999809265137,0.04500000178813934,0.05999999865889549,0.0,0.0,0.0,0.0,0.0,0.0
1185,-43.089,0.0,0.03500000014901161,0.029999999329447746,0.9350000023841858,0.03500000014901161,0.029999999329447746,0.9350000023841858,0.03500000014901161,0.9350000023841858,0.029999999329447746,0.0,0.0,0.0,0.0,0.0,0.0
1186,-303.9803333333334,0.0,0.03500000014901161,0.9350000023841858,0.029999999329447746,0.03999999910593033,0.9300000071525574,0.029999999329447746,0.03500000014901161,0.9350000023841858,0.029999999329447746,0.0,0.0,0.0,0.0,0.0,0.0
1187,-101.99366666666666,0.0,0.03500000014901161,0.9350000023841858,0.029999999329447746,0.03999999910593033,0.9300000071525574,0.029999999329447746,0.03500000014901161,0.9350000023841858,0.029999999329447746,0.0,0.0,0.0,0.0,0.0,0.0
1188,-175.0206666666665,0.0,0.9399999976158142,0.029999999329447746,0.029999999329447746,0.9399999976158142,0.029999999329447746,0.029999999329447746,0.9399999976158142,0.029999999329447746,0.029999999329447746,0.0,0.0,0.0,0.0,0.0,0.0
1189,-38.23666666666666,0.0,0.03500000014901161,0.925000011920929,0.03999999910593033,0.03999999910593033,0.925000011920929,0.03500000014901161,0.9300000071525574,0.03999999910593033,0.029999999329447746,0.0,0.0,0.0,0.0,0.0,0.0
1190,-81.65800000000002,0.0,0.03500000014901161,0.9350000023841858,0.029999999329447746,0.9399999976158142,0.029999999329447746,0.029999999329447746,0.9399999976158142,0.029999999329447746,0.029999999329447746,0.0,0.0,0.0,0.0,0.0,0.0
1191,-432.2236666666668,0.0,0.03500000014901161,0.029999999329447746,0.9350000023841858,0.03500000014901161,0.029999999329447746,0.9350000023841858,0.03500000014901161,0.029999999329447746,0.9350000023841858,0.0,0.0,0.0,0.0,0.0,0.0
1192,-177.16833333333332,0.0,0.9399999976158142,0.029999999329447746,0.029999999329447746,0.9399999976158142,0.029999999329447746,0.029999999329447746,0.9399999976158142,0.029999999329447746,0.029999999329447746,0.0,0.0,0.0,0.0,0.0,0.0
1193,-34.11199999999998,0.0,0.03500000014901161,0.9350000023841858,0.029999999329447746,0.03500000014901161,0.9350000023841858,0.029999999329447746,0.9399999976158142,0.029999999329447746,0.029999999329447746,0.0,0.0,0.0,0.0,0.0,0.0
1194,-162.95933333333335,0.0,0.03500000014901161,0.029999999329447746,0.9350000023841858,0.03500000014901161,0.9350000023841858,0.029999999329447746,0.9399999976158142,0.029999999329447746,0.029999999329447746,0.0,0.0,0.0,0.0,0.0,0.0
1195,-83.98966666666665,0.0,0.03500000014901161,0.9350000023841858,0.029999999329447746,0.03500000014901161,0.9350000023841858,0.029999999329447746,0.03500000014901161,0.9350000023841858,0.029999999329447746,0.0,0.0,0.0,0.0,0.0,0.0
1196,-126.99833333333338,0.0,0.03500000014901161,0.9350000023841858,0.029999999329447746,0.04500000178813934,0.9200000166893005,0.03500000014901161,0.03999999910593033,0.9300000071525574,0.029999999329447746,0.0,0.0,0.0,0.0,0.0,0.0
1197,-245.14966666666658,0.0,0.03500000014901161,0.9350000023841858,0.029999999329447746,0.04500000178813934,0.925000011920929,0.029999999329447746,0.03500000014901161,0.9350000023841858,0.029999999329447746,0.0,0.0,0.0,0.0,0.0,0.0
1198,-123.08933333333333,0.0,0.925000011920929,0.03500000014901161,0.03999999910593033,0.9399999976158142,0.029999999329447746,0.029999999329447746,0.9399999976158142,0.029999999329447746,0.029999999329447746,0.0,0.0,0.0,0.0,0.0,0.0
1199,-75.81166666666665,0.0,0.05000000074505806,0.8899999856948853,0.05999999865889549,0.08500000089406967,0.8799999952316284,0.03500000014901161,0.8949999809265137,0.05000000074505806,0.054999999701976776,0.0,0.0,0.0,0.0,0.0,0.0
1200,-342.2226666666667,0.0,0.03500000014901161,0.9200000166893005,0.04500000178813934,0.07000000029802322,0.8799999952316284,0.05000000074505806,0.9100000262260437,0.04500000178813934,0.04500000178813934,0.0,0.0,0.0,0.0,0.0,0.0
1201,-82.05100000000006,0.0,0.03500000014901161,0.9350000023841858,0.029999999329447746,0.03500000014901161,0.9350000023841858,0.029999999329447746,0.03500000014901161,0.9350000023841858,0.029999999329447746,0.0,0.0,0.0,0.0,0.0,0.0
1202,-21.59066666666666,0.0,0.03500000014901161,0.9350000023841858,0.029999999329447746,0.03500000014901161,0.9350000023841858,0.029999999329447746,0.03500000014901161,0.9350000023841858,0.029999999329447746,0.0,0.0,0.0,0.0,0.0,0.0
1203,-366.86566666666675,0.0,0.03500000014901161,0.029999999329447746,0.9350000023841858,0.05000000074505806,0.9200000166893005,0.029999999329447746,0.03500000014901161,0.9350000023841858,0.029999999329447746,0.0,0.0,0.0,0.0,0.0,0.0
1204,-53.798666666666676,0.0,0.03500000014901161,0.9350000023841858,0.029999999329447746,0.05000000074505806,0.9200000166893005,0.029999999329447746,0.03500000014901161,0.9350000023841858,0.029999999329447746,0.0,0.0,0.0,0.0,0.0,0.0
1205,-200.73199999999989,0.0,0.03500000014901161,0.9350000023841858,0.029999999329447746,0.03500000014901161,0.9350000023841858,0.029999999329447746,0.03500000014901161,0.9350000023841858,0.029999999329447746,0.0,0.0,0.0,0.0,0.0,0.0
1206,-177.36466666666664,0.0,0.03500000014901161,0.9350000023841858,0.029999999329447746,0.03500000014901161,0.9350000023841858,0.029999999329447746,0.03500000014901161,0.9350000023841858,0.029999999329447746,0.0,0.0,0.0,0.0,0.0,0.0
1207,-40.87666666666671,0.0,0.03500000014901161,0.9350000023841858,0.029999999329447746,0.03500000014901161,0.9350000023841858,0.029999999329447746,0.03500000014901161,0.9350000023841858,0.029999999329447746,0.0,0.0,0.0,0.0,0.0,0.0
1208,-216.0556666666667,0.0,0.03500000014901161,0.9350000023841858,0.029999999329447746,0.03500000014901161,0.9350000023841858,0.029999999329447746,0.9399999976158142,0.029999999329447746,0.029999999329447746,0.0,0.0,0.0,0.0,0.0,0.0
1209,-67.1896666666667,0.0,0.06499999761581421,0.8949999809265137,0.03999999910593033,0.9200000166893005,0.03500000014901161,0.04500000178813934,0.9399999976158142,0.029999999329447746,0.029999999329447746,0.0,0.0,0.0,0.0,0.0,0.0
1210,-185.4323333333333,0.0,0.03500000014901161,0.9350000023841858,0.029999999329447746,0.03500000014901161,0.925000011920929,0.03999999910593033,0.9300000071525574,0.029999999329447746,0.03999999910593033,0.0,0.0,0.0,0.0,0.0,0.0
1211,-55.65966666666667,0.0,0.03500000014901161,0.9350000023841858,0.029999999329447746,0.03500000014901161,0.9350000023841858,0.029999999329447746,0.03500000014901161,0.9350000023841858,0.029999999329447746,0.0,0.0,0.0,0.0,0.0,0.0
1212,-265.5436666666668,0.0,0.03500000014901161,0.9350000023841858,0.029999999329447746,0.03500000014901161,0.9350000023841858,0.029999999329447746,0.03500000014901161,0.9350000023841858,0.029999999329447746,0.0,0.0,0.0,0.0,0.0,0.0
1213,-92.19066666666667,0.0,0.03500000014901161,0.9350000023841858,0.029999999329447746,0.04500000178813934,0.925000011920929,0.029999999329447746,0.03500000014901161,0.9350000023841858,0.029999999329447746,0.0,0.0,0.0,0.0,0.0,0.0
1214,-341.8483333333333,0.0,0.03500000014901161,0.8799999952316284,0.08500000089406967,0.05999999865889549,0.8799999952316284,0.05999999865889549,0.8849999904632568,0.05999999865889549,0.054999999701976776,0.0,0.0,0.0,0.0,0.0,0.0
1215,-69.40599999999999,0.0,0.03500000014901161,0.9200000166893005,0.04500000178813934,0.925000011920929,0.03500000014901161,0.03999999910593033,0.9300000071525574,0.029999999329447746,0.03999999910593033,0.0,0.0,0.0,0.0,0.0,0.0
1216,-165.51566666666665,0.0,0.054999999701976776,0.8949999809265137,0.05000000074505806,0.05000000074505806,0.8799999952316284,0.07000000029802322,0.8849999904632568,0.05000000074505806,0.06499999761581421,0.0,0.0,0.0,0.0,0.0,0.0
1217,-305.50500000000017,0.0,0.03500000014901161,0.8799999952316284,0.08500000089406967,0.054999999701976776,0.8799999952316284,0.06499999761581421,0.8799999952316284,0.054999999701976776,0.06499999761581421,0.0,0.0,0.0,0.0,0.0,0.0
1218,-70.94033333333334,0.0,0.03500000014901161,0.9350000023841858,0.029999999329447746,0.03500000014901161,0.9350000023841858,0.029999999329447746,0.03500000014901161,0.9350000023841858,0.029999999329447746,0.0,0.0,0.0,0.0,0.0,0.0
1219,-383.4913333333336,0.0,0.054999999701976776,0.8849999904632568,0.05999999865889549,0.05999999865889549,0.8799999952316284,0.05999999865889549,0.8849999904632568,0.05000000074505806,0.06499999761581421,0.0,0.0,0.0,0.0,0.0,0.0
1220,-298.1433333333334,0.0,0.03500000014901161,0.9350000023841858,0.029999999329447746,0.03999999910593033,0.9300000071525574,0.029999999329447746,0.9350000023841858,0.029999999329447746,0.03500000014901161,0.0,0.0,0.0,0.0,0.0,0.0
1221,-54.471666666666636,0.0,0.03500000014901161,0.9350000023841858,0.029999999329447746,0.05000000074505806,0.9200000166893005,0.029999999329447746,0.03500000014901161,0.9350000023841858,0.029999999329447746,0.0,0.0,0.0,0.0,0.0,0.0
1222,-301.3636666666668,0.0,0.03500000014901161,0.9350000023841858,0.029999999329447746,0.03999999910593033,0.9300000071525574,0.029999999329447746,0.925000011920929,0.03500000014901161,0.03999999910593033,0.0,0.0,0.0,0.0,0.0,0.0
1223,-413.5976666666668,0.0,0.03500000014901161,0.029999999329447746,0.9350000023841858,0.03500000014901161,0.9350000023841858,0.029999999329447746,0.03500000014901161,0.9350000023841858,0.029999999329447746,0.0,0.0,0.0,0.0,0.0,0.0
1224,-141.75400000000002,0.0,0.03500000014901161,0.9350000023841858,0.029999999329447746,0.9399999976158142,0.029999999329447746,0.029999999329447746,0.9399999976158142,0.029999999329447746,0.029999999329447746,0.0,0.0,0.0,0.0,0.0,0.0
1225,-193.15633333333332,0.0,0.03500000014901161,0.9350000023841858,0.029999999329447746,0.03500000014901161,0.9350000023841858,0.029999999329447746,0.9399999976158142,0.029999999329447746,0.029999999329447746,0.0,0.0,0.0,0.0,0.0,0.0
1226,-275.657,0.0,0.03500000014901161,0.029999999329447746,0.9350000023841858,0.04500000178813934,0.029999999329447746,0.925000011920929,0.03500000014901161,0.9350000023841858,0.029999999329447746,0.0,0.0,0.0,0.0,0.0,0.0
1227,-71.13433333333336,0.0,0.03500000014901161,0.9350000023841858,0.029999999329447746,0.03500000014901161,0.9350000023841858,0.029999999329447746,0.03500000014901161,0.9350000023841858,0.029999999329447746,0.0,0.0,0.0,0.0,0.0,0.0
1228,-129.65166666666667,0.0,0.03500000014901161,0.9350000023841858,0.029999999329447746,0.03999999910593033,0.9300000071525574,0.029999999329447746,0.03500000014901161,0.9350000023841858,0.029999999329447746,0.0,0.0,0.0,0.0,0.0,0.0
1229,-86.15733333333334,0.0,0.03500000014901161,0.9350000023841858,0.029999999329447746,0.04500000178813934,0.925000011920929,0.029999999329447746,0.03500000014901161,0.9350000023841858,0.029999999329447746,0.0,0.0,0.0,0.0,0.0,0.0
1230,-76.56500000000001,0.0,0.03999999910593033,0.9300000071525574,0.029999999329447746,0.04500000178813934,0.925000011920929,0.029999999329447746,0.03500000014901161,0.9300000071525574,0.03500000014901161,0.0,0.0,0.0,0.0,0.0,0.0
1231,-484.35433333333333,0.0,0.03500000014901161,0.9100000262260437,0.054999999701976776,0.04500000178813934,0.9100000262260437,0.04500000178813934,0.9150000214576721,0.03500000014901161,0.05000000074505806,0.0,0.0,0.0,0.0,0.0,0.0
1232,-247.97033333333331,0.0,0.03500000014901161,0.9350000023841858,0.029999999329447746,0.03999999910593033,0.9300000071525574,0.029999999329447746,0.03500000014901161,0.9350000023841858,0.029999999329447746,0.0,0.0,0.0,0.0,0.0,0.0
1233,-286.49833333333333,0.0,0.9300000071525574,0.029999999329447746,0.03999999910593033,0.9399999976158142,0.029999999329447746,0.029999999329447746,0.9399999976158142,0.029999999329447746,0.029999999329447746,0.0,0.0,0.0,0.0,0.0,0.0
1234,-46.38066666666666,0.0,0.03500000014901161,0.9350000023841858,0.029999999329447746,0.03500000014901161,0.9350000023841858,0.029999999329447746,0.03500000014901161,0.9350000023841858,0.029999999329447746,0.0,0.0,0.0,0.0,0.0,0.0
1235,-25.56633333333335,0.0,0.03500000014901161,0.9350000023841858,0.029999999329447746,0.03500000014901161,0.9350000023841858,0.029999999329447746,0.03500000014901161,0.9350000023841858,0.029999999329447746,0.0,0.0,0.0,0.0,0.0,0.0
1236,-294.0563333333333,0.0,0.03500000014901161,0.9350000023841858,0.029999999329447746,0.04500000178813934,0.925000011920929,0.029999999329447746,0.03500000014901161,0.9350000023841858,0.029999999329447746,0.0,0.0,0.0,0.0,0.0,0.0
1237,-310.79566666666665,0.0,0.03999999910593033,0.9300000071525574,0.029999999329447746,0.03999999910593033,0.9200000166893005,0.03999999910593033,0.9150000214576721,0.04500000178813934,0.03999999910593033,0.0,0.0,0.0,0.0,0.0,0.0
1238,-38.522000000000006,0.0,0.03500000014901161,0.9350000023841858,0.029999999329447746,0.03500000014901161,0.9350000023841858,0.029999999329447746,0.03500000014901161,0.9350000023841858,0.029999999329447746,0.0,0.0,0.0,0.0,0.0,0.0
1239,-114.17499999999997,0.0,0.03500000014901161,0.9350000023841858,0.029999999329447746,0.03500000014901161,0.9350000023841858,0.029999999329447746,0.9399999976158142,0.029999999329447746,0.029999999329447746,0.0,0.0,0.0,0.0,0.0,0.0
1240,-204.17533333333333,0.0,0.03500000014901161,0.9350000023841858,0.029999999329447746,0.03999999910593033,0.9300000071525574,0.029999999329447746,0.03500000014901161,0.9350000023841858,0.029999999329447746,0.0,0.0,0.0,0.0,0.0,0.0
1241,-235.52900000000002,0.0,0.03500000014901161,0.029999999329447746,0.9350000023841858,0.03500000014901161,0.9350000023841858,0.029999999329447746,0.03500000014901161,0.9350000023841858,0.029999999329447746,0.0,0.0,0.0,0.0,0.0,0.0
1242,-95.87933333333325,0.0,0.03500000014901161,0.9350000023841858,0.029999999329447746,0.03500000014901161,0.9350000023841858,0.029999999329447746,0.03500000014901161,0.9350000023841858,0.029999999329447746,0.0,0.0,0.0,0.0,0.0,0.0
1243,-161.76166666666666,0.0,0.9399999976158142,0.029999999329447746,0.029999999329447746,0.9399999976158142,0.029999999329447746,0.029999999329447746,0.9399999976158142,0.029999999329447746,0.029999999329447746,0.0,0.0,0.0,0.0,0.0,0.0
1244,-198.8889999999999,0.0,0.03500000014901161,0.925000011920929,0.03999999910593033,0.03999999910593033,0.9200000166893005,0.03999999910593033,0.9200000166893005,0.04500000178813934,0.03500000014901161,0.0,0.0,0.0,0.0,0.0,0.0
1245,-36.555666666666674,0.0,0.03500000014901161,0.9350000023841858,0.029999999329447746,0.03500000014901161,0.9350000023841858,0.029999999329447746,0.03500000014901161,0.9350000023841858,0.029999999329447746,0.0,0.0,0.0,0.0,0.0,0.0
1246,-99.78533333333338,0.0,0.03500000014901161,0.9350000023841858,0.029999999329447746,0.054999999701976776,0.9150000214576721,0.029999999329447746,0.03500000014901161,0.9350000023841858,0.029999999329447746,0.0,0.0,0.0,0.0,0.0,0.0
1247,-368.0713333333335,0.0,0.06499999761581421,0.8849999904632568,0.05000000074505806,0.054999999701976776,0.8799999952316284,0.06499999761581421,0.8849999904632568,0.05999999865889549,0.054999999701976776,0.0,0.0,0.0,0.0,0.0,0.0
1248,-307.37200000000007,0.0,0.03500000014901161,0.9350000023841858,0.029999999329447746,0.9300000071525574,0.029999999329447746,0.03999999910593033,0.9399999976158142,0.029999999329447746,0.029999999329447746,0.0,0.0,0.0,0.0,0.0,0.0
1249,-173.00499999999997,0.0,0.04500000178813934,0.05000000074505806,0.9049999713897705,0.8999999761581421,0.03500000014901161,0.06499999761581421,0.9150000214576721,0.054999999701976776,0.029999999329447746,0.0,0.0,0.0,0.0,0.0,0.0
